domain,topic_slug,topic_title,learning_unit,resource_title,provider,role,resource_type,url,exactness,boundary_type,start_boundary,end_boundary,estimated_minutes,estimate_confidence,verification_status,learner_visible
CS Foundations,cf-bits-and-bytes,Bits and bytes,cf-bits-and-bytes-core,CS50x 2026 — Lecture 0 (Scratch),CS50,PRIMARY,youtube_video,https://www.youtube.com/watch?v=UuIEbpQms8o,MULTI_TOPIC,VIDEO_TIMESTAMP,00:00:00,00:20:00,20,HIGH,VERIFIED_COVERAGE,True
CS Foundations,cf-bits-and-bytes,Bits and bytes,cf-bits-and-bytes-core,CS50x 2026 Lecture 0 notes,CS50x,REFERENCE,documentation,https://cs50.harvard.edu/x/notes/0/,COLLECTION,FULL_SINGLE_PAGE,FULL_SINGLE_PAGE,FULL_SINGLE_PAGE,10,,VERIFIED,True
CS Foundations,cf-binary,Binary,cf-binary-core,CS50x 2026 — Lecture 0 (Scratch),CS50,PRIMARY,youtube_video,https://www.youtube.com/watch?v=UuIEbpQms8o,MULTI_TOPIC,VIDEO_TIMESTAMP,00:00:00,00:22:00,22,HIGH,VERIFIED_COVERAGE,True
CS Foundations,cf-binary,Binary,cf-binary-core,CS50x 2026 Lecture 0 notes (binary),CS50x,REFERENCE,documentation,https://cs50.harvard.edu/x/notes/0/,COLLECTION,FULL_SINGLE_PAGE,FULL_SINGLE_PAGE,FULL_SINGLE_PAGE,10,,VERIFIED,True
CS Foundations,cf-hexadecimal,Hexadecimal,cf-hexadecimal-core,CS50x 2026 — Lecture 0 (Scratch),CS50,PRIMARY,youtube_video,https://www.youtube.com/watch?v=UuIEbpQms8o,MULTI_TOPIC,VIDEO_TIMESTAMP,00:00:00,00:20:00,20,HIGH,VERIFIED_COVERAGE,True
CS Foundations,cf-hexadecimal,Hexadecimal,cf-hexadecimal-core,CS50x 2026 Lecture 0 notes (RGB/bytes),CS50x,REFERENCE,documentation,https://cs50.harvard.edu/x/notes/0/,COLLECTION,FULL_SINGLE_PAGE,FULL_SINGLE_PAGE,FULL_SINGLE_PAGE,10,,VERIFIED,True
CS Foundations,cf-cpu,CPU,cf-cpu-core,GFG — Central Processing Unit (CPU),GeeksforGeeks,PRIMARY,documentation,https://www.geeksforgeeks.org/central-processing-unit-cpu/,EXACT,ARTICLE_SECTION,central-processing-unit-cpu,central-processing-unit-cpu,18,MEDIUM,VERIFIED_COVERAGE,True
CS Foundations,cf-cpu,CPU,cf-cpu-core,Nand2Tetris Project 5 — Computer Architecture (optional build),Nand2Tetris,DEEP_DIVE,documentation,https://www.nand2tetris.org/project05,EXACT,FULL_SINGLE_PAGE,FULL_SINGLE_PAGE,FULL_SINGLE_PAGE,10,,VERIFIED,True
CS Foundations,cf-alu,ALU,cf-alu-core,GFG — Arithmetic Logic Unit (ALU),GeeksforGeeks,PRIMARY,documentation,https://www.geeksforgeeks.org/computer-organization-architecture/introduction-of-alu-and-data-path/,EXACT,ARTICLE_SECTION,Arithmetic Logic Unit; Functions and Operations of ALU,Arithmetic Logic Unit; Functions and Operations of ALU,20,MEDIUM,NEEDS_REVIEW,True
CS Foundations,cf-alu,ALU,cf-alu-core,Nand2Tetris Project 2 — Boolean Arithmetic (optional build),Nand2Tetris,DEEP_DIVE,documentation,https://www.nand2tetris.org/project02,EXACT,FULL_SINGLE_PAGE,FULL_SINGLE_PAGE,FULL_SINGLE_PAGE,10,,VERIFIED,True
CS Foundations,cf-registers,Registers,cf-registers-core,GFG — Different Classes of CPU Registers,GeeksforGeeks,PRIMARY,documentation,https://www.geeksforgeeks.org/computer-organization-architecture/different-classes-of-cpu-registers/,FULL_SINGLE_PAGE,ARTICLE_SECTION,General purpose; Special purpose registers,General purpose; Special purpose registers,18,MEDIUM,VERIFIED_COVERAGE,True
CS Foundations,cf-registers,Registers,cf-registers-core,Nand2Tetris Project 3 — Memory (optional build),Nand2Tetris,DEEP_DIVE,documentation,https://www.nand2tetris.org/project03,EXACT,FULL_SINGLE_PAGE,FULL_SINGLE_PAGE,FULL_SINGLE_PAGE,10,,VERIFIED,True
CS Foundations,cf-ram,RAM,cf-ram-core,GFG — Random Access Memory (RAM),GeeksforGeeks,PRIMARY,documentation,https://www.geeksforgeeks.org/random-access-memory-ram/,EXACT,ARTICLE_SECTION,random-access-memory-ram,random-access-memory-ram,18,MEDIUM,VERIFIED_COVERAGE,True
CS Foundations,cf-ram,RAM,cf-ram-core,Nand2Tetris Project 3 — Memory (optional build),Nand2Tetris,DEEP_DIVE,documentation,https://www.nand2tetris.org/project03,EXACT,FULL_SINGLE_PAGE,FULL_SINGLE_PAGE,FULL_SINGLE_PAGE,10,,VERIFIED,True
CS Foundations,cf-cache,Cache,cf-cache-core,GFG — Cache Memory in Computer Organization,GeeksforGeeks,PRIMARY,documentation,https://www.geeksforgeeks.org/cache-memory-in-computer-organization/,EXACT,ARTICLE_SECTION,cache-memory-in-computer-organization,cache-memory-in-computer-organization,18,MEDIUM,VERIFIED_COVERAGE,True
CS Foundations,cf-storage,Storage,cf-storage-core,Caltech CS122 — Storage Hierarchy,Caltech CS122,PRIMARY,documentation,https://courses.cms.caltech.edu/cs122/lectures-wi2018/CS122Lec01.pdf,EXACT,ARTICLE_SECTION,Storage hierarchy; Main memory; Secondary storage,Storage hierarchy; Main memory; Secondary storage,20,MEDIUM,NEEDS_REVIEW,True
CS Foundations,cf-instruction-execution,Instruction execution,cf-instruction-execution-core,The Fetch Decode Execute Cycle — Computer Science Lessons,Computer Science Lessons,PRIMARY,youtube_video,https://www.youtube.com/watch?v=ByllwN8q2ss,EXACT,VIDEO_TIMESTAMP,480,875,7,HIGH,NEEDS_REVIEW,True
CS Foundations,cf-machine-code,Machine code,cf-machine-code-core,CS50x 2026 — Week 1 C: source to machine code,CS50x,PRIMARY,documentation,https://cs50.harvard.edu/x/weeks/1/,EXACT,ARTICLE_SECTION,Source code; Machine code; Compiling,Source code; Machine code; Compiling,25,MEDIUM,NEEDS_REVIEW,True
CS Foundations,cf-machine-code,Machine code,cf-machine-code-core,CS50x 2026 Lecture 1 notes,CS50x,REFERENCE,documentation,https://cs50.harvard.edu/x/notes/1/,COLLECTION,FULL_SINGLE_PAGE,FULL_SINGLE_PAGE,FULL_SINGLE_PAGE,10,,VERIFIED,True
CS Foundations,cf-machine-code,Machine code,cf-machine-code-core,CS50x 2026 — Lecture 1 (C),CS50,REFERENCE,youtube_video,https://www.youtube.com/watch?v=SlqjA04_dpk,EXACT,VIDEO_TIMESTAMP,Lecture 1,00:15:00,15,,VERIFIED,True
CS Foundations,cf-compiler,Compiler,cf-compiler-core,GFG — Introduction of Compiler Design,GeeksforGeeks,PRIMARY,documentation,https://www.geeksforgeeks.org/introduction-of-compiler-design/,EXACT,ARTICLE_SECTION,introduction-of-compiler-design,introduction-of-compiler-design,18,MEDIUM,VERIFIED_COVERAGE,True
CS Foundations,cf-compiler,Compiler,cf-compiler-core,CS50x 2026 Lecture 1 notes (compiler),CS50x,REFERENCE,documentation,https://cs50.harvard.edu/x/notes/1/,COLLECTION,FULL_SINGLE_PAGE,FULL_SINGLE_PAGE,FULL_SINGLE_PAGE,10,,VERIFIED,True
CS Foundations,cf-compiler,Compiler,cf-compiler-core,CS50x 2026 — Lecture 1 (C),CS50,REFERENCE,youtube_video,https://www.youtube.com/watch?v=SlqjA04_dpk,EXACT,VIDEO_TIMESTAMP,Lecture 1,00:15:00,15,,VERIFIED,True
CS Foundations,cf-interpreter,Interpreter,cf-interpreter-core,The Fetch Decode Execute Cycle — Compilation and Interpretation segment,Computer Science Lessons,PRIMARY,youtube_video,https://www.youtube.com/watch?v=ByllwN8q2ss,EXACT,VIDEO_TIMESTAMP,125,326,4,HIGH,NEEDS_REVIEW,True
CS Foundations,cf-interpreter,Interpreter,cf-interpreter-core,Python docs — Using the Python Interpreter,Python Software Foundation,REFERENCE,documentation,https://docs.python.org/3/tutorial/interpreter.html,EXACT,FULL_SINGLE_PAGE,FULL_SINGLE_PAGE,FULL_SINGLE_PAGE,10,,VERIFIED,True
CS Foundations,cf-program,Program,cf-program-core,Instructions & Programs — Crash Course Computer Science #8,CrashCourse,PRIMARY,youtube_video,https://www.youtube.com/watch?v=zltgXvg6r3k,EXACT,VIDEO_TIMESTAMP,3,271,5,HIGH,NEEDS_REVIEW,True
CS Foundations,cf-program,Program,cf-program-core,CS50x 2026 — Lecture 1 (C),CS50,REFERENCE,youtube_video,https://www.youtube.com/watch?v=SlqjA04_dpk,EXACT,VIDEO_TIMESTAMP,Lecture 1,00:15:00,15,,VERIFIED,True
CS Foundations,cf-process,Process,cf-process-core,GFG — Process in Operating System,GeeksforGeeks,PRIMARY,documentation,https://www.geeksforgeeks.org/process-in-operating-system/,EXACT,ARTICLE_SECTION,process-in-operating-system,process-in-operating-system,18,MEDIUM,VERIFIED_COVERAGE,True
CS Foundations,cf-process,Process,cf-process-core,OSTEP — Introduction (process appendix),OSTEP,DEEP_DIVE,documentation,https://pages.cs.wisc.edu/~remzi/OSTEP/intro.pdf,EXACT,FULL_SINGLE_PAGE,FULL_SINGLE_PAGE,FULL_SINGLE_PAGE,10,,VERIFIED,True
CS Foundations,cf-kernel,Kernel,cf-kernel-core,GFG — Kernel in Operating System,GeeksforGeeks,PRIMARY,documentation,https://www.geeksforgeeks.org/kernel-in-operating-system/,EXACT,ARTICLE_SECTION,kernel-in-operating-system,kernel-in-operating-system,18,MEDIUM,VERIFIED_COVERAGE,True
CS Foundations,cf-kernel,Kernel,cf-kernel-core,MIT Missing Semester 2026 — Introduction to the Shell,MIT Missing Semester 2026,REFERENCE,article,https://missing.csail.mit.edu/2026/course-shell/,EXACT,FULL_SINGLE_PAGE,FULL_SINGLE_PAGE,FULL_SINGLE_PAGE,10,,VERIFIED,True
CS Foundations,cf-kernel,Kernel,cf-kernel-core,OSTEP — Introduction to Operating Systems,OSTEP,DEEP_DIVE,documentation,https://pages.cs.wisc.edu/~remzi/OSTEP/intro.pdf,EXACT,FULL_SINGLE_PAGE,FULL_SINGLE_PAGE,FULL_SINGLE_PAGE,10,,VERIFIED,True
CS Foundations,cf-os-processes,Processes,cf-os-processes-core,GFG — Process Management in Operating System,GeeksforGeeks,PRIMARY,documentation,https://www.geeksforgeeks.org/process-in-operating-system/,EXACT,ARTICLE_SECTION,process-in-operating-system,process-in-operating-system,18,MEDIUM,VERIFIED_COVERAGE,True
CS Foundations,cf-threads,Threads,cf-threads-core,GFG — Threads in Operating System,GeeksforGeeks,PRIMARY,documentation,https://www.geeksforgeeks.org/thread-in-operating-system/,EXACT,ARTICLE_SECTION,thread-in-operating-system,thread-in-operating-system,18,MEDIUM,VERIFIED_COVERAGE,True
CS Foundations,cf-threads,Threads,cf-threads-core,OSTEP — Thread API / threads intro,OSTEP,DEEP_DIVE,documentation,https://pages.cs.wisc.edu/~remzi/OSTEP/threads-intro.pdf,EXACT,FULL_SINGLE_PAGE,FULL_SINGLE_PAGE,FULL_SINGLE_PAGE,10,,VERIFIED,True
CS Foundations,cf-system-calls,System calls,cf-system-calls-core,MIT Missing Semester — Debugging and Profiling,MIT Missing Semester 2026,PRIMARY,documentation,https://missing.csail.mit.edu/2026/debugging-profiling/,EXACT,ARTICLE_SECTION,Debugging; journalctl; process/system interaction,Debugging; journalctl; process/system interaction,20,MEDIUM,NEEDS_REVIEW,True
CS Foundations,cf-system-calls,System calls,cf-system-calls-core,MIT Missing Semester 2026 — Introduction to the Shell,MIT Missing Semester 2026,REFERENCE,article,https://missing.csail.mit.edu/2026/course-shell/,EXACT,FULL_SINGLE_PAGE,FULL_SINGLE_PAGE,FULL_SINGLE_PAGE,10,,VERIFIED,True
CS Foundations,cf-system-calls,System calls,cf-system-calls-core,OSTEP — Limited Direct Execution (traps / syscalls),OSTEP,DEEP_DIVE,documentation,https://pages.cs.wisc.edu/~remzi/OSTEP/cpu-mechanisms.pdf,EXACT,FULL_SINGLE_PAGE,FULL_SINGLE_PAGE,FULL_SINGLE_PAGE,10,,VERIFIED,True
CS Foundations,cf-os-memory,Memory,cf-os-memory-core,GFG — Memory Management in Operating System,GeeksforGeeks,PRIMARY,documentation,https://www.geeksforgeeks.org/memory-management-in-operating-system/,EXACT,ARTICLE_SECTION,memory-management-in-operating-system,memory-management-in-operating-system,18,MEDIUM,VERIFIED_COVERAGE,True
CS Foundations,cf-os-memory,Memory,cf-os-memory-core,OSTEP — Address Spaces,OSTEP,DEEP_DIVE,documentation,https://pages.cs.wisc.edu/~remzi/OSTEP/vm-intro.pdf,EXACT,FULL_SINGLE_PAGE,FULL_SINGLE_PAGE,FULL_SINGLE_PAGE,10,,VERIFIED,True
CS Foundations,cf-virtual-memory-basics,Virtual memory basics,cf-virtual-memory-basics-core,OSTEP — Address Spaces (virtual memory intro),OSTEP,PRIMARY,documentation,https://pages.cs.wisc.edu/~remzi/OSTEP/vm-intro.pdf,EXACT,ARTICLE_SECTION,Address spaces; virtualization,Address spaces; virtualization,18,MEDIUM,VERIFIED_COVERAGE,True
CS Foundations,cf-filesystems,Filesystems,cf-filesystems-core,OSTEP — Files and Directories,OSTEP,PRIMARY,documentation,https://pages.cs.wisc.edu/~remzi/OSTEP/file-intro.pdf,EXACT,ARTICLE_SECTION,Files; Directories; Directory Trees; File System Interface,Files; Directories; Directory Trees; File System Interface,30,MEDIUM,NEEDS_REVIEW,True
CS Foundations,cf-os-permissions,Permissions,cf-os-permissions-core,MIT Missing Semester — Command-line Environment,MIT Missing Semester 2026,PRIMARY,documentation,https://missing.csail.mit.edu/2026/command-line-environment/,EXACT,ARTICLE_SECTION,"Users, Files, and Permissions","Users, Files, and Permissions",12,MEDIUM,NEEDS_REVIEW,True
CS Foundations,cf-os-permissions,Permissions,cf-os-permissions-core,chmod(1) Linux man page,man7.org,REFERENCE,documentation,https://man7.org/linux/man-pages/man1/chmod.1.html,EXACT,FULL_SINGLE_PAGE,FULL_SINGLE_PAGE,FULL_SINGLE_PAGE,10,,VERIFIED,True
CS Foundations,cf-os-environment-variables,Environment variables,cf-os-environment-variables-core,The Shell — MIT Missing Semester,MIT,PRIMARY,article,https://missing.csail.mit.edu/2020/command-line/,FULL_SINGLE_PAGE,FULL_SINGLE_PAGE,FULL_SINGLE_PAGE,FULL_SINGLE_PAGE,18,MEDIUM,VERIFIED_COVERAGE,True
CS Foundations,cf-os-environment-variables,Environment variables,cf-os-environment-variables-core,environ(7) Linux man page,man7.org,REFERENCE,documentation,https://man7.org/linux/man-pages/man7/environ.7.html,EXACT,FULL_SINGLE_PAGE,FULL_SINGLE_PAGE,FULL_SINGLE_PAGE,10,,VERIFIED,True
CS Foundations,cf-shell,Shell,cf-shell-core,MIT Missing Semester — Introduction to the Shell,MIT Missing Semester 2026,PRIMARY,documentation,https://missing.csail.mit.edu/2026/course-shell/,EXACT,ARTICLE_SECTION,Shell tools and scripting,Shell tools and scripting,30,MEDIUM,VERIFIED_COVERAGE,True
CS Foundations,cf-command-line,Command line,cf-command-line-core,MIT Missing Semester 2026 — Introduction to the Shell,MIT Missing Semester 2026,PRIMARY,article,https://missing.csail.mit.edu/2026/course-shell/,EXACT,ARTICLE_SECTION,course-shell,course-shell,30,MEDIUM,VERIFIED_COVERAGE,True
CS Foundations,cf-command-line,Command line,cf-command-line-core,Bash manual — Quoting,GNU Bash,REFERENCE,documentation,https://www.gnu.org/software/bash/manual/html_node/Quoting.html,EXACT,FULL_SINGLE_PAGE,FULL_SINGLE_PAGE,FULL_SINGLE_PAGE,10,,VERIFIED,True
CS Foundations,cf-filesystem-navigation,Filesystem navigation,cf-filesystem-navigation-core,MIT Missing Semester 2026 — Introduction to the Shell,MIT Missing Semester 2026,PRIMARY,article,https://missing.csail.mit.edu/2026/course-shell/,EXACT,ARTICLE_SECTION,course-shell,course-shell,30,MEDIUM,VERIFIED_COVERAGE,True
CS Foundations,cf-linux-files,Files,cf-linux-files-core,MIT Missing Semester 2026 — Introduction to the Shell,MIT Missing Semester 2026,PRIMARY,article,https://missing.csail.mit.edu/2026/course-shell/,EXACT,ARTICLE_SECTION,course-shell,course-shell,30,MEDIUM,VERIFIED_COVERAGE,True
CS Foundations,cf-pipes,Pipes,cf-pipes-core,MIT Missing Semester 2026 — Introduction to the Shell,MIT Missing Semester 2026,PRIMARY,article,https://missing.csail.mit.edu/2026/course-shell/,EXACT,ARTICLE_SECTION,course-shell,course-shell,30,MEDIUM,VERIFIED_COVERAGE,True
CS Foundations,cf-pipes,Pipes,cf-pipes-core,GNU Bash manual — Pipelines,GNU Bash,REFERENCE,documentation,https://www.gnu.org/software/bash/manual/html_node/Pipelines.html,EXACT,FULL_SINGLE_PAGE,FULL_SINGLE_PAGE,FULL_SINGLE_PAGE,10,,VERIFIED,True
CS Foundations,cf-redirection,Redirection,cf-redirection-core,MIT Missing Semester 2026 — Introduction to the Shell,MIT Missing Semester 2026,PRIMARY,article,https://missing.csail.mit.edu/2026/course-shell/,EXACT,ARTICLE_SECTION,course-shell,course-shell,30,MEDIUM,VERIFIED_COVERAGE,True
CS Foundations,cf-redirection,Redirection,cf-redirection-core,GNU Bash manual — Redirections,GNU Bash,REFERENCE,documentation,https://www.gnu.org/software/bash/manual/html_node/Redirections.html,EXACT,FULL_SINGLE_PAGE,FULL_SINGLE_PAGE,FULL_SINGLE_PAGE,10,,VERIFIED,True
CS Foundations,cf-grep,grep,cf-grep-core,MIT Missing Semester 2026 — Introduction to the Shell,MIT Missing Semester 2026,PRIMARY,article,https://missing.csail.mit.edu/2026/course-shell/,EXACT,ARTICLE_SECTION,course-shell,course-shell,30,MEDIUM,VERIFIED_COVERAGE,True
CS Foundations,cf-grep,grep,cf-grep-core,grep(1) Linux man page,man7.org,REFERENCE,documentation,https://man7.org/linux/man-pages/man1/grep.1.html,EXACT,FULL_SINGLE_PAGE,FULL_SINGLE_PAGE,FULL_SINGLE_PAGE,10,,VERIFIED,True
CS Foundations,cf-find,find,cf-find-core,MIT Missing Semester 2026 — Introduction to the Shell,MIT Missing Semester 2026,PRIMARY,article,https://missing.csail.mit.edu/2026/course-shell/,EXACT,ARTICLE_SECTION,course-shell,course-shell,30,MEDIUM,VERIFIED_COVERAGE,True
CS Foundations,cf-find,find,cf-find-core,find(1) Linux man page,man7.org,REFERENCE,documentation,https://man7.org/linux/man-pages/man1/find.1.html,EXACT,FULL_SINGLE_PAGE,FULL_SINGLE_PAGE,FULL_SINGLE_PAGE,10,,VERIFIED,True
CS Foundations,cf-linux-permissions,Permissions,cf-linux-permissions-core,MIT Missing Semester 2026 — Introduction to the Shell,MIT Missing Semester 2026,PRIMARY,article,https://missing.csail.mit.edu/2026/course-shell/,EXACT,ARTICLE_SECTION,course-shell,course-shell,30,MEDIUM,VERIFIED_COVERAGE,True
CS Foundations,cf-linux-permissions,Permissions,cf-linux-permissions-core,chmod(1),man7.org,REFERENCE,documentation,https://man7.org/linux/man-pages/man1/chmod.1.html,EXACT,FULL_SINGLE_PAGE,FULL_SINGLE_PAGE,FULL_SINGLE_PAGE,10,,VERIFIED,True
CS Foundations,cf-linux-processes,Processes,cf-linux-processes-core,MIT Missing Semester 2026 — Introduction to the Shell,MIT Missing Semester 2026,PRIMARY,article,https://missing.csail.mit.edu/2026/course-shell/,EXACT,ARTICLE_SECTION,course-shell,course-shell,30,MEDIUM,VERIFIED_COVERAGE,True
CS Foundations,cf-linux-processes,Processes,cf-linux-processes-core,ps(1) Linux man page,man7.org,REFERENCE,documentation,https://man7.org/linux/man-pages/man1/ps.1.html,EXACT,FULL_SINGLE_PAGE,FULL_SINGLE_PAGE,FULL_SINGLE_PAGE,10,,VERIFIED,True
CS Foundations,cf-package-management,Package management,cf-package-management-core,MIT Missing Semester 2026 — Command-line Environment,MIT Missing Semester 2026,PRIMARY,article,https://missing.csail.mit.edu/2026/command-line-environment/,EXACT,ARTICLE_SECTION,command-line-environment,command-line-environment,30,MEDIUM,VERIFIED_COVERAGE,True
CS Foundations,cf-package-management,Package management,cf-package-management-core,MIT Missing Semester 2026 — Packaging and Shipping Code,MIT Missing Semester 2026,REFERENCE,article,https://missing.csail.mit.edu/2026/shipping-code/,EXACT,FULL_SINGLE_PAGE,FULL_SINGLE_PAGE,FULL_SINGLE_PAGE,10,,VERIFIED,True
CS Foundations,cf-linux-environment-variables,Environment variables,cf-linux-environment-variables-core,MIT Missing Semester 2026 — Command-line Environment,MIT Missing Semester 2026,PRIMARY,article,https://missing.csail.mit.edu/2026/command-line-environment/,EXACT,ARTICLE_SECTION,command-line-environment,command-line-environment,30,MEDIUM,VERIFIED_COVERAGE,True
CS Foundations,cf-linux-environment-variables,Environment variables,cf-linux-environment-variables-core,environ(7),man7.org,REFERENCE,documentation,https://man7.org/linux/man-pages/man7/environ.7.html,EXACT,FULL_SINGLE_PAGE,FULL_SINGLE_PAGE,FULL_SINGLE_PAGE,10,,VERIFIED,True
CS Foundations,cf-repository,Repository,cf-repository-core,Pro Git — Getting a Git Repository,Git,PRIMARY,book,https://git-scm.com/book/en/v2/Git-Basics-Getting-a-Git-Repository,SEGMENT,BOOK_SECTION,Git-Basics-Getting-a-Git-Repository,Git-Basics-Getting-a-Git-Repository,60,LOW,VERIFIED_COVERAGE,True
CS Foundations,cf-repository,Repository,cf-repository-core,MIT Missing Semester 2026 — Version Control and Git,MIT Missing Semester 2026,REFERENCE,article,https://missing.csail.mit.edu/2026/version-control/,EXACT,FULL_SINGLE_PAGE,FULL_SINGLE_PAGE,FULL_SINGLE_PAGE,10,,VERIFIED,True
CS Foundations,cf-commits,Commits,cf-commits-core,Pro Git — Recording Changes to the Repository,Git,PRIMARY,book,https://git-scm.com/book/en/v2/Git-Basics-Recording-Changes-to-the-Repository,SEGMENT,BOOK_SECTION,Git-Basics-Recording-Changes-to-the-Repository,Git-Basics-Recording-Changes-to-the-Repository,60,LOW,VERIFIED_COVERAGE,True
CS Foundations,cf-commits,Commits,cf-commits-core,Pro Git — Viewing the Commit History,Git,REFERENCE,book,https://git-scm.com/book/en/v2/Git-Basics-Viewing-the-Commit-History,COLLECTION,FULL_SINGLE_PAGE,FULL_SINGLE_PAGE,FULL_SINGLE_PAGE,60,LOW,VERIFIED,True
CS Foundations,cf-commits,Commits,cf-commits-core,MIT Missing Semester 2026 — Git CLI,MIT Missing Semester 2026,PRACTICE,article,https://missing.csail.mit.edu/2026/version-control/,EXACT,FULL_SINGLE_PAGE,FULL_SINGLE_PAGE,FULL_SINGLE_PAGE,10,,VERIFIED,True
CS Foundations,cf-branches,Branches,cf-branches-core,Pro Git — Branches in a Nutshell,Git,PRIMARY,book,https://git-scm.com/book/en/v2/Git-Branching-Branches-in-a-Nutshell,SEGMENT,BOOK_SECTION,Git-Branching-Branches-in-a-Nutshell,Git-Branching-Branches-in-a-Nutshell,60,LOW,VERIFIED_COVERAGE,True
CS Foundations,cf-branches,Branches,cf-branches-core,Pro Git — Branch Management,Git,REFERENCE,book,https://git-scm.com/book/en/v2/Git-Branching-Branch-Management,COLLECTION,FULL_SINGLE_PAGE,FULL_SINGLE_PAGE,FULL_SINGLE_PAGE,60,LOW,VERIFIED,True
CS Foundations,cf-merge,Merge,cf-merge-core,Pro Git — Basic Branching and Merging,Git,PRIMARY,book,https://git-scm.com/book/en/v2/Git-Branching-Basic-Branching-and-Merging,SEGMENT,BOOK_SECTION,Git-Branching-Basic-Branching-and-Merging,Git-Branching-Basic-Branching-and-Merging,60,LOW,VERIFIED_COVERAGE,True
CS Foundations,cf-rebase,Rebase,cf-rebase-core,Pro Git — Rebasing,Git,PRIMARY,book,https://git-scm.com/book/en/v2/Git-Branching-Rebasing,SEGMENT,BOOK_SECTION,Git-Branching-Rebasing,Git-Branching-Rebasing,60,LOW,VERIFIED_COVERAGE,True
CS Foundations,cf-rebase,Rebase,cf-rebase-core,MIT Missing Semester 2026 — Git,MIT Missing Semester 2026,REFERENCE,article,https://missing.csail.mit.edu/2026/version-control/,EXACT,FULL_SINGLE_PAGE,FULL_SINGLE_PAGE,FULL_SINGLE_PAGE,10,,VERIFIED,True
CS Foundations,cf-remote,Remote,cf-remote-core,Pro Git — Working with Remotes,Git,PRIMARY,book,https://git-scm.com/book/en/v2/Git-Basics-Working-with-Remotes,SEGMENT,BOOK_SECTION,Git-Basics-Working-with-Remotes,Git-Basics-Working-with-Remotes,60,LOW,VERIFIED_COVERAGE,True
CS Foundations,cf-pull-push,Pull and push,cf-pull-push-core,Pro Git — Working with Remotes,Git,PRIMARY,book,https://git-scm.com/book/en/v2/Git-Basics-Working-with-Remotes,SEGMENT,BOOK_SECTION,Git-Basics-Working-with-Remotes,Git-Basics-Working-with-Remotes,60,LOW,VERIFIED_COVERAGE,True
CS Foundations,cf-pull-push,Pull and push,cf-pull-push-core,git-fetch / git-pull / git-push documentation,Git,REFERENCE,documentation,https://git-scm.com/docs/git-fetch,EXACT,FULL_SINGLE_PAGE,FULL_SINGLE_PAGE,FULL_SINGLE_PAGE,10,,VERIFIED,True
CS Foundations,cf-conflicts,Conflicts,cf-conflicts-core,Pro Git — Basic Branching and Merging (conflicts),Git,PRIMARY,book,https://git-scm.com/book/en/v2/Git-Branching-Basic-Branching-and-Merging,SEGMENT,BOOK_SECTION,Git-Branching-Basic-Branching-and-Merging,Git-Branching-Basic-Branching-and-Merging,60,LOW,VERIFIED_COVERAGE,True
CS Foundations,cf-reset-revert,Reset and revert,cf-reset-revert-core,Pro Git — Undoing Things,Git,PRIMARY,book,https://git-scm.com/book/en/v2/Git-Basics-Undoing-Things,SEGMENT,BOOK_SECTION,Git-Basics-Undoing-Things,Git-Basics-Undoing-Things,60,LOW,VERIFIED_COVERAGE,True
CS Foundations,cf-reset-revert,Reset and revert,cf-reset-revert-core,git-reset / git-revert / git-restore,Git,REFERENCE,documentation,https://git-scm.com/docs/git-reset,EXACT,FULL_SINGLE_PAGE,FULL_SINGLE_PAGE,FULL_SINGLE_PAGE,10,,VERIFIED,True
CS Foundations,cf-cherry-pick,Cherry-pick,cf-cherry-pick-core,git-cherry-pick documentation,Git,PRIMARY,documentation,https://git-scm.com/docs/git-cherry-pick,EXACT,ARTICLE_SECTION,git-cherry-pick,git-cherry-pick,25,MEDIUM,VERIFIED_COVERAGE,True
CS Foundations,cf-cherry-pick,Cherry-pick,cf-cherry-pick-core,MIT Missing Semester 2026 — Git,MIT Missing Semester 2026,REFERENCE,article,https://missing.csail.mit.edu/2026/version-control/,EXACT,FULL_SINGLE_PAGE,FULL_SINGLE_PAGE,FULL_SINGLE_PAGE,10,,VERIFIED,True
CS Foundations,cf-stash,Stash,cf-stash-core,Pro Git — Stashing and Cleaning,Git,PRIMARY,book,https://git-scm.com/book/en/v2/Git-Tools-Stashing-and-Cleaning,SEGMENT,BOOK_SECTION,Git-Tools-Stashing-and-Cleaning,Git-Tools-Stashing-and-Cleaning,60,LOW,VERIFIED_COVERAGE,True
CS Foundations,cf-stash,Stash,cf-stash-core,git-stash documentation,Git,REFERENCE,documentation,https://git-scm.com/docs/git-stash,EXACT,FULL_SINGLE_PAGE,FULL_SINGLE_PAGE,FULL_SINGLE_PAGE,10,,VERIFIED,True
CS Foundations,cf-github-workflow,GitHub workflow,cf-github-workflow-core,GitHub Docs — Hello World,GitHub,PRIMARY,documentation,https://docs.github.com/en/get-started/using-github/hello-world,EXACT,ARTICLE_SECTION,hello-world,hello-world,25,MEDIUM,VERIFIED_COVERAGE,True
CS Foundations,cf-github-workflow,GitHub workflow,cf-github-workflow-core,GitHub Docs — Pull request quickstart,GitHub,REFERENCE,documentation,https://docs.github.com/en/pull-requests/get-started/pull-request-quickstart,EXACT,FULL_SINGLE_PAGE,FULL_SINGLE_PAGE,FULL_SINGLE_PAGE,10,,VERIFIED,True
CS Foundations,cf-github-workflow,GitHub workflow,cf-github-workflow-core,GitHub Docs — GitHub flow,GitHub,PRACTICE,documentation,https://docs.github.com/en/get-started/using-github/github-flow,EXACT,FULL_SINGLE_PAGE,FULL_SINGLE_PAGE,FULL_SINGLE_PAGE,10,,VERIFIED,True
CS Foundations,cf-ide,IDE,cf-ide-core,Visual Studio Code — Get Started,Microsoft,PRIMARY,documentation,https://code.visualstudio.com/docs/editing/getting-started,EXACT,ARTICLE_SECTION,Open a folder in VS Code; Explore the user interface; Access the terminal; Use source control; Run and debug your code,Open a folder in VS Code; Explore the user interface; Access the terminal; Use source control; Run and debug your code,25,MEDIUM,NEEDS_REVIEW,True
CS Foundations,cf-ide,IDE,cf-ide-core,Visual Studio Code documentation,VS Code,REFERENCE,documentation,https://code.visualstudio.com/docs,EXACT,FULL_SINGLE_PAGE,FULL_SINGLE_PAGE,FULL_SINGLE_PAGE,10,,VERIFIED,True
CS Foundations,cf-ide,IDE,cf-ide-core,MIT Missing Semester 2026 — Development Environment and Tools,MIT Missing Semester 2026,DEEP_DIVE,article,https://missing.csail.mit.edu/2026/development-environment/,EXACT,FULL_SINGLE_PAGE,FULL_SINGLE_PAGE,FULL_SINGLE_PAGE,10,,VERIFIED,True
CS Foundations,cf-dev-compiler,Compiler,cf-dev-compiler-core,GFG — Introduction to Compilers,GeeksforGeeks,PRIMARY,documentation,https://www.geeksforgeeks.org/introduction-to-compilers/,EXACT,ARTICLE_SECTION,introduction-to-compilers,introduction-to-compilers,18,MEDIUM,VERIFIED_COVERAGE,True
CS Foundations,cf-dev-compiler,Compiler,cf-dev-compiler-core,CS50x 2026 — Lecture 1 (C),CS50,REFERENCE,youtube_video,https://www.youtube.com/watch?v=SlqjA04_dpk,EXACT,VIDEO_TIMESTAMP,Lecture 1,00:15:00,15,,VERIFIED,True
CS Foundations,cf-debugger,Debugger,cf-debugger-core,Visual Studio Code — Debugging,Microsoft,PRIMARY,documentation,https://code.visualstudio.com/docs/debugtest/debugging,EXACT,ARTICLE_SECTION,Debugger user interface; Start a debugging session; Debug actions; Breakpoints; Data inspection,Debugger user interface; Start a debugging session; Debug actions; Breakpoints; Data inspection,20,MEDIUM,NEEDS_REVIEW,True
CS Foundations,cf-debugger,Debugger,cf-debugger-core,VS Code — Debug code,VS Code,REFERENCE,documentation,https://code.visualstudio.com/docs/editor/debugging,EXACT,FULL_SINGLE_PAGE,FULL_SINGLE_PAGE,FULL_SINGLE_PAGE,10,,VERIFIED,True
CS Foundations,cf-debugger,Debugger,cf-debugger-core,MIT Missing Semester 2026 — Debugging and Profiling,MIT Missing Semester 2026,DEEP_DIVE,article,https://missing.csail.mit.edu/2026/debugging-profiling/,EXACT,FULL_SINGLE_PAGE,FULL_SINGLE_PAGE,FULL_SINGLE_PAGE,10,,VERIFIED,True
CS Foundations,cf-formatter,Formatter,cf-formatter-core,MIT Missing Semester — Code Quality,MIT Missing Semester 2026,PRIMARY,documentation,https://missing.csail.mit.edu/2026/code-quality/,EXACT,ARTICLE_SECTION,Formatting,Formatting,10,MEDIUM,NEEDS_REVIEW,True
CS Foundations,cf-formatter,Formatter,cf-formatter-core,MIT Missing Semester 2026 — Code Quality,MIT Missing Semester 2026,REFERENCE,article,https://missing.csail.mit.edu/2026/code-quality/,EXACT,FULL_SINGLE_PAGE,FULL_SINGLE_PAGE,FULL_SINGLE_PAGE,10,,VERIFIED,True
CS Foundations,cf-linter,Linter,cf-linter-core,MIT Missing Semester — Code Quality,MIT Missing Semester 2026,PRIMARY,documentation,https://missing.csail.mit.edu/2026/code-quality/,EXACT,ARTICLE_SECTION,Linting,Linting,12,MEDIUM,NEEDS_REVIEW,True
CS Foundations,cf-linter,Linter,cf-linter-core,MIT Missing Semester 2026 — Code Quality,MIT Missing Semester 2026,REFERENCE,article,https://missing.csail.mit.edu/2026/code-quality/,EXACT,FULL_SINGLE_PAGE,FULL_SINGLE_PAGE,FULL_SINGLE_PAGE,10,,VERIFIED,True
CS Foundations,cf-dev-package-manager,Package manager,cf-dev-package-manager-core,MIT Missing Semester — Packaging and Shipping Code,MIT Missing Semester 2026,PRIMARY,documentation,https://missing.csail.mit.edu/2026/shipping-code/,EXACT,ARTICLE_SECTION,Dependencies & Environments,Dependencies & Environments,20,MEDIUM,NEEDS_REVIEW,True
CS Foundations,cf-dev-package-manager,Package manager,cf-dev-package-manager-core,pip documentation,PyPA,REFERENCE,documentation,https://pip.pypa.io/en/stable/,EXACT,FULL_SINGLE_PAGE,FULL_SINGLE_PAGE,FULL_SINGLE_PAGE,10,,VERIFIED,True
CS Foundations,cf-build-system,Build system,cf-build-system-core,Makefile Tutorial — Build Automation,Makefile Tutorial,PRIMARY,documentation,https://makefiletutorial.com/,EXACT,ARTICLE_SECTION,What is a Makefile?; Basic Makefile; Build Targets and Dependencies,What is a Makefile?; Basic Makefile; Build Targets and Dependencies,25,MEDIUM,NEEDS_REVIEW,True
CS Foundations,cf-build-system,Build system,cf-build-system-core,MIT Missing Semester 2026 — Code Quality,MIT Missing Semester 2026,DEEP_DIVE,article,https://missing.csail.mit.edu/2026/code-quality/,EXACT,FULL_SINGLE_PAGE,FULL_SINGLE_PAGE,FULL_SINGLE_PAGE,10,,VERIFIED,True
CS Foundations,cf-build-system,Build system,cf-build-system-core,MIT Missing Semester — Development Environment,MIT Missing Semester 2026,REFERENCE,documentation,https://missing.csail.mit.edu/2026/development-environment/,EXACT,FULL_SINGLE_PAGE,FULL_SINGLE_PAGE,FULL_SINGLE_PAGE,10,,VERIFIED,True
CS Foundations,cf-dependency-management,Dependency management,cf-dependency-management-core,GFG — Dependency Management,GeeksforGeeks,PRIMARY,documentation,https://www.geeksforgeeks.org/package-manager-in-operating-system/,EXACT,ARTICLE_SECTION,Dependency resolution,Dependency resolution,20,MEDIUM,VERIFIED_COVERAGE,True
CS Foundations,cf-dependency-management,Dependency management,cf-dependency-management-core,MIT Missing Semester 2026 — Packaging and Shipping Code,MIT Missing Semester 2026,REFERENCE,article,https://missing.csail.mit.edu/2026/shipping-code/,EXACT,FULL_SINGLE_PAGE,FULL_SINGLE_PAGE,FULL_SINGLE_PAGE,10,,VERIFIED,True
CS Foundations,cf-dependency-management,Dependency management,cf-dependency-management-core,pip — Dependency Resolution,PyPA,REFERENCE,documentation,https://pip.pypa.io/en/stable/topics/dependency-resolution/,,FULL_SINGLE_PAGE,FULL_SINGLE_PAGE,FULL_SINGLE_PAGE,,,VERIFIED,True
CS Foundations,cf-problem-decomposition,Problem decomposition,cf-problem-decomposition-core,"CS50x 2026 Week 0 (computational thinking, I/O)",CS50x,PRIMARY,interactive_tutorial,https://cs50.harvard.edu/x/weeks/0/,EXACT,ARTICLE_SECTION,0,0,20,LOW,VERIFIED_COVERAGE,True
CS Foundations,cf-problem-decomposition,Problem decomposition,cf-problem-decomposition-core,CS50x 2026 Lecture 0 notes,CS50x,REFERENCE,documentation,https://cs50.harvard.edu/x/notes/0/,COLLECTION,FULL_SINGLE_PAGE,FULL_SINGLE_PAGE,FULL_SINGLE_PAGE,10,,VERIFIED,True
CS Foundations,cf-pseudocode,Pseudocode,cf-pseudocode-core,CS50x 2026 Week 0 (pseudocode),CS50x,PRIMARY,interactive_tutorial,https://cs50.harvard.edu/x/weeks/0/,EXACT,ARTICLE_SECTION,0,0,20,LOW,VERIFIED_COVERAGE,True
CS Foundations,cf-pseudocode,Pseudocode,cf-pseudocode-core,CS50x 2026 Lecture 0 notes (pseudocode),CS50x,REFERENCE,documentation,https://cs50.harvard.edu/x/notes/0/,COLLECTION,FULL_SINGLE_PAGE,FULL_SINGLE_PAGE,FULL_SINGLE_PAGE,10,,VERIFIED,True
CS Foundations,cf-algorithms,Algorithms,cf-algorithms-core,"CS50x 2026 Week 0 (algorithms, running times)",CS50x,PRIMARY,interactive_tutorial,https://cs50.harvard.edu/x/weeks/0/,EXACT,ARTICLE_SECTION,0,0,20,LOW,VERIFIED_COVERAGE,True
CS Foundations,cf-dry-runs,Dry runs,cf-dry-runs-core,FutureLogic — Trace Tables,FutureLogic,PRIMARY,documentation,https://futurelogiceducation.com/knowledge-library/topic-7-algorithms/7.8-trace-tables.html,EXACT,ARTICLE_SECTION,Trace Tables Explained Simply; Big Idea,Trace Tables Explained Simply; Big Idea,10,MEDIUM,NEEDS_REVIEW,True
CS Foundations,cf-dry-runs,Dry runs,cf-dry-runs-core,MIT Missing Semester — Code Quality,MIT Missing Semester 2026,REFERENCE,documentation,https://missing.csail.mit.edu/2026/code-quality/,EXACT,FULL_SINGLE_PAGE,FULL_SINGLE_PAGE,FULL_SINGLE_PAGE,10,,VERIFIED,True
CS Foundations,cf-edge-cases,Edge cases,cf-edge-cases-core,CMU 15-122 — General Debugging Practices,Carnegie Mellon University,PRIMARY,documentation,https://www.cs.cmu.edu/~15122/handouts/gts/c0debugging.pdf,EXACT,ARTICLE_SECTION,Test edge cases,Test edge cases,10,MEDIUM,NEEDS_REVIEW,True
CS Foundations,cf-debugging-thinking,Debugging,cf-debugging-thinking-core,MIT Missing Semester 2026 — Debugging and Profiling,MIT Missing Semester 2026,PRIMARY,article,https://missing.csail.mit.edu/2026/debugging-profiling/,EXACT,ARTICLE_SECTION,debugging-profiling,debugging-profiling,20,LOW,VERIFIED_COVERAGE,True
CS Foundations,cf-time-complexity-intro,Time complexity introduction,cf-time-complexity-intro-core,CS50x 2026 Week 0 (running times),CS50x,PRIMARY,interactive_tutorial,https://cs50.harvard.edu/x/weeks/0/,EXACT,ARTICLE_SECTION,0,0,20,MEDIUM,VERIFIED_COVERAGE,True
CS Foundations,cf-space-complexity-intro,Space complexity introduction,cf-space-complexity-intro-core,Kunal Kushwaha — Time and Space Complexity,Kunal Kushwaha,PRIMARY,youtube_video,https://www.youtube.com/watch?v=mV3wrLBbuuE,EXACT,ARTICLE_SECTION,Space Complexity,Space Complexity,30,MEDIUM,NEEDS_REVIEW,True
Java,java-jdk-jre,JDK and JRE,java-jdk-jre-core,Getting Started with Java (JDK setup),Dev.java,PRIMARY,documentation,https://dev.java/learn/getting-started/,EXACT,ARTICLE_SECTION,getting-started,getting-started,26,MEDIUM,VERIFIED_COVERAGE,True
Java,java-jdk-jre,JDK and JRE,java-jdk-jre-core,javac — Core JDK tools,Dev.java,REFERENCE,documentation,https://dev.java/learn/jvm/tools/core/javac/,EXACT,FULL_SINGLE_PAGE,FULL_SINGLE_PAGE,FULL_SINGLE_PAGE,36,MEDIUM,VERIFIED_COVERAGE,True
Java,java-jdk-jre,JDK and JRE,java-jdk-jre-core,Helsinki Part 1 — Getting started,University of Helsinki,PRACTICE,interactive_tutorial,https://java-programming.mooc.fi/part-1/1-starting-programming/,EXACT,FULL_SINGLE_PAGE,FULL_SINGLE_PAGE,FULL_SINGLE_PAGE,25,,VERIFIED,True
Java,java-first-program,First program,java-first-program-core,Getting Started with Java,Dev.java,PRIMARY,documentation,https://dev.java/learn/getting-started/,EXACT,ARTICLE_SECTION,Getting Started with Java,Getting Started with Java,26,MEDIUM,VERIFIED_COVERAGE,True
Java,java-first-program,First program,java-first-program-core,JShell — The Java Shell Tool,Dev.java,PRACTICE,documentation,https://dev.java/learn/jshell-tool/,EXACT,FULL_SINGLE_PAGE,FULL_SINGLE_PAGE,FULL_SINGLE_PAGE,10,,VERIFIED,True
Java,java-compile-and-run,Compile and run,java-compile-and-run-core,Launching simple source-code programs,Dev.java,PRIMARY,documentation,https://dev.java/learn/launch-simple-source-code-programs/,EXACT,FULL_SINGLE_PAGE,FULL_SINGLE_PAGE,FULL_SINGLE_PAGE,10,MEDIUM,VERIFIED_COVERAGE,True
Java,java-compile-and-run,Compile and run,java-compile-and-run-core,java launcher — Core JDK tools,Dev.java,REFERENCE,documentation,https://dev.java/learn/jvm/tools/core/java/,MULTI_TOPIC,FULL_SINGLE_PAGE,FULL_SINGLE_PAGE,FULL_SINGLE_PAGE,75,MEDIUM,VERIFIED_COVERAGE,True
Java,java-compile-and-run,Compile and run,java-compile-and-run-core,Helsinki Part 1 — Getting started,University of Helsinki,PRACTICE,interactive_tutorial,https://java-programming.mooc.fi/part-1/1-starting-programming/,EXACT,FULL_SINGLE_PAGE,FULL_SINGLE_PAGE,FULL_SINGLE_PAGE,25,,VERIFIED,True
Java,java-primitives,Primitives,java-primitives-core,Creating primitive type variables,Dev.java,PRIMARY,documentation,https://dev.java/learn/language-basics/primitive-types/,EXACT,ARTICLE_SECTION,Creating primitive type variables,Creating primitive type variables,16,MEDIUM,VERIFIED_COVERAGE,True
Java,java-primitives,Primitives,java-primitives-core,Using the var type identifier,Dev.java,DEEP_DIVE,documentation,https://dev.java/learn/language-basics/using-var/,EXACT,FULL_SINGLE_PAGE,FULL_SINGLE_PAGE,FULL_SINGLE_PAGE,10,,VERIFIED,True
Java,java-type-conversion,Type conversion,java-type-conversion-core,Primitive types,Dev.java,PRIMARY,documentation,https://docs.oracle.com/javase/tutorial/java/nutsandbolts/datatypes.html,EXACT,FULL_SINGLE_PAGE,FULL_SINGLE_PAGE,FULL_SINGLE_PAGE,18,MEDIUM,VERIFIED_COVERAGE,True
Java,java-type-conversion,Type conversion,java-type-conversion-core,Autoboxing and unboxing,Dev.java,DEEP_DIVE,documentation,https://dev.java/learn/numbers-strings/autoboxing/,EXACT,FULL_SINGLE_PAGE,FULL_SINGLE_PAGE,FULL_SINGLE_PAGE,10,,VERIFIED,True
Java,java-console-io,Console input and output,java-console-io-core,Helsinki Part 1 — Reading input,University of Helsinki,PRIMARY,interactive_tutorial,https://java-programming.mooc.fi/part-1/3-reading/,EXACT,ARTICLE_SECTION,3-reading,3-reading,17,MEDIUM,VERIFIED_COVERAGE,True
Java,java-console-io,Console input and output,java-console-io-core,Helsinki Part 1 — Calculating with numbers,University of Helsinki,PRACTICE,interactive_tutorial,https://java-programming.mooc.fi/part-1/5-calculating/,EXACT,FULL_SINGLE_PAGE,FULL_SINGLE_PAGE,FULL_SINGLE_PAGE,25,,VERIFIED,True
Java,java-operators,Operators,java-operators-core,Bro Code Java 2025 — Operators,Bro Code,PRIMARY,youtube,https://www.youtube.com/watch?v=xTtL8E4LzTQ,EXACT,VIDEO_TIMESTAMP,00:45:00,01:15:00,10,MEDIUM,NEEDS_REVIEW,True
Java,java-operators,Operators,java-operators-core,Using operators,Dev.java,REFERENCE,documentation,https://dev.java/learn/language-basics/using-operators/,EXACT,ARTICLE_SECTION,using-operators,using-operators,14,MEDIUM,VERIFIED_COVERAGE,True
Java,java-operators,Operators,java-operators-core,Helsinki Part 1 — Calculating with numbers,University of Helsinki,REFERENCE,interactive_tutorial,https://java-programming.mooc.fi/part-1/5-calculating/,EXACT,FULL_SINGLE_PAGE,FULL_SINGLE_PAGE,FULL_SINGLE_PAGE,19,MEDIUM,VERIFIED_COVERAGE,True
Java,java-operators,Operators,java-operators-core,Wrapping up the Java operators,Dev.java,DEEP_DIVE,documentation,https://dev.java/learn/language-basics/all-operators/,EXACT,FULL_SINGLE_PAGE,FULL_SINGLE_PAGE,FULL_SINGLE_PAGE,10,,VERIFIED,True
Java,java-if-else,if/else,java-if-else-core,Bro Code Java 2025 — if/else,Bro Code,PRIMARY,youtube,https://www.youtube.com/watch?v=xTtL8E4LzTQ,EXACT,VIDEO_TIMESTAMP,01:15:00,01:45:00,10,MEDIUM,NEEDS_REVIEW,True
Java,java-if-else,if/else,java-if-else-core,Control flow statements,Dev.java,REFERENCE,documentation,https://dev.java/learn/language-basics/controlling-flow/,EXACT,ARTICLE_SECTION,Control flow statements,Control flow statements,15,MEDIUM,VERIFIED_COVERAGE,True
Java,java-switch,switch,java-switch-core,Bro Code Java 2025 — switch,Bro Code,PRIMARY,youtube,https://www.youtube.com/watch?v=xTtL8E4LzTQ,EXACT,VIDEO_TIMESTAMP,01:45:00,02:00:00,10,MEDIUM,NEEDS_REVIEW,True
Java,java-switch,switch,java-switch-core,Branching with switch statements,Dev.java,REFERENCE,documentation,https://dev.java/learn/language-basics/switch-statement/,EXACT,ARTICLE_SECTION,switch-statement,switch-statement,10,MEDIUM,VERIFIED_COVERAGE,True
Java,java-switch,switch,java-switch-core,Branching with switch expressions,Dev.java,REFERENCE,documentation,https://dev.java/learn/language-basics/switch-expression/,EXACT,FULL_SINGLE_PAGE,FULL_SINGLE_PAGE,FULL_SINGLE_PAGE,11,MEDIUM,VERIFIED_COVERAGE,True
Java,java-switch,switch,java-switch-core,Helsinki Part 1 — Conditional statements,University of Helsinki,PRACTICE,interactive_tutorial,https://java-programming.mooc.fi/part-1/6-conditional-statements/,EXACT,FULL_SINGLE_PAGE,FULL_SINGLE_PAGE,FULL_SINGLE_PAGE,25,,VERIFIED,True
Java,java-loops,Loops,java-loops-core,Bro Code Java 2025 — Loops,Bro Code,PRIMARY,youtube,https://www.youtube.com/watch?v=xTtL8E4LzTQ,EXACT,VIDEO_TIMESTAMP,02:00:00,02:45:00,10,MEDIUM,NEEDS_REVIEW,True
Java,java-loops,Loops,java-loops-core,Control flow statements,Dev.java,REFERENCE,documentation,https://dev.java/learn/language-basics/controlling-flow/,EXACT,ARTICLE_SECTION,Control flow statements,Control flow statements,15,MEDIUM,VERIFIED_COVERAGE,True
Java,java-loops,Loops,java-loops-core,Helsinki Part 2 — More loops,University of Helsinki,PRACTICE,interactive_tutorial,https://java-programming.mooc.fi/part-2/3-more-loops/,EXACT,FULL_SINGLE_PAGE,FULL_SINGLE_PAGE,FULL_SINGLE_PAGE,25,,VERIFIED,True
Java,java-break-continue,break and continue,java-break-continue-core,Bro Code Java 2025 — break and continue,Bro Code,PRIMARY,youtube,https://www.youtube.com/watch?v=xTtL8E4LzTQ,EXACT,VIDEO_TIMESTAMP,02:45:00,03:00:00,10,MEDIUM,NEEDS_REVIEW,True
Java,java-break-continue,break and continue,java-break-continue-core,Control flow statements,Dev.java,REFERENCE,documentation,https://dev.java/learn/language-basics/controlling-flow/,EXACT,ARTICLE_SECTION,controlling-flow,controlling-flow,15,MEDIUM,VERIFIED_COVERAGE,True
Java,java-break-continue,break and continue,java-break-continue-core,Helsinki Part 2 — More loops,University of Helsinki,PRACTICE,interactive_tutorial,https://java-programming.mooc.fi/part-2/3-more-loops/,EXACT,FULL_SINGLE_PAGE,FULL_SINGLE_PAGE,FULL_SINGLE_PAGE,25,,VERIFIED,True
Java,java-method-basics,Method basics,java-method-basics-core,Defining methods,Dev.java,PRIMARY,documentation,https://dev.java/learn/classes-objects/defining-methods/,EXACT,ARTICLE_SECTION,Defining methods,Defining methods,10,MEDIUM,VERIFIED_COVERAGE,True
Java,java-method-basics,Method basics,java-method-basics-core,Calling methods and constructors,Dev.java,DEEP_DIVE,documentation,https://dev.java/learn/classes-objects/calling-methods-constructors/,EXACT,FULL_SINGLE_PAGE,FULL_SINGLE_PAGE,FULL_SINGLE_PAGE,10,,VERIFIED,True
Java,java-overloading,Overloading,java-overloading-core,Defining methods,Dev.java,PRIMARY,documentation,https://dev.java/learn/classes-objects/defining-methods/,EXACT,ARTICLE_SECTION,Defining methods,Defining methods,10,MEDIUM,VERIFIED_COVERAGE,True
Java,java-scope,Scope,java-scope-core,Creating variables and naming them,Dev.java,PRIMARY,documentation,https://dev.java/learn/language-basics/variables/,EXACT,ARTICLE_SECTION,variables,variables,11,MEDIUM,VERIFIED_COVERAGE,True
Java,java-scope,Scope,java-scope-core,Helsinki Part 2 — Methods,University of Helsinki,REFERENCE,interactive_tutorial,https://java-programming.mooc.fi/part-2/4-methods/,EXACT,FULL_SINGLE_PAGE,FULL_SINGLE_PAGE,FULL_SINGLE_PAGE,36,MEDIUM,VERIFIED_COVERAGE,True
Java,java-arrays,Arrays,java-arrays-core,Creating arrays,Dev.java,PRIMARY,documentation,https://dev.java/learn/language-basics/arrays/,EXACT,ARTICLE_SECTION,Creating arrays,Creating arrays,16,MEDIUM,VERIFIED_COVERAGE,True
Java,java-arrays,Arrays,java-arrays-core,Helsinki Part 12 — Multidimensional data,University of Helsinki,PRACTICE,interactive_tutorial,https://java-programming.mooc.fi/part-12/4-multidimensional-data/,EXACT,FULL_SINGLE_PAGE,FULL_SINGLE_PAGE,FULL_SINGLE_PAGE,25,,VERIFIED,True
Java,java-strings,Strings,java-strings-core,Strings,Dev.java,PRIMARY,documentation,https://dev.java/learn/numbers-strings/strings/,EXACT,ARTICLE_SECTION,Strings,Strings,21,MEDIUM,VERIFIED_COVERAGE,True
Java,java-strings,Strings,java-strings-core,Characters,Dev.java,DEEP_DIVE,documentation,https://dev.java/learn/numbers-strings/characters/,EXACT,FULL_SINGLE_PAGE,FULL_SINGLE_PAGE,FULL_SINGLE_PAGE,10,,VERIFIED,True
Java,java-stringbuilder,StringBuilder,java-stringbuilder-core,String builders,Dev.java,PRIMARY,documentation,https://dev.java/learn/numbers-strings/string-builders/,EXACT,FULL_SINGLE_PAGE,FULL_SINGLE_PAGE,FULL_SINGLE_PAGE,11,MEDIUM,VERIFIED_COVERAGE,True
Java,java-stringbuilder,StringBuilder,java-stringbuilder-core,Helsinki Part 3 — Using strings,University of Helsinki,PRACTICE,interactive_tutorial,https://java-programming.mooc.fi/part-3/4-using-strings/,EXACT,FULL_SINGLE_PAGE,FULL_SINGLE_PAGE,FULL_SINGLE_PAGE,25,,VERIFIED,True
Java,java-classes-objects,Classes and objects,java-classes-objects-core,Creating classes,Dev.java,PRIMARY,documentation,https://dev.java/learn/classes-objects/creating-classes/,EXACT,ARTICLE_SECTION,Creating classes,Creating classes,10,MEDIUM,VERIFIED_COVERAGE,True
Java,java-classes-objects,Classes and objects,java-classes-objects-core,Creating and using objects,Dev.java,DEEP_DIVE,documentation,https://dev.java/learn/classes-objects/creating-objects/,EXACT,FULL_SINGLE_PAGE,FULL_SINGLE_PAGE,FULL_SINGLE_PAGE,10,,VERIFIED,True
Java,java-references,References,java-references-core,Creating and using objects,Dev.java,PRIMARY,documentation,https://dev.java/learn/classes-objects/creating-objects/,EXACT,ARTICLE_SECTION,Creating and using objects,Creating and using objects,16,MEDIUM,VERIFIED_COVERAGE,True
Java,java-references,References,java-references-core,Helsinki Part 5 — Primitive and reference variables,University of Helsinki,REFERENCE,interactive_tutorial,https://java-programming.mooc.fi/part-5/3-primitive-and-reference-variables/,EXACT,FULL_SINGLE_PAGE,FULL_SINGLE_PAGE,FULL_SINGLE_PAGE,20,MEDIUM,VERIFIED_COVERAGE,True
Java,java-constructors,Constructors,java-constructors-core,Providing constructors,Dev.java,PRIMARY,documentation,https://dev.java/learn/classes-objects/defining-constructors/,EXACT,FULL_SINGLE_PAGE,FULL_SINGLE_PAGE,FULL_SINGLE_PAGE,10,MEDIUM,VERIFIED_COVERAGE,True
Java,java-constructors,Constructors,java-constructors-core,Helsinki Part 5 — Method and constructor overloading,University of Helsinki,PRACTICE,interactive_tutorial,https://java-programming.mooc.fi/part-5/2-method-and-constructor-overloading/,EXACT,FULL_SINGLE_PAGE,FULL_SINGLE_PAGE,FULL_SINGLE_PAGE,25,,VERIFIED,True
Java,java-encapsulation,Encapsulation,java-encapsulation-core,"More on classes (this, access control)",Dev.java,PRIMARY,documentation,https://docs.oracle.com/javase/tutorial/java/javaOO/accesscontrol.html,EXACT,ARTICLE_SECTION,Controlling Access to Members of a Class,Controlling Access to Members of a Class,10,MEDIUM,VERIFIED_COVERAGE,True
Java,java-inheritance,Inheritance,java-inheritance-core,What is inheritance?,Dev.java,PRIMARY,documentation,https://dev.java/learn/inheritance/what-is-inheritance/,EXACT,FULL_SINGLE_PAGE,FULL_SINGLE_PAGE,FULL_SINGLE_PAGE,14,MEDIUM,VERIFIED_COVERAGE,True
Java,java-inheritance,Inheritance,java-inheritance-core,Overriding,Dev.java,DEEP_DIVE,documentation,https://dev.java/learn/inheritance/overriding/,EXACT,FULL_SINGLE_PAGE,FULL_SINGLE_PAGE,FULL_SINGLE_PAGE,10,,VERIFIED,True
Java,java-polymorphism,Polymorphism,java-polymorphism-core,Polymorphism,Dev.java,PRIMARY,documentation,https://dev.java/learn/inheritance/polymorphism/,EXACT,ARTICLE_SECTION,Polymorphism,Polymorphism,11,MEDIUM,VERIFIED_COVERAGE,True
Java,java-polymorphism,Polymorphism,java-polymorphism-core,Pattern matching,Dev.java,DEEP_DIVE,documentation,https://dev.java/learn/pattern-matching/,EXACT,FULL_SINGLE_PAGE,FULL_SINGLE_PAGE,FULL_SINGLE_PAGE,10,,VERIFIED,True
Java,java-abstract-classes,Abstract classes,java-abstract-classes-core,Abstract classes,Dev.java,PRIMARY,documentation,https://dev.java/learn/inheritance/abstract-classes/,EXACT,ARTICLE_SECTION,abstract-classes,abstract-classes,11,MEDIUM,VERIFIED_COVERAGE,True
Java,java-abstract-classes,Abstract classes,java-abstract-classes-core,Helsinki Part 9 — Inheritance,University of Helsinki,PRACTICE,interactive_tutorial,https://java-programming.mooc.fi/part-9/1-inheritance/,EXACT,FULL_SINGLE_PAGE,FULL_SINGLE_PAGE,FULL_SINGLE_PAGE,25,,VERIFIED,True
Java,java-interfaces,Interfaces,java-interfaces-core,Defining interfaces,Dev.java,PRIMARY,documentation,https://dev.java/learn/interfaces/defining-interfaces/,EXACT,FULL_SINGLE_PAGE,FULL_SINGLE_PAGE,FULL_SINGLE_PAGE,11,MEDIUM,VERIFIED_COVERAGE,True
Java,java-interfaces,Interfaces,java-interfaces-core,Interfaces as a type,Dev.java,DEEP_DIVE,documentation,https://dev.java/learn/interfaces/interfaces-as-a-type/,EXACT,FULL_SINGLE_PAGE,FULL_SINGLE_PAGE,FULL_SINGLE_PAGE,10,,VERIFIED,True
Java,java-composition,Composition,java-composition-core,Class design best practices,Dev.java,PRIMARY,documentation,https://docs.oracle.com/javase/tutorial/java/javaOO/objectcreation.html,EXACT,FULL_SINGLE_PAGE,FULL_SINGLE_PAGE,FULL_SINGLE_PAGE,12,MEDIUM,VERIFIED_COVERAGE,True
Java,java-composition,Composition,java-composition-core,Helsinki Part 6 — Separating UI from logic,University of Helsinki,PRACTICE,interactive_tutorial,https://java-programming.mooc.fi/part-6/2-separating-user-interface-from-program-logic/,EXACT,FULL_SINGLE_PAGE,FULL_SINGLE_PAGE,FULL_SINGLE_PAGE,25,,VERIFIED,True
Java,java-try-catch,try/catch,java-try-catch-core,Catching and handling exceptions,Dev.java,PRIMARY,documentation,https://dev.java/learn/exceptions/catching-handling/,EXACT,ARTICLE_SECTION,Catching and handling exceptions,Catching and handling exceptions,24,MEDIUM,VERIFIED_COVERAGE,True
Java,java-checked-unchecked,Checked and unchecked,java-checked-unchecked-core,What is an exception?,Dev.java,PRIMARY,documentation,https://dev.java/learn/exceptions/what-is-an-exception/,EXACT,ARTICLE_SECTION,what-is-an-exception,what-is-an-exception,11,MEDIUM,VERIFIED_COVERAGE,True
Java,java-checked-unchecked,Checked and unchecked,java-checked-unchecked-core,Throwing exceptions,Dev.java,REFERENCE,documentation,https://dev.java/learn/exceptions/throwing/,EXACT,FULL_SINGLE_PAGE,FULL_SINGLE_PAGE,FULL_SINGLE_PAGE,16,MEDIUM,VERIFIED_COVERAGE,True
Java,java-checked-unchecked,Checked and unchecked,java-checked-unchecked-core,Helsinki Part 11 — Exceptions,University of Helsinki,PRACTICE,interactive_tutorial,https://java-programming.mooc.fi/part-11/3-exceptions/,EXACT,FULL_SINGLE_PAGE,FULL_SINGLE_PAGE,FULL_SINGLE_PAGE,25,,VERIFIED,True
Java,java-custom-exceptions,Custom exceptions,java-custom-exceptions-core,Throwing exceptions,Dev.java,PRIMARY,documentation,https://dev.java/learn/exceptions/throwing/,EXACT,ARTICLE_SECTION,throwing,throwing,16,MEDIUM,VERIFIED_COVERAGE,True
Java,java-custom-exceptions,Custom exceptions,java-custom-exceptions-core,Helsinki Part 11 — Exceptions,University of Helsinki,PRACTICE,interactive_tutorial,https://java-programming.mooc.fi/part-11/3-exceptions/,EXACT,FULL_SINGLE_PAGE,FULL_SINGLE_PAGE,FULL_SINGLE_PAGE,25,,VERIFIED,True
Java,java-list,List,java-list-core,List interface,Dev.java,PRIMARY,documentation,https://dev.java/learn/api/collections-framework/lists/,EXACT,ARTICLE_SECTION,List interface,List interface,16,MEDIUM,VERIFIED_COVERAGE,True
Java,java-list,List,java-list-core,ArrayList vs LinkedList,Dev.java,DEEP_DIVE,documentation,https://dev.java/learn/api/collections-framework/arraylist-vs-linkedlist/,EXACT,FULL_SINGLE_PAGE,FULL_SINGLE_PAGE,FULL_SINGLE_PAGE,10,,VERIFIED,True
Java,java-set,Set,java-set-core,"Set, SortedSet, NavigableSet",Dev.java,PRIMARY,documentation,https://dev.java/learn/api/collections-framework/sets/,EXACT,ARTICLE_SECTION,Sets,Sets,11,MEDIUM,VERIFIED_COVERAGE,True
Java,java-set,Set,java-set-core,Collections Framework intro,Dev.java,REFERENCE,documentation,https://dev.java/learn/api/collections-framework/intro/,EXACT,FULL_SINGLE_PAGE,FULL_SINGLE_PAGE,FULL_SINGLE_PAGE,13,MEDIUM,VERIFIED_COVERAGE,True
Java,java-set,Set,java-set-core,Helsinki Part 8 — Hash map,University of Helsinki,PRACTICE,interactive_tutorial,https://java-programming.mooc.fi/part-8/2-hash-map/,EXACT,FULL_SINGLE_PAGE,FULL_SINGLE_PAGE,FULL_SINGLE_PAGE,25,,VERIFIED,True
Java,java-map,Map,java-map-core,Maps,Dev.java,PRIMARY,documentation,https://docs.oracle.com/javase/tutorial/collections/interfaces/map.html,EXACT,ARTICLE_SECTION,Map interface,Map interface,22,MEDIUM,VERIFIED_COVERAGE,True
Java,java-map,Map,java-map-core,Helsinki Part 8 — Grouping with hash maps,University of Helsinki,PRACTICE,interactive_tutorial,https://java-programming.mooc.fi/part-8/4-grouping-data-using-hash-maps/,EXACT,FULL_SINGLE_PAGE,FULL_SINGLE_PAGE,FULL_SINGLE_PAGE,25,,VERIFIED,True
Java,java-iteration,Iteration,java-iteration-core,Iterating collections,Dev.java,PRIMARY,documentation,https://dev.java/learn/api/collections-framework/iterating/,EXACT,ARTICLE_SECTION,iterating,iterating,11,MEDIUM,VERIFIED_COVERAGE,True
Java,java-iteration,Iteration,java-iteration-core,Helsinki Part 3 — Lists,University of Helsinki,PRACTICE,interactive_tutorial,https://java-programming.mooc.fi/part-3/2-lists/,EXACT,FULL_SINGLE_PAGE,FULL_SINGLE_PAGE,FULL_SINGLE_PAGE,25,,VERIFIED,True
Java,java-priority-queue,PriorityQueue,java-priority-queue-core,Bro Code — Priority Queue,Bro Code,PRIMARY,youtube_video,https://www.youtube.com/watch?v=7z_HXFZqXqc,EXACT,VIDEO_TIMESTAMP,Priority Queue,00:10:00,10,MEDIUM,NEEDS_REVIEW,True
Java,java-priority-queue,PriorityQueue,java-priority-queue-core,PriorityQueue API (Java 21),Oracle JDK,REFERENCE,documentation,https://docs.oracle.com/en/java/javase/21/docs/api/java.base/java/util/PriorityQueue.html,EXACT,FULL_SINGLE_PAGE,FULL_SINGLE_PAGE,FULL_SINGLE_PAGE,22,MEDIUM,VERIFIED_COVERAGE,True
Java,java-priority-queue,PriorityQueue,java-priority-queue-core,Collections Framework intro,Dev.java,DEEP_DIVE,documentation,https://dev.java/learn/api/collections-framework/intro/,EXACT,FULL_SINGLE_PAGE,FULL_SINGLE_PAGE,FULL_SINGLE_PAGE,10,,VERIFIED,True
Java,java-generic-types,Generic types,java-generic-types-core,Generics intro,Dev.java,PRIMARY,documentation,https://dev.java/learn/generics/intro/,EXACT,FULL_SINGLE_PAGE,FULL_SINGLE_PAGE,FULL_SINGLE_PAGE,22,MEDIUM,VERIFIED_COVERAGE,True
Java,java-generic-types,Generic types,java-generic-types-core,Type erasure,Dev.java,DEEP_DIVE,documentation,https://dev.java/learn/generics/type-erasure/,EXACT,FULL_SINGLE_PAGE,FULL_SINGLE_PAGE,FULL_SINGLE_PAGE,10,,VERIFIED,True
Java,java-generic-bounds,Bounds,java-generic-bounds-core,Wildcards,Dev.java,PRIMARY,documentation,https://dev.java/learn/generics/wildcards/,EXACT,ARTICLE_SECTION,wildcards,wildcards,20,MEDIUM,VERIFIED_COVERAGE,True
Java,java-generic-bounds,Bounds,java-generic-bounds-core,Helsinki Part 12 — Type parameters,University of Helsinki,PRACTICE,interactive_tutorial,https://java-programming.mooc.fi/part-12/1-type-parameters/,EXACT,FULL_SINGLE_PAGE,FULL_SINGLE_PAGE,FULL_SINGLE_PAGE,25,,VERIFIED,True
Java,java-comparable-comparator,Comparable and Comparator,java-comparable-comparator-core,Writing comparators (lambdas),Dev.java,PRIMARY,documentation,https://dev.java/learn/lambdas/writing-comparators/,EXACT,FULL_SINGLE_PAGE,FULL_SINGLE_PAGE,FULL_SINGLE_PAGE,15,MEDIUM,VERIFIED_COVERAGE,True
Java,java-comparable-comparator,Comparable and Comparator,java-comparable-comparator-core,Comparable API (Java 21),Oracle JDK,DEEP_DIVE,documentation,https://docs.oracle.com/en/java/javase/21/docs/api/java.base/java/lang/Comparable.html,EXACT,FULL_SINGLE_PAGE,FULL_SINGLE_PAGE,FULL_SINGLE_PAGE,10,,VERIFIED,True
Java,java-functional-interfaces,Functional interfaces,java-functional-interfaces-core,Functional interfaces,Dev.java,PRIMARY,documentation,https://dev.java/learn/lambdas/functional-interfaces/,EXACT,ARTICLE_SECTION,functional-interfaces,functional-interfaces,23,MEDIUM,VERIFIED_COVERAGE,True
Java,java-functional-interfaces,Functional interfaces,java-functional-interfaces-core,Helsinki Part 10 — Collections as streams,University of Helsinki,PRACTICE,interactive_tutorial,https://java-programming.mooc.fi/part-10/1-handling-collections-as-streams/,EXACT,FULL_SINGLE_PAGE,FULL_SINGLE_PAGE,FULL_SINGLE_PAGE,25,,VERIFIED,True
Java,java-lambdas,Lambdas,java-lambdas-core,First lambdas,Dev.java,PRIMARY,documentation,https://dev.java/learn/lambdas/first-lambdas/,EXACT,ARTICLE_SECTION,first-lambdas,first-lambdas,19,MEDIUM,VERIFIED_COVERAGE,True
Java,java-lambdas,Lambdas,java-lambdas-core,Method references,Dev.java,REFERENCE,documentation,https://dev.java/learn/lambdas/method-references/,EXACT,FULL_SINGLE_PAGE,FULL_SINGLE_PAGE,FULL_SINGLE_PAGE,12,MEDIUM,VERIFIED_COVERAGE,True
Java,java-lambdas,Lambdas,java-lambdas-core,Helsinki Part 10 — Collections as streams,University of Helsinki,PRACTICE,interactive_tutorial,https://java-programming.mooc.fi/part-10/1-handling-collections-as-streams/,EXACT,FULL_SINGLE_PAGE,FULL_SINGLE_PAGE,FULL_SINGLE_PAGE,25,,VERIFIED,True
Java,java-stream-pipeline,Stream pipeline,java-stream-pipeline-core,Stream API,Dev.java,PRIMARY,documentation,https://dev.java/learn/api/streams/,EXACT,ARTICLE_SECTION,Stream API,Stream API,10,MEDIUM,VERIFIED_COVERAGE,True
Java,java-stream-pipeline,Stream pipeline,java-stream-pipeline-core,Intermediate operations,Dev.java,DEEP_DIVE,documentation,https://dev.java/learn/api/streams/intermediate-operation/,EXACT,FULL_SINGLE_PAGE,FULL_SINGLE_PAGE,FULL_SINGLE_PAGE,10,,VERIFIED,True
Java,java-stream-operations,Common operations,java-stream-operations-core,map / filter / reduce,Dev.java,PRIMARY,documentation,https://dev.java/learn/api/streams/map-filter-reduce/,EXACT,ARTICLE_SECTION,map-filter-reduce,map-filter-reduce,21,MEDIUM,VERIFIED_COVERAGE,True
Java,java-stream-operations,Common operations,java-stream-operations-core,Terminal operations,Dev.java,REFERENCE,documentation,https://dev.java/learn/api/streams/terminal-operations/,EXACT,FULL_SINGLE_PAGE,FULL_SINGLE_PAGE,FULL_SINGLE_PAGE,28,MEDIUM,VERIFIED_COVERAGE,True
Java,java-stream-operations,Common operations,java-stream-operations-core,Helsinki Part 10 — Collections as streams,University of Helsinki,PRACTICE,interactive_tutorial,https://java-programming.mooc.fi/part-10/1-handling-collections-as-streams/,EXACT,FULL_SINGLE_PAGE,FULL_SINGLE_PAGE,FULL_SINGLE_PAGE,25,,VERIFIED,True
Java,java-paths-files,Paths and files,java-paths-files-core,Java I/O — file system,Dev.java,PRIMARY,documentation,https://dev.java/learn/java-io/file-system/,EXACT,ARTICLE_SECTION,file-system,file-system,10,MEDIUM,VERIFIED_COVERAGE,True
Java,java-paths-files,Paths and files,java-paths-files-core,The Java I/O API,Dev.java,REFERENCE,documentation,https://dev.java/learn/java-io/intro/,EXACT,FULL_SINGLE_PAGE,FULL_SINGLE_PAGE,FULL_SINGLE_PAGE,12,MEDIUM,VERIFIED_COVERAGE,True
Java,java-paths-files,Paths and files,java-paths-files-core,Helsinki Part 11 — Processing files,University of Helsinki,PRACTICE,interactive_tutorial,https://java-programming.mooc.fi/part-11/4-processing-files/,EXACT,FULL_SINGLE_PAGE,FULL_SINGLE_PAGE,FULL_SINGLE_PAGE,25,,VERIFIED,True
Java,java-readers-writers,Readers and writers,java-readers-writers-core,Reading and writing,Dev.java,PRIMARY,documentation,https://dev.java/learn/java-io/reading-writing/,EXACT,ARTICLE_SECTION,reading-writing,reading-writing,10,MEDIUM,VERIFIED_COVERAGE,True
Java,java-readers-writers,Readers and writers,java-readers-writers-core,Helsinki Part 4 — Files and reading data,University of Helsinki,PRACTICE,interactive_tutorial,https://java-programming.mooc.fi/part-4/3-files-and-reading-data/,EXACT,FULL_SINGLE_PAGE,FULL_SINGLE_PAGE,FULL_SINGLE_PAGE,25,,VERIFIED,True
Java,java-readers-writers,Readers and writers,java-readers-writers-core,Helsinki Part 11 — Processing files,University of Helsinki,DEEP_DIVE,interactive_tutorial,https://java-programming.mooc.fi/part-11/4-processing-files/,EXACT,FULL_SINGLE_PAGE,FULL_SINGLE_PAGE,FULL_SINGLE_PAGE,25,,VERIFIED,True
Java,java-junit-basics,JUnit basics,java-junit-basics-core,Helsinki Part 6 — Introduction to testing,University of Helsinki,PRIMARY,interactive_tutorial,https://java-programming.mooc.fi/part-6/3-introduction-to-testing/,EXACT,ARTICLE_SECTION,3-introduction-to-testing,3-introduction-to-testing,20,MEDIUM,VERIFIED_COVERAGE,True
Java,java-junit-basics,JUnit basics,java-junit-basics-core,JUnit 5 User Guide,JUnit,REFERENCE,documentation,https://junit.org/junit5/docs/current/user-guide/,EXACT,FULL_SINGLE_PAGE,FULL_SINGLE_PAGE,FULL_SINGLE_PAGE,10,MEDIUM,VERIFIED_COVERAGE,True
Java,java-assertions,Assertions,java-assertions-core,JUnit 5 User Guide,JUnit,PRIMARY,documentation,https://docs.junit.org/6.1.3/overview.html,EXACT,ARTICLE_SECTION,user-guide,user-guide,10,MEDIUM,VERIFIED_COVERAGE,True
Java,java-assertions,Assertions,java-assertions-core,Helsinki Part 6 — Introduction to testing,University of Helsinki,PRACTICE,interactive_tutorial,https://java-programming.mooc.fi/part-6/3-introduction-to-testing/,EXACT,FULL_SINGLE_PAGE,FULL_SINGLE_PAGE,FULL_SINGLE_PAGE,25,,VERIFIED,True
Java,java-threads,Threads,java-threads-core,Oracle concurrency tutorial,Oracle,PRIMARY,documentation,https://docs.oracle.com/javase/tutorial/essential/concurrency/,EXACT,ARTICLE_SECTION,concurrency,concurrency,10,MEDIUM,VERIFIED_COVERAGE,True
Java,java-threads,Threads,java-threads-core,Virtual threads,Dev.java,DEEP_DIVE,documentation,https://dev.java/learn/new-features/virtual-threads/,EXACT,FULL_SINGLE_PAGE,FULL_SINGLE_PAGE,FULL_SINGLE_PAGE,10,,VERIFIED,True
Java,java-synchronization-basics,Synchronization basics,java-synchronization-basics-core,Oracle concurrency tutorial,Oracle,PRIMARY,documentation,https://docs.oracle.com/javase/tutorial/essential/concurrency/,EXACT,ARTICLE_SECTION,concurrency,concurrency,10,MEDIUM,VERIFIED_COVERAGE,True
Java,java-synchronization-basics,Synchronization basics,java-synchronization-basics-core,Virtual threads,Dev.java,REFERENCE,documentation,https://dev.java/learn/new-features/virtual-threads/,EXACT,FULL_SINGLE_PAGE,FULL_SINGLE_PAGE,FULL_SINGLE_PAGE,17,MEDIUM,VERIFIED_COVERAGE,True
Java,java-bytecode,Bytecode,java-bytecode-core,javap — Core JDK tools,Dev.java,PRIMARY,documentation,https://dev.java/learn/jvm/tools/core/javap/,EXACT,ARTICLE_SECTION,javap,javap,10,MEDIUM,VERIFIED_COVERAGE,True
Java,java-bytecode,Bytecode,java-bytecode-core,javac,Dev.java,REFERENCE,documentation,https://dev.java/learn/jvm/tools/core/javac/,EXACT,FULL_SINGLE_PAGE,FULL_SINGLE_PAGE,FULL_SINGLE_PAGE,36,MEDIUM,VERIFIED_COVERAGE,True
Java,java-memory-model-basics,Memory model basics,java-memory-model-basics-core,Java Language Specification SE 21 — Chapter 17 Threads and Locks,Oracle,PRIMARY,documentation,https://docs.oracle.com/javase/specs/jls/se21/html/jls-17.html,MULTI_TOPIC,FULL_SINGLE_PAGE,FULL_SINGLE_PAGE,FULL_SINGLE_PAGE,63,MEDIUM,VERIFIED_COVERAGE,True
Java,java-memory-model-basics,Memory model basics,java-memory-model-basics-core,Garbage collection overview,Dev.java,REFERENCE,documentation,https://dev.java/learn/jvm/tool/garbage-collection/,EXACT,FULL_SINGLE_PAGE,FULL_SINGLE_PAGE,FULL_SINGLE_PAGE,10,MEDIUM,NEEDS_REVIEW,True
Java,java-memory-model-basics,Memory model basics,java-memory-model-basics-core,Dev.java — Java Memory Model Basics,Dev.java,SUPPLEMENT,documentation,https://dev.java/learn/jvm/memory-model/,COLLECTION,FULL_SINGLE_PAGE,FULL_SINGLE_PAGE,FULL_SINGLE_PAGE,,LOW,BROKEN,True
Java,java-gc-intro,Garbage collection intro,java-gc-intro-core,Garbage collection overview,Dev.java,PRIMARY,documentation,https://dev.java/learn/jvm/tool/garbage-collection/,EXACT,ARTICLE_SECTION,garbage-collection,garbage-collection,10,MEDIUM,VERIFIED_COVERAGE,True
Java,java-packages,Packages,java-packages-core,Packages,Dev.java,PRIMARY,documentation,https://dev.java/learn/packages/,EXACT,ARTICLE_SECTION,Packages,Packages,17,MEDIUM,VERIFIED_COVERAGE,True
Java,java-api-hygiene,API hygiene,java-api-hygiene-core,Class design best practices,Dev.java,PRIMARY,documentation,https://docs.oracle.com/javase/tutorial/java/package/index.html,EXACT,ARTICLE_SECTION,Packages,Packages,10,MEDIUM,VERIFIED_COVERAGE,True
Java,java-api-hygiene,API hygiene,java-api-hygiene-core,Debugging,Dev.java,DEEP_DIVE,documentation,https://dev.java/learn/debugging/,EXACT,FULL_SINGLE_PAGE,FULL_SINGLE_PAGE,FULL_SINGLE_PAGE,10,,VERIFIED,True
DSA & Algorithms,dsa-algorithmic-thinking,Algorithmic thinking,dsa-algorithmic-thinking-core,Learn: Algorithmic thinking,GeeksforGeeks,PRIMARY,documentation,https://www.geeksforgeeks.org/what-is-an-algorithm-definition-types-complexity-examples/,EXACT,ARTICLE_SECTION,Algorithm definition,Algorithm definition,11,MEDIUM,VERIFIED_COVERAGE,True
DSA & Algorithms,dsa-algorithmic-thinking,Algorithmic thinking,dsa-algorithmic-thinking-core,MIT 6.006 Lecture 1 — Algorithms and Computation,MIT OCW 6.006,DEEP_DIVE,documentation,https://ocw.mit.edu/courses/6-006-introduction-to-algorithms-spring-2020/resources/lecture-1-algorithms-and-computation/,EXACT,FULL_SINGLE_PAGE,FULL_SINGLE_PAGE,FULL_SINGLE_PAGE,10,,VERIFIED,True
DSA & Algorithms,dsa-big-o,Big-O notation,dsa-big-o-core,Learn: Big-O notation,GeeksforGeeks,PRIMARY,documentation,https://www.geeksforgeeks.org/analysis-of-algorithms-big-o-analysis/,COLLECTION,ARTICLE_SECTION,Big-O,Big-O,,LOW,BROKEN,True
DSA & Algorithms,dsa-big-o,Big-O notation,dsa-big-o-core,MIT 6.006 Lecture 1 — Algorithms and Computation,MIT OCW 6.006,DEEP_DIVE,documentation,https://ocw.mit.edu/courses/6-006-introduction-to-algorithms-spring-2020/resources/lecture-1-algorithms-and-computation/,EXACT,FULL_SINGLE_PAGE,FULL_SINGLE_PAGE,FULL_SINGLE_PAGE,10,,VERIFIED,True
DSA & Algorithms,dsa-big-o,Big-O notation,dsa-big-o-core,MIT 6.006 Lecture 19 — Complexity,MIT OCW 6.006,DEEP_DIVE,documentation,https://ocw.mit.edu/courses/6-006-introduction-to-algorithms-spring-2020/resources/lecture-19-complexity/,EXACT,FULL_SINGLE_PAGE,FULL_SINGLE_PAGE,FULL_SINGLE_PAGE,10,,VERIFIED,True
DSA & Algorithms,dsa-best-worst-average,"Best, worst, average",dsa-best-worst-average-core,NeetCode — Best Time to Buy and Sell Stock,NeetCode,PRIMARY,documentation,https://www.geeksforgeeks.org/analysis-of-algorithms-set-2-asymptotic-analysis/,EXACT,ARTICLE_SECTION,Brute Force; Two Pointers; Dynamic Programming; Time & Space Complexity,Brute Force; Two Pointers; Dynamic Programming; Time & Space Complexity,19,MEDIUM,VERIFIED_COVERAGE,True
DSA & Algorithms,dsa-best-worst-average,"Best, worst, average",dsa-best-worst-average-core,MIT 6.006 Lecture 19 — Complexity,MIT OCW 6.006,DEEP_DIVE,documentation,https://ocw.mit.edu/courses/6-006-introduction-to-algorithms-spring-2020/resources/lecture-19-complexity/,EXACT,FULL_SINGLE_PAGE,FULL_SINGLE_PAGE,FULL_SINGLE_PAGE,10,,VERIFIED,True
DSA & Algorithms,dsa-array-traversal,Array traversal,dsa-array-traversal-core,Learn: Array traversal,GeeksforGeeks,PRIMARY,documentation,https://www.geeksforgeeks.org/array-data-structure-guide/,EXACT,ARTICLE_SECTION,Array traversal,Array traversal,10,MEDIUM,VERIFIED_COVERAGE,True
DSA & Algorithms,dsa-array-traversal,Array traversal,dsa-array-traversal-core,MIT 6.006 Lecture 2 — Data Structures and Dynamic Arrays,MIT OCW 6.006,DEEP_DIVE,documentation,https://ocw.mit.edu/courses/6-006-introduction-to-algorithms-spring-2020/resources/lecture-2-data-structures-and-dynamic-arrays/,EXACT,FULL_SINGLE_PAGE,FULL_SINGLE_PAGE,FULL_SINGLE_PAGE,10,,VERIFIED,True
DSA & Algorithms,dsa-array-traversal,Array traversal,dsa-array-traversal-core,NeetCode Core Skills — Design Dynamic Array,NeetCode,PRACTICE,coding_problem,https://neetcode.io/practice/practice/coreSkills,EXACT,FULL_SINGLE_PAGE,FULL_SINGLE_PAGE,FULL_SINGLE_PAGE,20,,VERIFIED,True
DSA & Algorithms,dsa-array-traversal,Array traversal,dsa-array-traversal-core,NeetCode 150 — Arrays & Hashing (representative subset),NeetCode,PRACTICE,coding_problem,https://neetcode.io/practice/practice/neetcode150,EXACT,FULL_SINGLE_PAGE,FULL_SINGLE_PAGE,FULL_SINGLE_PAGE,20,,VERIFIED,True
DSA & Algorithms,dsa-array-insert-delete,Insertion and deletion concepts,dsa-array-insert-delete-core,Learn: Insertion and deletion concepts,GeeksforGeeks,PRIMARY,documentation,https://www.geeksforgeeks.org/insertion-and-deletion-in-arrays/,COLLECTION,ARTICLE_SECTION,Insert/Delete,Insert/Delete,,LOW,BROKEN,True
DSA & Algorithms,dsa-array-insert-delete,Insertion and deletion concepts,dsa-array-insert-delete-core,MIT 6.006 Lecture 2 — Data Structures and Dynamic Arrays,MIT OCW 6.006,DEEP_DIVE,documentation,https://ocw.mit.edu/courses/6-006-introduction-to-algorithms-spring-2020/resources/lecture-2-data-structures-and-dynamic-arrays/,EXACT,FULL_SINGLE_PAGE,FULL_SINGLE_PAGE,FULL_SINGLE_PAGE,10,,VERIFIED,True
DSA & Algorithms,dsa-array-insert-delete,Insertion and deletion concepts,dsa-array-insert-delete-core,NeetCode Core Skills — Design Dynamic Array,NeetCode,PRACTICE,coding_problem,https://neetcode.io/practice/practice/coreSkills,EXACT,FULL_SINGLE_PAGE,FULL_SINGLE_PAGE,FULL_SINGLE_PAGE,20,,VERIFIED,True
DSA & Algorithms,dsa-array-insert-delete,Insertion and deletion concepts,dsa-array-insert-delete-core,NeetCode 150 — Arrays & Hashing (representative subset),NeetCode,PRACTICE,coding_problem,https://neetcode.io/practice/practice/neetcode150,EXACT,FULL_SINGLE_PAGE,FULL_SINGLE_PAGE,FULL_SINGLE_PAGE,20,,VERIFIED,True
DSA & Algorithms,dsa-prefix-sums,Prefix sums,dsa-prefix-sums-core,Learn: Prefix sums,GeeksforGeeks,PRIMARY,documentation,https://www.geeksforgeeks.org/prefix-sum-array-implementation-applications-competitive-programming/,EXACT,ARTICLE_SECTION,Prefix sum,Prefix sum,11,MEDIUM,VERIFIED_COVERAGE,True
DSA & Algorithms,dsa-prefix-sums,Prefix sums,dsa-prefix-sums-core,MIT 6.006 Lecture 2 — Data Structures and Dynamic Arrays,MIT OCW 6.006,DEEP_DIVE,documentation,https://ocw.mit.edu/courses/6-006-introduction-to-algorithms-spring-2020/resources/lecture-2-data-structures-and-dynamic-arrays/,EXACT,FULL_SINGLE_PAGE,FULL_SINGLE_PAGE,FULL_SINGLE_PAGE,10,,VERIFIED,True
DSA & Algorithms,dsa-prefix-sums,Prefix sums,dsa-prefix-sums-core,NeetCode 150 — Arrays & Hashing (representative subset),NeetCode,PRACTICE,coding_problem,https://neetcode.io/practice/practice/neetcode150,EXACT,FULL_SINGLE_PAGE,FULL_SINGLE_PAGE,FULL_SINGLE_PAGE,20,,VERIFIED,True
DSA & Algorithms,dsa-array-frequency,Frequency counting,dsa-array-frequency-core,NeetCode — Valid Anagram,NeetCode,PRIMARY,documentation,https://www.geeksforgeeks.org/counting-frequencies-of-array-elements/,EXACT,ARTICLE_SECTION,Hash Map; Hash Table (Using Array),Hash Map; Hash Table (Using Array),24,MEDIUM,VERIFIED_COVERAGE,True
DSA & Algorithms,dsa-array-frequency,Frequency counting,dsa-array-frequency-core,MIT 6.006 Lecture 2 — Data Structures and Dynamic Arrays,MIT OCW 6.006,DEEP_DIVE,documentation,https://ocw.mit.edu/courses/6-006-introduction-to-algorithms-spring-2020/resources/lecture-2-data-structures-and-dynamic-arrays/,EXACT,FULL_SINGLE_PAGE,FULL_SINGLE_PAGE,FULL_SINGLE_PAGE,10,,VERIFIED,True
DSA & Algorithms,dsa-array-frequency,Frequency counting,dsa-array-frequency-core,NeetCode 150 — Arrays & Hashing (representative subset),NeetCode,PRACTICE,coding_problem,https://neetcode.io/practice/practice/neetcode150,EXACT,FULL_SINGLE_PAGE,FULL_SINGLE_PAGE,FULL_SINGLE_PAGE,20,,VERIFIED,True
DSA & Algorithms,dsa-array-patterns,Array patterns,dsa-array-patterns-core,NeetCode — Product of Array Except Self,NeetCode,PRIMARY,documentation,https://www.geeksforgeeks.org/two-pointers-technique/,EXACT,ARTICLE_SECTION,Prefix and Suffix Products,Prefix and Suffix Products,23,MEDIUM,VERIFIED_COVERAGE,True
DSA & Algorithms,dsa-array-patterns,Array patterns,dsa-array-patterns-core,MIT 6.006 Lecture 2 — Data Structures and Dynamic Arrays,MIT OCW 6.006,DEEP_DIVE,documentation,https://ocw.mit.edu/courses/6-006-introduction-to-algorithms-spring-2020/resources/lecture-2-data-structures-and-dynamic-arrays/,EXACT,FULL_SINGLE_PAGE,FULL_SINGLE_PAGE,FULL_SINGLE_PAGE,10,,VERIFIED,True
DSA & Algorithms,dsa-array-patterns,Array patterns,dsa-array-patterns-core,NeetCode 150 — Arrays & Hashing (representative subset),NeetCode,PRACTICE,coding_problem,https://neetcode.io/practice/practice/neetcode150,EXACT,FULL_SINGLE_PAGE,FULL_SINGLE_PAGE,FULL_SINGLE_PAGE,20,,VERIFIED,True
DSA & Algorithms,dsa-string-manipulation,String manipulation,dsa-string-manipulation-core,Learn: String manipulation,GeeksforGeeks,PRIMARY,documentation,https://www.geeksforgeeks.org/string-data-structure/,EXACT,ARTICLE_SECTION,String basics,String basics,10,MEDIUM,VERIFIED_COVERAGE,True
DSA & Algorithms,dsa-string-manipulation,String manipulation,dsa-string-manipulation-core,NeetCode 150 — Arrays & Hashing (representative subset),NeetCode,PRACTICE,coding_problem,https://neetcode.io/practice/practice/neetcode150,EXACT,FULL_SINGLE_PAGE,FULL_SINGLE_PAGE,FULL_SINGLE_PAGE,20,,VERIFIED,True
DSA & Algorithms,dsa-string-frequency,String frequency,dsa-string-frequency-core,Learn: String frequency,GeeksforGeeks,PRIMARY,documentation,https://www.geeksforgeeks.org/string-data-structure/,EXACT,ARTICLE_SECTION,Strings,Strings,10,MEDIUM,VERIFIED_COVERAGE,True
DSA & Algorithms,dsa-string-frequency,String frequency,dsa-string-frequency-core,NeetCode 150 — Arrays & Hashing (representative subset),NeetCode,PRACTICE,coding_problem,https://neetcode.io/practice/practice/neetcode150,EXACT,FULL_SINGLE_PAGE,FULL_SINGLE_PAGE,FULL_SINGLE_PAGE,20,,VERIFIED,True
DSA & Algorithms,dsa-character-processing,Character processing,dsa-character-processing-core,NeetCode — Valid Anagram,NeetCode,PRIMARY,documentation,https://www.geeksforgeeks.org/data-structures/,EXACT,ARTICLE_SECTION,Hash Map (Using Array); String,Hash Map (Using Array); String,20,MEDIUM,VERIFIED_COVERAGE,True
DSA & Algorithms,dsa-character-processing,Character processing,dsa-character-processing-core,NeetCode 150 — Arrays & Hashing (representative subset),NeetCode,PRACTICE,coding_problem,https://neetcode.io/practice/practice/neetcode150,EXACT,FULL_SINGLE_PAGE,FULL_SINGLE_PAGE,FULL_SINGLE_PAGE,20,,VERIFIED,True
DSA & Algorithms,dsa-string-patterns,String patterns,dsa-string-patterns-core,Learn: String patterns,GeeksforGeeks,PRIMARY,documentation,https://www.geeksforgeeks.org/string-data-structure/,EXACT,ARTICLE_SECTION,Strings,Strings,10,MEDIUM,VERIFIED_COVERAGE,True
DSA & Algorithms,dsa-string-patterns,String patterns,dsa-string-patterns-core,NeetCode 150 — Arrays & Hashing (representative subset),NeetCode,PRACTICE,coding_problem,https://neetcode.io/practice/practice/neetcode150,EXACT,FULL_SINGLE_PAGE,FULL_SINGLE_PAGE,FULL_SINGLE_PAGE,20,,VERIFIED,True
DSA & Algorithms,dsa-hash-map,Hash map,dsa-hash-map-core,Learn: Hash map,GeeksforGeeks,PRIMARY,documentation,https://www.geeksforgeeks.org/hashing-data-structure/,EXACT,ARTICLE_SECTION,Hashing,Hashing,10,MEDIUM,VERIFIED_COVERAGE,True
DSA & Algorithms,dsa-hash-map,Hash map,dsa-hash-map-core,MIT 6.006 Lecture 4 — Hashing,MIT OCW 6.006,DEEP_DIVE,documentation,https://ocw.mit.edu/courses/6-006-introduction-to-algorithms-spring-2020/resources/lecture-4-hashing/,EXACT,FULL_SINGLE_PAGE,FULL_SINGLE_PAGE,FULL_SINGLE_PAGE,10,,VERIFIED,True
DSA & Algorithms,dsa-hash-map,Hash map,dsa-hash-map-core,NeetCode Core Skills — Design Hash Table,NeetCode,PRACTICE,coding_problem,https://neetcode.io/practice/practice/coreSkills,EXACT,FULL_SINGLE_PAGE,FULL_SINGLE_PAGE,FULL_SINGLE_PAGE,20,,VERIFIED,True
DSA & Algorithms,dsa-hash-map,Hash map,dsa-hash-map-core,NeetCode 150 — Arrays & Hashing (representative subset),NeetCode,PRACTICE,coding_problem,https://neetcode.io/practice/practice/neetcode150,EXACT,FULL_SINGLE_PAGE,FULL_SINGLE_PAGE,FULL_SINGLE_PAGE,20,,VERIFIED,True
DSA & Algorithms,dsa-hash-set,Hash set,dsa-hash-set-core,Learn: Hash set,GeeksforGeeks,PRIMARY,documentation,https://www.geeksforgeeks.org/hashing-data-structure/,EXACT,ARTICLE_SECTION,HashSet,HashSet,10,MEDIUM,VERIFIED_COVERAGE,True
DSA & Algorithms,dsa-hash-set,Hash set,dsa-hash-set-core,MIT 6.006 Lecture 4 — Hashing,MIT OCW 6.006,DEEP_DIVE,documentation,https://ocw.mit.edu/courses/6-006-introduction-to-algorithms-spring-2020/resources/lecture-4-hashing/,EXACT,FULL_SINGLE_PAGE,FULL_SINGLE_PAGE,FULL_SINGLE_PAGE,10,,VERIFIED,True
DSA & Algorithms,dsa-hash-set,Hash set,dsa-hash-set-core,NeetCode 150 — Arrays & Hashing (representative subset),NeetCode,PRACTICE,coding_problem,https://neetcode.io/practice/practice/neetcode150,EXACT,FULL_SINGLE_PAGE,FULL_SINGLE_PAGE,FULL_SINGLE_PAGE,20,,VERIFIED,True
DSA & Algorithms,dsa-frequency-maps,Frequency maps,dsa-frequency-maps-core,NeetCode — Top K Frequent Elements,NeetCode,PRIMARY,documentation,https://www.geeksforgeeks.org/data-structures/,EXACT,ARTICLE_SECTION,Hash Map; Frequency counting; Min-Heap; Bucket Sort,Hash Map; Frequency counting; Min-Heap; Bucket Sort,20,MEDIUM,VERIFIED_COVERAGE,True
DSA & Algorithms,dsa-frequency-maps,Frequency maps,dsa-frequency-maps-core,MIT 6.006 Lecture 4 — Hashing,MIT OCW 6.006,DEEP_DIVE,documentation,https://ocw.mit.edu/courses/6-006-introduction-to-algorithms-spring-2020/resources/lecture-4-hashing/,EXACT,FULL_SINGLE_PAGE,FULL_SINGLE_PAGE,FULL_SINGLE_PAGE,10,,VERIFIED,True
DSA & Algorithms,dsa-frequency-maps,Frequency maps,dsa-frequency-maps-core,NeetCode 150 — Arrays & Hashing (representative subset),NeetCode,PRACTICE,coding_problem,https://neetcode.io/practice/practice/neetcode150,EXACT,FULL_SINGLE_PAGE,FULL_SINGLE_PAGE,FULL_SINGLE_PAGE,20,,VERIFIED,True
DSA & Algorithms,dsa-lookup-patterns,Lookup patterns,dsa-lookup-patterns-core,Learn: Lookup patterns,GeeksforGeeks,PRIMARY,documentation,https://www.geeksforgeeks.org/data-structures/,EXACT,ARTICLE_SECTION,Data structures overview,Data structures overview,20,MEDIUM,NEEDS_REVIEW,True
DSA & Algorithms,dsa-lookup-patterns,Lookup patterns,dsa-lookup-patterns-core,MIT 6.006 Lecture 4 — Hashing,MIT OCW 6.006,DEEP_DIVE,documentation,https://ocw.mit.edu/courses/6-006-introduction-to-algorithms-spring-2020/resources/lecture-4-hashing/,EXACT,FULL_SINGLE_PAGE,FULL_SINGLE_PAGE,FULL_SINGLE_PAGE,10,,VERIFIED,True
DSA & Algorithms,dsa-lookup-patterns,Lookup patterns,dsa-lookup-patterns-core,NeetCode 150 — Arrays & Hashing (representative subset),NeetCode,PRACTICE,coding_problem,https://neetcode.io/practice/practice/neetcode150,EXACT,FULL_SINGLE_PAGE,FULL_SINGLE_PAGE,FULL_SINGLE_PAGE,20,,VERIFIED,True
DSA & Algorithms,dsa-two-pointers-opposite,Opposite-direction pointers,dsa-two-pointers-opposite-core,Learn: Opposite-direction pointers,GeeksforGeeks,PRIMARY,documentation,https://www.geeksforgeeks.org/two-pointers-technique/,EXACT,ARTICLE_SECTION,Two pointers,Two pointers,23,MEDIUM,VERIFIED_COVERAGE,True
DSA & Algorithms,dsa-two-pointers-opposite,Opposite-direction pointers,dsa-two-pointers-opposite-core,NeetCode 150 — Two Pointers (representative subset),NeetCode,PRACTICE,coding_problem,https://neetcode.io/practice/practice/neetcode150,EXACT,FULL_SINGLE_PAGE,FULL_SINGLE_PAGE,FULL_SINGLE_PAGE,20,,VERIFIED,True
DSA & Algorithms,dsa-two-pointers-same,Same-direction pointers,dsa-two-pointers-same-core,Learn: Same-direction pointers,GeeksforGeeks,PRIMARY,documentation,https://www.geeksforgeeks.org/two-pointers-technique/,EXACT,ARTICLE_SECTION,Two pointers,Two pointers,23,MEDIUM,VERIFIED_COVERAGE,True
DSA & Algorithms,dsa-two-pointers-same,Same-direction pointers,dsa-two-pointers-same-core,NeetCode 150 — Two Pointers (representative subset),NeetCode,PRACTICE,coding_problem,https://neetcode.io/practice/practice/neetcode150,EXACT,FULL_SINGLE_PAGE,FULL_SINGLE_PAGE,FULL_SINGLE_PAGE,20,,VERIFIED,True
DSA & Algorithms,dsa-two-pointers-partition,Partition-style patterns,dsa-two-pointers-partition-core,Learn: Partition-style patterns,GeeksforGeeks,PRIMARY,documentation,https://www.geeksforgeeks.org/two-pointers-technique/,EXACT,ARTICLE_SECTION,Two pointers,Two pointers,23,MEDIUM,VERIFIED_COVERAGE,True
DSA & Algorithms,dsa-two-pointers-partition,Partition-style patterns,dsa-two-pointers-partition-core,NeetCode 150 — Two Pointers (representative subset),NeetCode,PRACTICE,coding_problem,https://neetcode.io/practice/practice/neetcode150,EXACT,FULL_SINGLE_PAGE,FULL_SINGLE_PAGE,FULL_SINGLE_PAGE,20,,VERIFIED,True
DSA & Algorithms,dsa-window-fixed,Fixed window,dsa-window-fixed-core,NeetCode — Sliding Window Maximum,NeetCode,PRIMARY,documentation,https://www.geeksforgeeks.org/data-structures/,EXACT,ARTICLE_SECTION,Fixed Window; Monotonic Queue,Fixed Window; Monotonic Queue,20,MEDIUM,VERIFIED_COVERAGE,True
DSA & Algorithms,dsa-window-fixed,Fixed window,dsa-window-fixed-core,NeetCode 150 — Sliding Window (representative subset),NeetCode,PRACTICE,coding_problem,https://neetcode.io/practice/practice/neetcode150,EXACT,FULL_SINGLE_PAGE,FULL_SINGLE_PAGE,FULL_SINGLE_PAGE,20,,VERIFIED,True
DSA & Algorithms,dsa-window-variable,Variable window,dsa-window-variable-core,NeetCode — Longest Substring Without Repeating Characters,NeetCode,PRIMARY,documentation,https://www.geeksforgeeks.org/data-structures/,EXACT,ARTICLE_SECTION,Variable Window; Two Pointers,Variable Window; Two Pointers,20,MEDIUM,VERIFIED_COVERAGE,True
DSA & Algorithms,dsa-window-variable,Variable window,dsa-window-variable-core,NeetCode 150 — Sliding Window (representative subset),NeetCode,PRACTICE,coding_problem,https://neetcode.io/practice/practice/neetcode150,EXACT,FULL_SINGLE_PAGE,FULL_SINGLE_PAGE,FULL_SINGLE_PAGE,20,,VERIFIED,True
DSA & Algorithms,dsa-window-frequency,Frequency window state,dsa-window-frequency-core,NeetCode — Permutation in String,NeetCode,PRIMARY,documentation,https://www.geeksforgeeks.org/data-structures/,EXACT,ARTICLE_SECTION,Frequency Window; Hash Map/Array,Frequency Window; Hash Map/Array,20,MEDIUM,VERIFIED_COVERAGE,True
DSA & Algorithms,dsa-window-frequency,Frequency window state,dsa-window-frequency-core,NeetCode 150 — Sliding Window (representative subset),NeetCode,PRACTICE,coding_problem,https://neetcode.io/practice/practice/neetcode150,EXACT,FULL_SINGLE_PAGE,FULL_SINGLE_PAGE,FULL_SINGLE_PAGE,20,,VERIFIED,True
DSA & Algorithms,dsa-singly-linked-list,Singly linked list,dsa-singly-linked-list-core,GeeksforGeeks — Linked List Data Structure,GeeksforGeeks,PRIMARY,documentation,https://www.geeksforgeeks.org/singly-linked-list/,COLLECTION,ARTICLE_SECTION,Introduction to Linked List; Node; Traversal,Introduction to Linked List; Node; Traversal,,LOW,BROKEN,True
DSA & Algorithms,dsa-singly-linked-list,Singly linked list,dsa-singly-linked-list-core,NeetCode Core Skills — Design Singly Linked List,NeetCode,PRACTICE,coding_problem,https://neetcode.io/practice/practice/coreSkills,EXACT,FULL_SINGLE_PAGE,FULL_SINGLE_PAGE,FULL_SINGLE_PAGE,20,,VERIFIED,True
DSA & Algorithms,dsa-singly-linked-list,Singly linked list,dsa-singly-linked-list-core,NeetCode 150 — Linked List (representative subset),NeetCode,PRACTICE,coding_problem,https://neetcode.io/practice/practice/neetcode150,EXACT,FULL_SINGLE_PAGE,FULL_SINGLE_PAGE,FULL_SINGLE_PAGE,20,,VERIFIED,True
DSA & Algorithms,dsa-list-operations,List operations,dsa-list-operations-core,GeeksforGeeks — Linked List Data Structure,GeeksforGeeks,PRIMARY,documentation,https://www.geeksforgeeks.org/data-structures/,EXACT,ARTICLE_SECTION,Introduction; Insertion; Deletion; Traversal,Introduction; Insertion; Deletion; Traversal,20,MEDIUM,VERIFIED_COVERAGE,True
DSA & Algorithms,dsa-list-operations,List operations,dsa-list-operations-core,NeetCode 150 — Linked List (representative subset),NeetCode,PRACTICE,coding_problem,https://neetcode.io/practice/practice/neetcode150,EXACT,FULL_SINGLE_PAGE,FULL_SINGLE_PAGE,FULL_SINGLE_PAGE,20,,VERIFIED,True
DSA & Algorithms,dsa-list-reversal,Reversal,dsa-list-reversal-core,NeetCode — Reverse Linked List,NeetCode,PRIMARY,documentation,https://www.geeksforgeeks.org/data-structures/,EXACT,ARTICLE_SECTION,Iterative reversal; Recursive reversal; Complexity,Iterative reversal; Recursive reversal; Complexity,20,MEDIUM,VERIFIED_COVERAGE,True
DSA & Algorithms,dsa-list-reversal,Reversal,dsa-list-reversal-core,NeetCode 150 — Linked List (representative subset),NeetCode,PRACTICE,coding_problem,https://neetcode.io/practice/practice/neetcode150,EXACT,FULL_SINGLE_PAGE,FULL_SINGLE_PAGE,FULL_SINGLE_PAGE,20,,VERIFIED,True
DSA & Algorithms,dsa-fast-slow,Fast and slow pointers,dsa-fast-slow-core,NeetCode — Linked List Cycle,NeetCode,PRIMARY,documentation,https://www.geeksforgeeks.org/data-structures/,EXACT,ARTICLE_SECTION,Floyd's Algorithm; Fast and Slow Pointers,Floyd's Algorithm; Fast and Slow Pointers,20,MEDIUM,VERIFIED_COVERAGE,True
DSA & Algorithms,dsa-fast-slow,Fast and slow pointers,dsa-fast-slow-core,NeetCode 150 — Linked List (representative subset),NeetCode,PRACTICE,coding_problem,https://neetcode.io/practice/practice/neetcode150,EXACT,FULL_SINGLE_PAGE,FULL_SINGLE_PAGE,FULL_SINGLE_PAGE,20,,VERIFIED,True
DSA & Algorithms,dsa-cycle-detection,Cycle detection,dsa-cycle-detection-core,NeetCode — Course Schedule,NeetCode,PRIMARY,documentation,https://www.geeksforgeeks.org/data-structures/,EXACT,ARTICLE_SECTION,Cycle Detection; Topological Sort,Cycle Detection; Topological Sort,20,MEDIUM,VERIFIED_COVERAGE,True
DSA & Algorithms,dsa-cycle-detection,Cycle detection,dsa-cycle-detection-core,NeetCode 150 — Linked List (representative subset),NeetCode,PRACTICE,coding_problem,https://neetcode.io/practice/practice/neetcode150,EXACT,FULL_SINGLE_PAGE,FULL_SINGLE_PAGE,FULL_SINGLE_PAGE,20,,VERIFIED,True
DSA & Algorithms,dsa-list-merge,Merge patterns,dsa-list-merge-core,NeetCode — Merge Two Sorted Linked Lists,NeetCode,PRIMARY,documentation,https://www.geeksforgeeks.org/data-structures/,EXACT,ARTICLE_SECTION,Two-pointer linked-list merge,Two-pointer linked-list merge,20,MEDIUM,VERIFIED_COVERAGE,True
DSA & Algorithms,dsa-list-merge,Merge patterns,dsa-list-merge-core,NeetCode 150 — Linked List (representative subset),NeetCode,PRACTICE,coding_problem,https://neetcode.io/practice/practice/neetcode150,EXACT,FULL_SINGLE_PAGE,FULL_SINGLE_PAGE,FULL_SINGLE_PAGE,20,,VERIFIED,True
DSA & Algorithms,dsa-stack-fundamentals,Stack fundamentals,dsa-stack-fundamentals-core,Learn: Stack fundamentals,GeeksforGeeks,PRIMARY,documentation,https://www.geeksforgeeks.org/stack-data-structure/,EXACT,ARTICLE_SECTION,Stack,Stack,10,MEDIUM,VERIFIED_COVERAGE,True
DSA & Algorithms,dsa-stack-fundamentals,Stack fundamentals,dsa-stack-fundamentals-core,NeetCode 150 — Stack (representative subset),NeetCode,PRACTICE,coding_problem,https://neetcode.io/practice/practice/neetcode150,EXACT,FULL_SINGLE_PAGE,FULL_SINGLE_PAGE,FULL_SINGLE_PAGE,20,,VERIFIED,True
DSA & Algorithms,dsa-monotonic-stack,Monotonic stack,dsa-monotonic-stack-core,Learn: Monotonic stack,GeeksforGeeks,PRIMARY,documentation,https://www.geeksforgeeks.org/stack-data-structure/,EXACT,ARTICLE_SECTION,Stack,Stack,10,MEDIUM,VERIFIED_COVERAGE,True
DSA & Algorithms,dsa-monotonic-stack,Monotonic stack,dsa-monotonic-stack-core,NeetCode 150 — Stack (representative subset),NeetCode,PRACTICE,coding_problem,https://neetcode.io/practice/practice/neetcode150,EXACT,FULL_SINGLE_PAGE,FULL_SINGLE_PAGE,FULL_SINGLE_PAGE,20,,VERIFIED,True
DSA & Algorithms,dsa-queue-deque,Queue and deque,dsa-queue-deque-core,Learn: Queue and deque,GeeksforGeeks,PRIMARY,documentation,https://www.geeksforgeeks.org/queue-data-structure/,EXACT,ARTICLE_SECTION,Queue,Queue,10,MEDIUM,VERIFIED_COVERAGE,True
DSA & Algorithms,dsa-queue-deque,Queue and deque,dsa-queue-deque-core,NeetCode 150 — Stack (representative subset),NeetCode,PRACTICE,coding_problem,https://neetcode.io/practice/practice/neetcode150,EXACT,FULL_SINGLE_PAGE,FULL_SINGLE_PAGE,FULL_SINGLE_PAGE,20,,VERIFIED,True
DSA & Algorithms,dsa-queue-bfs-relationship,BFS relationship,dsa-queue-bfs-relationship-core,Learn: BFS relationship,GeeksforGeeks,PRIMARY,documentation,https://www.geeksforgeeks.org/queue-data-structure/,EXACT,ARTICLE_SECTION,Queue,Queue,10,MEDIUM,VERIFIED_COVERAGE,True
DSA & Algorithms,dsa-queue-bfs-relationship,BFS relationship,dsa-queue-bfs-relationship-core,NeetCode 150 — Stack (representative subset),NeetCode,PRACTICE,coding_problem,https://neetcode.io/practice/practice/neetcode150,EXACT,FULL_SINGLE_PAGE,FULL_SINGLE_PAGE,FULL_SINGLE_PAGE,20,,VERIFIED,True
DSA & Algorithms,dsa-recursion-model,Recursion model,dsa-recursion-model-core,Learn: Recursion model,GeeksforGeeks,PRIMARY,documentation,https://www.geeksforgeeks.org/introduction-to-recursion-data-structure-and-algorithm-tutorials/,EXACT,ARTICLE_SECTION,Recursion,Recursion,26,MEDIUM,VERIFIED_COVERAGE,True
DSA & Algorithms,dsa-call-stack,Call stack,dsa-call-stack-core,Learn: Call stack,GeeksforGeeks,PRIMARY,documentation,https://www.geeksforgeeks.org/stack-data-structure/,EXACT,ARTICLE_SECTION,Stack,Stack,10,MEDIUM,VERIFIED_COVERAGE,True
DSA & Algorithms,dsa-recursive-trees,Recursive tree problems,dsa-recursive-trees-core,Learn: Recursive tree problems,GeeksforGeeks,PRIMARY,documentation,https://www.geeksforgeeks.org/binary-tree-data-structure/,EXACT,ARTICLE_SECTION,Trees,Trees,10,MEDIUM,VERIFIED_COVERAGE,True
DSA & Algorithms,dsa-recursion-to-iteration,Recursion to iteration,dsa-recursion-to-iteration-core,Learn: Recursion to iteration,GeeksforGeeks,PRIMARY,documentation,https://www.geeksforgeeks.org/introduction-to-recursion-data-structure-and-algorithm-tutorials/,EXACT,ARTICLE_SECTION,Recursion,Recursion,26,MEDIUM,VERIFIED_COVERAGE,True
DSA & Algorithms,dsa-subsets,Subsets,dsa-subsets-core,NeetCode — Subsets,NeetCode,PRIMARY,documentation,https://www.geeksforgeeks.org/data-structures/,EXACT,ARTICLE_SECTION,Backtracking; Choose/Skip,Backtracking; Choose/Skip,20,MEDIUM,VERIFIED_COVERAGE,True
DSA & Algorithms,dsa-subsets,Subsets,dsa-subsets-core,NeetCode 150 — Backtracking (representative subset),NeetCode,PRACTICE,coding_problem,https://neetcode.io/practice/practice/neetcode150,EXACT,FULL_SINGLE_PAGE,FULL_SINGLE_PAGE,FULL_SINGLE_PAGE,20,,VERIFIED,True
DSA & Algorithms,dsa-permutations,Permutations,dsa-permutations-core,Learn: Permutations,GeeksforGeeks,PRIMARY,documentation,https://www.geeksforgeeks.org/data-structures/,EXACT,ARTICLE_SECTION,Print all permutations,Print all permutations,20,MEDIUM,VERIFIED_COVERAGE,True
DSA & Algorithms,dsa-permutations,Permutations,dsa-permutations-core,NeetCode 150 — Backtracking (representative subset),NeetCode,PRACTICE,coding_problem,https://neetcode.io/practice/practice/neetcode150,EXACT,FULL_SINGLE_PAGE,FULL_SINGLE_PAGE,FULL_SINGLE_PAGE,20,,VERIFIED,True
DSA & Algorithms,dsa-combinations,Combinations,dsa-combinations-core,NeetCode — Combinations,NeetCode,PRIMARY,documentation,https://www.geeksforgeeks.org/data-structures/,EXACT,ARTICLE_SECTION,Backtracking; Algorithm; Complexity,Backtracking; Algorithm; Complexity,20,MEDIUM,VERIFIED_COVERAGE,True
DSA & Algorithms,dsa-combinations,Combinations,dsa-combinations-core,NeetCode 150 — Backtracking (representative subset),NeetCode,PRACTICE,coding_problem,https://neetcode.io/practice/practice/neetcode150,EXACT,FULL_SINGLE_PAGE,FULL_SINGLE_PAGE,FULL_SINGLE_PAGE,20,,VERIFIED,True
DSA & Algorithms,dsa-constraint-search,Constraint search,dsa-constraint-search-core,Learn: Constraint search,GeeksforGeeks,PRIMARY,documentation,https://www.geeksforgeeks.org/binary-search/,EXACT,ARTICLE_SECTION,Binary search,Binary search,26,MEDIUM,VERIFIED_COVERAGE,True
DSA & Algorithms,dsa-constraint-search,Constraint search,dsa-constraint-search-core,NeetCode 150 — Backtracking (representative subset),NeetCode,PRACTICE,coding_problem,https://neetcode.io/practice/practice/neetcode150,EXACT,FULL_SINGLE_PAGE,FULL_SINGLE_PAGE,FULL_SINGLE_PAGE,20,,VERIFIED,True
DSA & Algorithms,dsa-bubble-sort,Bubble sort,dsa-bubble-sort-core,Learn: Bubble sort,GeeksforGeeks,PRIMARY,documentation,https://www.geeksforgeeks.org/sorting-algorithms/,EXACT,ARTICLE_SECTION,Bubble sort,Bubble sort,10,MEDIUM,VERIFIED_COVERAGE,True
DSA & Algorithms,dsa-bubble-sort,Bubble sort,dsa-bubble-sort-core,MIT 6.006 — Sets and Sorting,MIT OCW 6.006,DEEP_DIVE,documentation,https://ocw.mit.edu/courses/6-006-introduction-to-algorithms-spring-2020/resources/lecture-3-sets-and-sorting/,EXACT,FULL_SINGLE_PAGE,FULL_SINGLE_PAGE,FULL_SINGLE_PAGE,10,,VERIFIED,True
DSA & Algorithms,dsa-selection-sort,Selection sort,dsa-selection-sort-core,Learn: Selection sort,GeeksforGeeks,PRIMARY,documentation,https://www.geeksforgeeks.org/sorting-algorithms/,EXACT,ARTICLE_SECTION,Selection sort,Selection sort,10,MEDIUM,VERIFIED_COVERAGE,True
DSA & Algorithms,dsa-selection-sort,Selection sort,dsa-selection-sort-core,MIT 6.006 — Sets and Sorting,MIT OCW 6.006,DEEP_DIVE,documentation,https://ocw.mit.edu/courses/6-006-introduction-to-algorithms-spring-2020/resources/lecture-3-sets-and-sorting/,EXACT,FULL_SINGLE_PAGE,FULL_SINGLE_PAGE,FULL_SINGLE_PAGE,10,,VERIFIED,True
DSA & Algorithms,dsa-insertion-sort,Insertion sort,dsa-insertion-sort-core,Learn: Insertion sort,GeeksforGeeks,PRIMARY,documentation,https://www.geeksforgeeks.org/sorting-algorithms/,EXACT,ARTICLE_SECTION,Insertion sort,Insertion sort,10,MEDIUM,VERIFIED_COVERAGE,True
DSA & Algorithms,dsa-insertion-sort,Insertion sort,dsa-insertion-sort-core,NeetCode Core Skills — Insertion Sort,NeetCode,PRACTICE,coding_problem,https://neetcode.io/practice/practice/coreSkills,EXACT,FULL_SINGLE_PAGE,FULL_SINGLE_PAGE,FULL_SINGLE_PAGE,20,,VERIFIED,True
DSA & Algorithms,dsa-insertion-sort,Insertion sort,dsa-insertion-sort-core,MIT 6.006 — Sets and Sorting,MIT OCW 6.006,DEEP_DIVE,documentation,https://ocw.mit.edu/courses/6-006-introduction-to-algorithms-spring-2020/resources/lecture-3-sets-and-sorting/,EXACT,FULL_SINGLE_PAGE,FULL_SINGLE_PAGE,FULL_SINGLE_PAGE,10,,VERIFIED,True
DSA & Algorithms,dsa-merge-sort,Merge sort,dsa-merge-sort-core,Learn: Merge sort,GeeksforGeeks,PRIMARY,documentation,https://www.geeksforgeeks.org/sorting-algorithms/,EXACT,ARTICLE_SECTION,Merge sort,Merge sort,10,MEDIUM,VERIFIED_COVERAGE,True
DSA & Algorithms,dsa-merge-sort,Merge sort,dsa-merge-sort-core,NeetCode Core Skills — Merge Sort,NeetCode,PRACTICE,coding_problem,https://neetcode.io/practice/practice/coreSkills,EXACT,FULL_SINGLE_PAGE,FULL_SINGLE_PAGE,FULL_SINGLE_PAGE,20,,VERIFIED,True
DSA & Algorithms,dsa-merge-sort,Merge sort,dsa-merge-sort-core,MIT 6.006 — Sets and Sorting,MIT OCW 6.006,DEEP_DIVE,documentation,https://ocw.mit.edu/courses/6-006-introduction-to-algorithms-spring-2020/resources/lecture-3-sets-and-sorting/,EXACT,FULL_SINGLE_PAGE,FULL_SINGLE_PAGE,FULL_SINGLE_PAGE,10,,VERIFIED,True
DSA & Algorithms,dsa-quick-sort,Quick sort,dsa-quick-sort-core,Learn: Quick sort,GeeksforGeeks,PRIMARY,documentation,https://www.geeksforgeeks.org/sorting-algorithms/,EXACT,ARTICLE_SECTION,Quick sort,Quick sort,10,MEDIUM,VERIFIED_COVERAGE,True
DSA & Algorithms,dsa-quick-sort,Quick sort,dsa-quick-sort-core,NeetCode Core Skills — Quick Sort,NeetCode,PRACTICE,coding_problem,https://neetcode.io/practice/practice/coreSkills,EXACT,FULL_SINGLE_PAGE,FULL_SINGLE_PAGE,FULL_SINGLE_PAGE,20,,VERIFIED,True
DSA & Algorithms,dsa-quick-sort,Quick sort,dsa-quick-sort-core,MIT 6.006 — Sets and Sorting,MIT OCW 6.006,DEEP_DIVE,documentation,https://ocw.mit.edu/courses/6-006-introduction-to-algorithms-spring-2020/resources/lecture-3-sets-and-sorting/,EXACT,FULL_SINGLE_PAGE,FULL_SINGLE_PAGE,FULL_SINGLE_PAGE,10,,VERIFIED,True
DSA & Algorithms,dsa-heap-sort,Heap sort,dsa-heap-sort-core,Learn: Heap sort,GeeksforGeeks,PRIMARY,documentation,https://www.geeksforgeeks.org/sorting-algorithms/,EXACT,ARTICLE_SECTION,Heap sort,Heap sort,10,MEDIUM,VERIFIED_COVERAGE,True
DSA & Algorithms,dsa-heap-sort,Heap sort,dsa-heap-sort-core,"Abdul Bari — Heap, HeapSort, Heapify, Priority Queue",Abdul Bari,DEEP_DIVE,youtube_video,https://www.youtube.com/watch?v=HqPJF2L5h9U,EXACT,VIDEO_TIMESTAMP,https://youtu.be/HqPJF2L5h9U?t=0,00:15:00,15,,VERIFIED,True
DSA & Algorithms,dsa-heap-sort,Heap sort,dsa-heap-sort-core,MIT 6.006 — Binary Heaps,MIT OCW 6.006,DEEP_DIVE,documentation,https://ocw.mit.edu/courses/6-006-introduction-to-algorithms-spring-2020/resources/lecture-8-binary-heaps/,EXACT,FULL_SINGLE_PAGE,FULL_SINGLE_PAGE,FULL_SINGLE_PAGE,10,,VERIFIED,True
DSA & Algorithms,dsa-counting-radix,Counting and radix concepts,dsa-counting-radix-core,Learn: Counting and radix concepts,GeeksforGeeks,PRIMARY,documentation,https://www.geeksforgeeks.org/data-structures/,EXACT,ARTICLE_SECTION,Radix sort,Radix sort,20,MEDIUM,VERIFIED_COVERAGE,True
DSA & Algorithms,dsa-counting-radix,Counting and radix concepts,dsa-counting-radix-core,MIT 6.006 — Sets and Sorting,MIT OCW 6.006,DEEP_DIVE,documentation,https://ocw.mit.edu/courses/6-006-introduction-to-algorithms-spring-2020/resources/lecture-3-sets-and-sorting/,EXACT,FULL_SINGLE_PAGE,FULL_SINGLE_PAGE,FULL_SINGLE_PAGE,10,,VERIFIED,True
DSA & Algorithms,dsa-counting-radix,Counting and radix concepts,dsa-counting-radix-core,MIT 6.006 — Linear Sorting,MIT OCW 6.006,DEEP_DIVE,documentation,https://ocw.mit.edu/courses/6-006-introduction-to-algorithms-spring-2020/resources/lecture-5-linear-sorting/,EXACT,FULL_SINGLE_PAGE,FULL_SINGLE_PAGE,FULL_SINGLE_PAGE,10,,VERIFIED,True
DSA & Algorithms,dsa-sort-stability,Stability,dsa-sort-stability-core,Learn: Stability,GeeksforGeeks,PRIMARY,documentation,https://www.geeksforgeeks.org/sorting-algorithms/,EXACT,ARTICLE_SECTION,Sorting,Sorting,10,MEDIUM,VERIFIED_COVERAGE,True
DSA & Algorithms,dsa-sort-stability,Stability,dsa-sort-stability-core,MIT 6.006 — Sets and Sorting,MIT OCW 6.006,DEEP_DIVE,documentation,https://ocw.mit.edu/courses/6-006-introduction-to-algorithms-spring-2020/resources/lecture-3-sets-and-sorting/,EXACT,FULL_SINGLE_PAGE,FULL_SINGLE_PAGE,FULL_SINGLE_PAGE,10,,VERIFIED,True
DSA & Algorithms,dsa-sort-complexity,Complexity comparison,dsa-sort-complexity-core,Learn: Complexity comparison,GeeksforGeeks,PRIMARY,documentation,https://www.geeksforgeeks.org/sorting-algorithms/,EXACT,ARTICLE_SECTION,Sorting,Sorting,10,MEDIUM,VERIFIED_COVERAGE,True
DSA & Algorithms,dsa-sort-complexity,Complexity comparison,dsa-sort-complexity-core,MIT 6.006 — Sets and Sorting,MIT OCW 6.006,DEEP_DIVE,documentation,https://ocw.mit.edu/courses/6-006-introduction-to-algorithms-spring-2020/resources/lecture-3-sets-and-sorting/,EXACT,FULL_SINGLE_PAGE,FULL_SINGLE_PAGE,FULL_SINGLE_PAGE,10,,VERIFIED,True
DSA & Algorithms,dsa-binary-search-classic,Classic search,dsa-binary-search-classic-core,Learn: Classic search,GeeksforGeeks,PRIMARY,documentation,https://www.geeksforgeeks.org/binary-search/,EXACT,ARTICLE_SECTION,Binary search,Binary search,26,MEDIUM,VERIFIED_COVERAGE,True
DSA & Algorithms,dsa-binary-search-classic,Classic search,dsa-binary-search-classic-core,NeetCode 150 — Binary Search (representative subset),NeetCode,PRACTICE,coding_problem,https://neetcode.io/practice/practice/neetcode150,EXACT,FULL_SINGLE_PAGE,FULL_SINGLE_PAGE,FULL_SINGLE_PAGE,20,,VERIFIED,True
DSA & Algorithms,dsa-binary-search-boundaries,Boundaries,dsa-binary-search-boundaries-core,Learn: Boundaries,GeeksforGeeks,PRIMARY,documentation,https://www.geeksforgeeks.org/lower-and-upper-bound/,COLLECTION,ARTICLE_SECTION,Lower/upper bound,Lower/upper bound,,LOW,BROKEN,True
DSA & Algorithms,dsa-binary-search-boundaries,Boundaries,dsa-binary-search-boundaries-core,NeetCode 150 — Binary Search (representative subset),NeetCode,PRACTICE,coding_problem,https://neetcode.io/practice/practice/neetcode150,EXACT,FULL_SINGLE_PAGE,FULL_SINGLE_PAGE,FULL_SINGLE_PAGE,20,,VERIFIED,True
DSA & Algorithms,dsa-first-last-occurrence,First and last occurrence,dsa-first-last-occurrence-core,NeetCode — Find First and Last Position of Element in Sorted Array,NeetCode,PRIMARY,documentation,https://www.geeksforgeeks.org/data-structures/,EXACT,ARTICLE_SECTION,Binary Search; Left boundary; Right boundary,Binary Search; Left boundary; Right boundary,20,MEDIUM,VERIFIED_COVERAGE,True
DSA & Algorithms,dsa-first-last-occurrence,First and last occurrence,dsa-first-last-occurrence-core,NeetCode 150 — Binary Search (representative subset),NeetCode,PRACTICE,coding_problem,https://neetcode.io/practice/practice/neetcode150,EXACT,FULL_SINGLE_PAGE,FULL_SINGLE_PAGE,FULL_SINGLE_PAGE,20,,VERIFIED,True
DSA & Algorithms,dsa-search-on-answer,Search on the answer,dsa-search-on-answer-core,Learn: Search on the answer,GeeksforGeeks,PRIMARY,documentation,https://www.geeksforgeeks.org/binary-search/,EXACT,ARTICLE_SECTION,Binary search,Binary search,26,MEDIUM,VERIFIED_COVERAGE,True
DSA & Algorithms,dsa-search-on-answer,Search on the answer,dsa-search-on-answer-core,NeetCode 150 — Binary Search (representative subset),NeetCode,PRACTICE,coding_problem,https://neetcode.io/practice/practice/neetcode150,EXACT,FULL_SINGLE_PAGE,FULL_SINGLE_PAGE,FULL_SINGLE_PAGE,20,,VERIFIED,True
DSA & Algorithms,dsa-rotated-arrays,Rotated arrays,dsa-rotated-arrays-core,Learn: Rotated arrays,GeeksforGeeks,PRIMARY,documentation,https://www.geeksforgeeks.org/array-data-structure-guide/,EXACT,ARTICLE_SECTION,Arrays,Arrays,10,MEDIUM,VERIFIED_COVERAGE,True
DSA & Algorithms,dsa-rotated-arrays,Rotated arrays,dsa-rotated-arrays-core,NeetCode 150 — Binary Search (representative subset),NeetCode,PRACTICE,coding_problem,https://neetcode.io/practice/practice/neetcode150,EXACT,FULL_SINGLE_PAGE,FULL_SINGLE_PAGE,FULL_SINGLE_PAGE,20,,VERIFIED,True
DSA & Algorithms,dsa-tree-terminology,Tree terminology,dsa-tree-terminology-core,Learn: Tree terminology,GeeksforGeeks,PRIMARY,documentation,https://www.geeksforgeeks.org/binary-tree-data-structure/,EXACT,ARTICLE_SECTION,Trees,Trees,10,MEDIUM,VERIFIED_COVERAGE,True
DSA & Algorithms,dsa-tree-terminology,Tree terminology,dsa-tree-terminology-core,MIT 6.006 — Binary Trees (Part 1),MIT OCW 6.006,DEEP_DIVE,documentation,https://ocw.mit.edu/courses/6-006-introduction-to-algorithms-spring-2020/resources/lecture-6-binary-trees-part-1/,EXACT,FULL_SINGLE_PAGE,FULL_SINGLE_PAGE,FULL_SINGLE_PAGE,10,,VERIFIED,True
DSA & Algorithms,dsa-tree-terminology,Tree terminology,dsa-tree-terminology-core,NeetCode 150 — Trees (representative subset),NeetCode,PRACTICE,coding_problem,https://neetcode.io/practice/practice/neetcode150,EXACT,FULL_SINGLE_PAGE,FULL_SINGLE_PAGE,FULL_SINGLE_PAGE,20,,VERIFIED,True
DSA & Algorithms,dsa-binary-trees,Binary trees,dsa-binary-trees-core,Learn: Binary trees,GeeksforGeeks,PRIMARY,documentation,https://www.geeksforgeeks.org/binary-tree-data-structure/,EXACT,ARTICLE_SECTION,Binary tree,Binary tree,10,MEDIUM,VERIFIED_COVERAGE,True
DSA & Algorithms,dsa-binary-trees,Binary trees,dsa-binary-trees-core,MIT 6.006 — Binary Trees (Part 1),MIT OCW 6.006,DEEP_DIVE,documentation,https://ocw.mit.edu/courses/6-006-introduction-to-algorithms-spring-2020/resources/lecture-6-binary-trees-part-1/,EXACT,FULL_SINGLE_PAGE,FULL_SINGLE_PAGE,FULL_SINGLE_PAGE,10,,VERIFIED,True
DSA & Algorithms,dsa-binary-trees,Binary trees,dsa-binary-trees-core,MIT 6.006 — AVL Trees (optional),MIT OCW 6.006,DEEP_DIVE,documentation,https://ocw.mit.edu/courses/6-006-introduction-to-algorithms-spring-2020/resources/lecture-7-binary-trees-part-2-avl/,EXACT,FULL_SINGLE_PAGE,FULL_SINGLE_PAGE,FULL_SINGLE_PAGE,10,,VERIFIED,True
DSA & Algorithms,dsa-binary-trees,Binary trees,dsa-binary-trees-core,NeetCode 150 — Trees (representative subset),NeetCode,PRACTICE,coding_problem,https://neetcode.io/practice/practice/neetcode150,EXACT,FULL_SINGLE_PAGE,FULL_SINGLE_PAGE,FULL_SINGLE_PAGE,20,,VERIFIED,True
DSA & Algorithms,dsa-tree-dfs,DFS traversals,dsa-tree-dfs-core,Learn: DFS traversals,GeeksforGeeks,PRIMARY,documentation,https://www.geeksforgeeks.org/binary-tree-data-structure/,EXACT,ARTICLE_SECTION,Trees,Trees,10,MEDIUM,VERIFIED_COVERAGE,True
DSA & Algorithms,dsa-tree-dfs,DFS traversals,dsa-tree-dfs-core,MIT 6.006 — Depth-First Search,MIT OCW 6.006,DEEP_DIVE,documentation,https://ocw.mit.edu/courses/6-006-introduction-to-algorithms-spring-2020/resources/lecture-10-depth-first-search/,EXACT,FULL_SINGLE_PAGE,FULL_SINGLE_PAGE,FULL_SINGLE_PAGE,10,,VERIFIED,True
DSA & Algorithms,dsa-tree-dfs,DFS traversals,dsa-tree-dfs-core,NeetCode 150 — Trees (representative subset),NeetCode,PRACTICE,coding_problem,https://neetcode.io/practice/practice/neetcode150,EXACT,FULL_SINGLE_PAGE,FULL_SINGLE_PAGE,FULL_SINGLE_PAGE,20,,VERIFIED,True
DSA & Algorithms,dsa-tree-bfs,BFS / level order,dsa-tree-bfs-core,Learn: BFS / level order,GeeksforGeeks,PRIMARY,documentation,https://www.geeksforgeeks.org/binary-tree-data-structure/,EXACT,ARTICLE_SECTION,Trees,Trees,10,MEDIUM,VERIFIED_COVERAGE,True
DSA & Algorithms,dsa-tree-bfs,BFS / level order,dsa-tree-bfs-core,MIT 6.006 — Breadth-First Search,MIT OCW 6.006,DEEP_DIVE,documentation,https://ocw.mit.edu/courses/6-006-introduction-to-algorithms-spring-2020/resources/lecture-9-breadth-first-search/,EXACT,FULL_SINGLE_PAGE,FULL_SINGLE_PAGE,FULL_SINGLE_PAGE,10,,VERIFIED,True
DSA & Algorithms,dsa-tree-bfs,BFS / level order,dsa-tree-bfs-core,NeetCode 150 — Trees (representative subset),NeetCode,PRACTICE,coding_problem,https://neetcode.io/practice/practice/neetcode150,EXACT,FULL_SINGLE_PAGE,FULL_SINGLE_PAGE,FULL_SINGLE_PAGE,20,,VERIFIED,True
DSA & Algorithms,dsa-tree-height,Height and depth,dsa-tree-height-core,Learn: Height and depth,GeeksforGeeks,PRIMARY,documentation,https://www.geeksforgeeks.org/binary-tree-data-structure/,EXACT,ARTICLE_SECTION,Trees,Trees,10,MEDIUM,VERIFIED_COVERAGE,True
DSA & Algorithms,dsa-tree-height,Height and depth,dsa-tree-height-core,MIT 6.006 — Binary Trees (Part 1),MIT OCW 6.006,DEEP_DIVE,documentation,https://ocw.mit.edu/courses/6-006-introduction-to-algorithms-spring-2020/resources/lecture-6-binary-trees-part-1/,EXACT,FULL_SINGLE_PAGE,FULL_SINGLE_PAGE,FULL_SINGLE_PAGE,10,,VERIFIED,True
DSA & Algorithms,dsa-tree-height,Height and depth,dsa-tree-height-core,MIT 6.006 — AVL Trees (optional deep dive),MIT OCW 6.006,DEEP_DIVE,documentation,https://ocw.mit.edu/courses/6-006-introduction-to-algorithms-spring-2020/resources/lecture-7-binary-trees-part-2-avl/,EXACT,FULL_SINGLE_PAGE,FULL_SINGLE_PAGE,FULL_SINGLE_PAGE,10,,VERIFIED,True
DSA & Algorithms,dsa-tree-height,Height and depth,dsa-tree-height-core,NeetCode 150 — Trees (representative subset),NeetCode,PRACTICE,coding_problem,https://neetcode.io/practice/practice/neetcode150,EXACT,FULL_SINGLE_PAGE,FULL_SINGLE_PAGE,FULL_SINGLE_PAGE,20,,VERIFIED,True
DSA & Algorithms,dsa-tree-paths,Path problems,dsa-tree-paths-core,Learn: Path problems,GeeksforGeeks,PRIMARY,documentation,https://www.geeksforgeeks.org/binary-tree-data-structure/,EXACT,ARTICLE_SECTION,Trees,Trees,10,MEDIUM,VERIFIED_COVERAGE,True
DSA & Algorithms,dsa-tree-paths,Path problems,dsa-tree-paths-core,MIT 6.006 — Binary Trees (Part 1),MIT OCW 6.006,DEEP_DIVE,documentation,https://ocw.mit.edu/courses/6-006-introduction-to-algorithms-spring-2020/resources/lecture-6-binary-trees-part-1/,EXACT,FULL_SINGLE_PAGE,FULL_SINGLE_PAGE,FULL_SINGLE_PAGE,10,,VERIFIED,True
DSA & Algorithms,dsa-tree-paths,Path problems,dsa-tree-paths-core,NeetCode 150 — Trees (representative subset),NeetCode,PRACTICE,coding_problem,https://neetcode.io/practice/practice/neetcode150,EXACT,FULL_SINGLE_PAGE,FULL_SINGLE_PAGE,FULL_SINGLE_PAGE,20,,VERIFIED,True
DSA & Algorithms,dsa-tree-construction,Construction,dsa-tree-construction-core,Learn: Construction,GeeksforGeeks,PRIMARY,documentation,https://www.geeksforgeeks.org/binary-tree-data-structure/,EXACT,ARTICLE_SECTION,Trees,Trees,10,MEDIUM,VERIFIED_COVERAGE,True
DSA & Algorithms,dsa-tree-construction,Construction,dsa-tree-construction-core,MIT 6.006 — Binary Trees (Part 1),MIT OCW 6.006,DEEP_DIVE,documentation,https://ocw.mit.edu/courses/6-006-introduction-to-algorithms-spring-2020/resources/lecture-6-binary-trees-part-1/,EXACT,FULL_SINGLE_PAGE,FULL_SINGLE_PAGE,FULL_SINGLE_PAGE,10,,VERIFIED,True
DSA & Algorithms,dsa-tree-construction,Construction,dsa-tree-construction-core,NeetCode 150 — Trees (representative subset),NeetCode,PRACTICE,coding_problem,https://neetcode.io/practice/practice/neetcode150,EXACT,FULL_SINGLE_PAGE,FULL_SINGLE_PAGE,FULL_SINGLE_PAGE,20,,VERIFIED,True
DSA & Algorithms,dsa-bst-search,BST search,dsa-bst-search-core,Learn: BST search,GeeksforGeeks,PRIMARY,documentation,https://www.geeksforgeeks.org/binary-tree-data-structure/,EXACT,ARTICLE_SECTION,Trees,Trees,10,MEDIUM,VERIFIED_COVERAGE,True
DSA & Algorithms,dsa-bst-search,BST search,dsa-bst-search-core,MIT 6.006 — Binary Trees (Part 1),MIT OCW 6.006,DEEP_DIVE,documentation,https://ocw.mit.edu/courses/6-006-introduction-to-algorithms-spring-2020/resources/lecture-6-binary-trees-part-1/,EXACT,FULL_SINGLE_PAGE,FULL_SINGLE_PAGE,FULL_SINGLE_PAGE,10,,VERIFIED,True
DSA & Algorithms,dsa-bst-search,BST search,dsa-bst-search-core,NeetCode Core Skills — Design Binary Search Tree,NeetCode,PRACTICE,coding_problem,https://neetcode.io/practice/practice/coreSkills,EXACT,FULL_SINGLE_PAGE,FULL_SINGLE_PAGE,FULL_SINGLE_PAGE,20,,VERIFIED,True
DSA & Algorithms,dsa-bst-search,BST search,dsa-bst-search-core,NeetCode 150 — Trees (representative subset),NeetCode,PRACTICE,coding_problem,https://neetcode.io/practice/practice/neetcode150,EXACT,FULL_SINGLE_PAGE,FULL_SINGLE_PAGE,FULL_SINGLE_PAGE,20,,VERIFIED,True
DSA & Algorithms,dsa-bst-insert,BST insertion,dsa-bst-insert-core,Learn: BST insertion,GeeksforGeeks,PRIMARY,documentation,https://www.geeksforgeeks.org/binary-tree-data-structure/,EXACT,ARTICLE_SECTION,Trees,Trees,10,MEDIUM,VERIFIED_COVERAGE,True
DSA & Algorithms,dsa-bst-insert,BST insertion,dsa-bst-insert-core,MIT 6.006 — Binary Trees (Part 1),MIT OCW 6.006,DEEP_DIVE,documentation,https://ocw.mit.edu/courses/6-006-introduction-to-algorithms-spring-2020/resources/lecture-6-binary-trees-part-1/,EXACT,FULL_SINGLE_PAGE,FULL_SINGLE_PAGE,FULL_SINGLE_PAGE,10,,VERIFIED,True
DSA & Algorithms,dsa-bst-insert,BST insertion,dsa-bst-insert-core,NeetCode Core Skills — Design Binary Search Tree,NeetCode,PRACTICE,coding_problem,https://neetcode.io/practice/practice/coreSkills,EXACT,FULL_SINGLE_PAGE,FULL_SINGLE_PAGE,FULL_SINGLE_PAGE,20,,VERIFIED,True
DSA & Algorithms,dsa-bst-insert,BST insertion,dsa-bst-insert-core,NeetCode 150 — Trees (representative subset),NeetCode,PRACTICE,coding_problem,https://neetcode.io/practice/practice/neetcode150,EXACT,FULL_SINGLE_PAGE,FULL_SINGLE_PAGE,FULL_SINGLE_PAGE,20,,VERIFIED,True
DSA & Algorithms,dsa-bst-delete,BST deletion,dsa-bst-delete-core,Learn: BST deletion,GeeksforGeeks,PRIMARY,documentation,https://www.geeksforgeeks.org/binary-tree-data-structure/,EXACT,ARTICLE_SECTION,Trees,Trees,10,MEDIUM,VERIFIED_COVERAGE,True
DSA & Algorithms,dsa-bst-delete,BST deletion,dsa-bst-delete-core,MIT 6.006 — Binary Trees (Part 1),MIT OCW 6.006,DEEP_DIVE,documentation,https://ocw.mit.edu/courses/6-006-introduction-to-algorithms-spring-2020/resources/lecture-6-binary-trees-part-1/,EXACT,FULL_SINGLE_PAGE,FULL_SINGLE_PAGE,FULL_SINGLE_PAGE,10,,VERIFIED,True
DSA & Algorithms,dsa-bst-delete,BST deletion,dsa-bst-delete-core,NeetCode 150 — Trees (representative subset),NeetCode,PRACTICE,coding_problem,https://neetcode.io/practice/practice/neetcode150,EXACT,FULL_SINGLE_PAGE,FULL_SINGLE_PAGE,FULL_SINGLE_PAGE,20,,VERIFIED,True
DSA & Algorithms,dsa-bst-validate,BST validation,dsa-bst-validate-core,NeetCode — Validate Binary Search Tree,NeetCode,PRIMARY,documentation,https://www.geeksforgeeks.org/binary-tree-data-structure/,EXACT,ARTICLE_SECTION,DFS; Bounds; Common Pitfalls,DFS; Bounds; Common Pitfalls,10,MEDIUM,VERIFIED_COVERAGE,True
DSA & Algorithms,dsa-bst-validate,BST validation,dsa-bst-validate-core,MIT 6.006 — Binary Trees (Part 1),MIT OCW 6.006,DEEP_DIVE,documentation,https://ocw.mit.edu/courses/6-006-introduction-to-algorithms-spring-2020/resources/lecture-6-binary-trees-part-1/,EXACT,FULL_SINGLE_PAGE,FULL_SINGLE_PAGE,FULL_SINGLE_PAGE,10,,VERIFIED,True
DSA & Algorithms,dsa-bst-validate,BST validation,dsa-bst-validate-core,NeetCode 150 — Trees (representative subset),NeetCode,PRACTICE,coding_problem,https://neetcode.io/practice/practice/neetcode150,EXACT,FULL_SINGLE_PAGE,FULL_SINGLE_PAGE,FULL_SINGLE_PAGE,20,,VERIFIED,True
DSA & Algorithms,dsa-bst-ordered-properties,Ordered properties,dsa-bst-ordered-properties-core,Learn: Ordered properties,GeeksforGeeks,PRIMARY,documentation,https://www.geeksforgeeks.org/binary-tree-data-structure/,EXACT,ARTICLE_SECTION,Trees,Trees,10,MEDIUM,VERIFIED_COVERAGE,True
DSA & Algorithms,dsa-bst-ordered-properties,Ordered properties,dsa-bst-ordered-properties-core,MIT 6.006 — AVL Trees (optional),MIT OCW 6.006,DEEP_DIVE,documentation,https://ocw.mit.edu/courses/6-006-introduction-to-algorithms-spring-2020/resources/lecture-7-binary-trees-part-2-avl/,EXACT,FULL_SINGLE_PAGE,FULL_SINGLE_PAGE,FULL_SINGLE_PAGE,10,,VERIFIED,True
DSA & Algorithms,dsa-bst-ordered-properties,Ordered properties,dsa-bst-ordered-properties-core,NeetCode 150 — Trees (representative subset),NeetCode,PRACTICE,coding_problem,https://neetcode.io/practice/practice/neetcode150,EXACT,FULL_SINGLE_PAGE,FULL_SINGLE_PAGE,FULL_SINGLE_PAGE,20,,VERIFIED,True
DSA & Algorithms,dsa-heap-structure,Heap structure,dsa-heap-structure-core,Learn: Heap structure,GeeksforGeeks,PRIMARY,documentation,https://www.geeksforgeeks.org/heap-data-structure/,EXACT,ARTICLE_SECTION,Heap,Heap,10,MEDIUM,VERIFIED_COVERAGE,True
DSA & Algorithms,dsa-heap-structure,Heap structure,dsa-heap-structure-core,MIT 6.006 — Binary Heaps,MIT OCW 6.006,DEEP_DIVE,documentation,https://ocw.mit.edu/courses/6-006-introduction-to-algorithms-spring-2020/resources/lecture-8-binary-heaps/,EXACT,FULL_SINGLE_PAGE,FULL_SINGLE_PAGE,FULL_SINGLE_PAGE,10,,VERIFIED,True
DSA & Algorithms,dsa-heap-structure,Heap structure,dsa-heap-structure-core,NeetCode Core Skills — Design Heap,NeetCode,PRACTICE,coding_problem,https://neetcode.io/practice/practice/coreSkills,EXACT,FULL_SINGLE_PAGE,FULL_SINGLE_PAGE,FULL_SINGLE_PAGE,20,,VERIFIED,True
DSA & Algorithms,dsa-heap-structure,Heap structure,dsa-heap-structure-core,NeetCode 150 — Heap / Priority Queue (representative subset),NeetCode,PRACTICE,coding_problem,https://neetcode.io/practice/practice/neetcode150,EXACT,FULL_SINGLE_PAGE,FULL_SINGLE_PAGE,FULL_SINGLE_PAGE,20,,VERIFIED,True
DSA & Algorithms,dsa-priority-queue,Priority queue,dsa-priority-queue-core,Learn: Priority queue,GeeksforGeeks,PRIMARY,documentation,https://www.geeksforgeeks.org/heap-data-structure/,EXACT,ARTICLE_SECTION,Heap,Heap,10,MEDIUM,VERIFIED_COVERAGE,True
DSA & Algorithms,dsa-priority-queue,Priority queue,dsa-priority-queue-core,MIT 6.006 — Binary Heaps,MIT OCW 6.006,DEEP_DIVE,documentation,https://ocw.mit.edu/courses/6-006-introduction-to-algorithms-spring-2020/resources/lecture-8-binary-heaps/,EXACT,FULL_SINGLE_PAGE,FULL_SINGLE_PAGE,FULL_SINGLE_PAGE,10,,VERIFIED,True
DSA & Algorithms,dsa-priority-queue,Priority queue,dsa-priority-queue-core,NeetCode 150 — Heap / Priority Queue (representative subset),NeetCode,PRACTICE,coding_problem,https://neetcode.io/practice/practice/neetcode150,EXACT,FULL_SINGLE_PAGE,FULL_SINGLE_PAGE,FULL_SINGLE_PAGE,20,,VERIFIED,True
DSA & Algorithms,dsa-heapify,Heapify,dsa-heapify-core,NeetCode — DSA for Beginners: Heap / Priority Queue,NeetCode,PRIMARY,documentation,https://www.geeksforgeeks.org/heap-sort/,EXACT,ARTICLE_SECTION,Heap / Priority Queue,Heap / Priority Queue,20,MEDIUM,VERIFIED_COVERAGE,True
DSA & Algorithms,dsa-heapify,Heapify,dsa-heapify-core,MIT 6.006 — Binary Heaps,MIT OCW 6.006,DEEP_DIVE,documentation,https://ocw.mit.edu/courses/6-006-introduction-to-algorithms-spring-2020/resources/lecture-8-binary-heaps/,EXACT,FULL_SINGLE_PAGE,FULL_SINGLE_PAGE,FULL_SINGLE_PAGE,10,,VERIFIED,True
DSA & Algorithms,dsa-heapify,Heapify,dsa-heapify-core,NeetCode Core Skills — Design Heap,NeetCode,PRACTICE,coding_problem,https://neetcode.io/practice/practice/coreSkills,EXACT,FULL_SINGLE_PAGE,FULL_SINGLE_PAGE,FULL_SINGLE_PAGE,20,,VERIFIED,True
DSA & Algorithms,dsa-heapify,Heapify,dsa-heapify-core,NeetCode 150 — Heap / Priority Queue (representative subset),NeetCode,PRACTICE,coding_problem,https://neetcode.io/practice/practice/neetcode150,EXACT,FULL_SINGLE_PAGE,FULL_SINGLE_PAGE,FULL_SINGLE_PAGE,20,,VERIFIED,True
DSA & Algorithms,dsa-top-k,Top-K,dsa-top-k-core,NeetCode — Top K Frequent Elements,NeetCode,PRIMARY,documentation,https://www.geeksforgeeks.org/data-structures/,EXACT,ARTICLE_SECTION,Min-Heap; Bucket Sort; Complexity,Min-Heap; Bucket Sort; Complexity,20,MEDIUM,VERIFIED_COVERAGE,True
DSA & Algorithms,dsa-top-k,Top-K,dsa-top-k-core,MIT 6.006 — Binary Heaps,MIT OCW 6.006,DEEP_DIVE,documentation,https://ocw.mit.edu/courses/6-006-introduction-to-algorithms-spring-2020/resources/lecture-8-binary-heaps/,EXACT,FULL_SINGLE_PAGE,FULL_SINGLE_PAGE,FULL_SINGLE_PAGE,10,,VERIFIED,True
DSA & Algorithms,dsa-top-k,Top-K,dsa-top-k-core,NeetCode 150 — Heap / Priority Queue (representative subset),NeetCode,PRACTICE,coding_problem,https://neetcode.io/practice/practice/neetcode150,EXACT,FULL_SINGLE_PAGE,FULL_SINGLE_PAGE,FULL_SINGLE_PAGE,20,,VERIFIED,True
DSA & Algorithms,dsa-heap-scheduling,Scheduling patterns,dsa-heap-scheduling-core,Learn: Scheduling patterns,GeeksforGeeks,PRIMARY,documentation,https://www.geeksforgeeks.org/heap-data-structure/,EXACT,ARTICLE_SECTION,Heap,Heap,10,MEDIUM,VERIFIED_COVERAGE,True
DSA & Algorithms,dsa-heap-scheduling,Scheduling patterns,dsa-heap-scheduling-core,MIT 6.006 — Binary Heaps,MIT OCW 6.006,DEEP_DIVE,documentation,https://ocw.mit.edu/courses/6-006-introduction-to-algorithms-spring-2020/resources/lecture-8-binary-heaps/,EXACT,FULL_SINGLE_PAGE,FULL_SINGLE_PAGE,FULL_SINGLE_PAGE,10,,VERIFIED,True
DSA & Algorithms,dsa-heap-scheduling,Scheduling patterns,dsa-heap-scheduling-core,NeetCode 150 — Heap / Priority Queue (representative subset),NeetCode,PRACTICE,coding_problem,https://neetcode.io/practice/practice/neetcode150,EXACT,FULL_SINGLE_PAGE,FULL_SINGLE_PAGE,FULL_SINGLE_PAGE,20,,VERIFIED,True
DSA & Algorithms,dsa-graph-representations,Graph representations,dsa-graph-representations-core,Learn: Graph representations,GeeksforGeeks,PRIMARY,documentation,https://www.geeksforgeeks.org/graph-data-structure-and-algorithms/,EXACT,ARTICLE_SECTION,Graphs,Graphs,10,MEDIUM,VERIFIED_COVERAGE,True
DSA & Algorithms,dsa-graph-representations,Graph representations,dsa-graph-representations-core,MIT 6.006 — Breadth-First Search,MIT OCW 6.006,DEEP_DIVE,documentation,https://ocw.mit.edu/courses/6-006-introduction-to-algorithms-spring-2020/resources/lecture-9-breadth-first-search/,EXACT,FULL_SINGLE_PAGE,FULL_SINGLE_PAGE,FULL_SINGLE_PAGE,10,,VERIFIED,True
DSA & Algorithms,dsa-graph-representations,Graph representations,dsa-graph-representations-core,NeetCode Core Skills — Design Graph,NeetCode,PRACTICE,coding_problem,https://neetcode.io/practice/practice/coreSkills,EXACT,FULL_SINGLE_PAGE,FULL_SINGLE_PAGE,FULL_SINGLE_PAGE,20,,VERIFIED,True
DSA & Algorithms,dsa-graph-representations,Graph representations,dsa-graph-representations-core,NeetCode 150 — Graphs (representative subset),NeetCode,PRACTICE,coding_problem,https://neetcode.io/practice/practice/neetcode150,EXACT,FULL_SINGLE_PAGE,FULL_SINGLE_PAGE,FULL_SINGLE_PAGE,20,,VERIFIED,True
DSA & Algorithms,dsa-graph-bfs,Graph BFS,dsa-graph-bfs-core,Learn: Graph BFS,GeeksforGeeks,PRIMARY,documentation,https://www.geeksforgeeks.org/breadth-first-search-or-bfs-for-a-graph/,EXACT,ARTICLE_SECTION,BFS,BFS,30,MEDIUM,VERIFIED_COVERAGE,True
DSA & Algorithms,dsa-graph-bfs,Graph BFS,dsa-graph-bfs-core,MIT 6.006 — Breadth-First Search,MIT OCW 6.006,DEEP_DIVE,documentation,https://ocw.mit.edu/courses/6-006-introduction-to-algorithms-spring-2020/resources/lecture-9-breadth-first-search/,EXACT,FULL_SINGLE_PAGE,FULL_SINGLE_PAGE,FULL_SINGLE_PAGE,10,,VERIFIED,True
DSA & Algorithms,dsa-graph-bfs,Graph BFS,dsa-graph-bfs-core,NeetCode Core Skills — Matrix BFS / DFS,NeetCode,PRACTICE,coding_problem,https://neetcode.io/practice/practice/coreSkills,EXACT,FULL_SINGLE_PAGE,FULL_SINGLE_PAGE,FULL_SINGLE_PAGE,20,,VERIFIED,True
DSA & Algorithms,dsa-graph-bfs,Graph BFS,dsa-graph-bfs-core,NeetCode 150 — Graphs (representative subset),NeetCode,PRACTICE,coding_problem,https://neetcode.io/practice/practice/neetcode150,EXACT,FULL_SINGLE_PAGE,FULL_SINGLE_PAGE,FULL_SINGLE_PAGE,20,,VERIFIED,True
DSA & Algorithms,dsa-graph-dfs,Graph DFS,dsa-graph-dfs-core,Learn: Graph DFS,GeeksforGeeks,PRIMARY,documentation,https://www.geeksforgeeks.org/depth-first-search-or-dfs-for-a-graph/,EXACT,ARTICLE_SECTION,DFS,DFS,28,MEDIUM,VERIFIED_COVERAGE,True
DSA & Algorithms,dsa-graph-dfs,Graph DFS,dsa-graph-dfs-core,MIT 6.006 — Depth-First Search,MIT OCW 6.006,DEEP_DIVE,documentation,https://ocw.mit.edu/courses/6-006-introduction-to-algorithms-spring-2020/resources/lecture-10-depth-first-search/,EXACT,FULL_SINGLE_PAGE,FULL_SINGLE_PAGE,FULL_SINGLE_PAGE,10,,VERIFIED,True
DSA & Algorithms,dsa-graph-dfs,Graph DFS,dsa-graph-dfs-core,NeetCode Core Skills — Matrix BFS / DFS,NeetCode,PRACTICE,coding_problem,https://neetcode.io/practice/practice/coreSkills,EXACT,FULL_SINGLE_PAGE,FULL_SINGLE_PAGE,FULL_SINGLE_PAGE,20,,VERIFIED,True
DSA & Algorithms,dsa-graph-dfs,Graph DFS,dsa-graph-dfs-core,NeetCode 150 — Graphs (representative subset),NeetCode,PRACTICE,coding_problem,https://neetcode.io/practice/practice/neetcode150,EXACT,FULL_SINGLE_PAGE,FULL_SINGLE_PAGE,FULL_SINGLE_PAGE,20,,VERIFIED,True
DSA & Algorithms,dsa-connected-components,Connected components,dsa-connected-components-core,NeetCode — Number of Connected Components In An Undirected Graph,NeetCode,PRIMARY,documentation,https://www.geeksforgeeks.org/data-structures/,EXACT,ARTICLE_SECTION,DFS; BFS; Union Find; Complexity,DFS; BFS; Union Find; Complexity,20,MEDIUM,VERIFIED_COVERAGE,True
DSA & Algorithms,dsa-connected-components,Connected components,dsa-connected-components-core,MIT 6.006 — Depth-First Search,MIT OCW 6.006,DEEP_DIVE,documentation,https://ocw.mit.edu/courses/6-006-introduction-to-algorithms-spring-2020/resources/lecture-10-depth-first-search/,EXACT,FULL_SINGLE_PAGE,FULL_SINGLE_PAGE,FULL_SINGLE_PAGE,10,,VERIFIED,True
DSA & Algorithms,dsa-connected-components,Connected components,dsa-connected-components-core,NeetCode 150 — Graphs (representative subset),NeetCode,PRACTICE,coding_problem,https://neetcode.io/practice/practice/neetcode150,EXACT,FULL_SINGLE_PAGE,FULL_SINGLE_PAGE,FULL_SINGLE_PAGE,20,,VERIFIED,True
DSA & Algorithms,dsa-graph-cycle,Cycle detection,dsa-graph-cycle-core,Learn: Cycle detection,GeeksforGeeks,PRIMARY,documentation,https://www.geeksforgeeks.org/graph-data-structure-and-algorithms/,EXACT,ARTICLE_SECTION,Graphs,Graphs,10,MEDIUM,VERIFIED_COVERAGE,True
DSA & Algorithms,dsa-graph-cycle,Cycle detection,dsa-graph-cycle-core,MIT 6.006 — Depth-First Search,MIT OCW 6.006,DEEP_DIVE,documentation,https://ocw.mit.edu/courses/6-006-introduction-to-algorithms-spring-2020/resources/lecture-10-depth-first-search/,EXACT,FULL_SINGLE_PAGE,FULL_SINGLE_PAGE,FULL_SINGLE_PAGE,10,,VERIFIED,True
DSA & Algorithms,dsa-graph-cycle,Cycle detection,dsa-graph-cycle-core,NeetCode 150 — Graphs (representative subset),NeetCode,PRACTICE,coding_problem,https://neetcode.io/practice/practice/neetcode150,EXACT,FULL_SINGLE_PAGE,FULL_SINGLE_PAGE,FULL_SINGLE_PAGE,20,,VERIFIED,True
DSA & Algorithms,dsa-bipartite,Bipartite graphs,dsa-bipartite-core,Learn: Bipartite graphs,GeeksforGeeks,PRIMARY,documentation,https://www.geeksforgeeks.org/graph-data-structure-and-algorithms/,EXACT,ARTICLE_SECTION,Graphs,Graphs,10,MEDIUM,VERIFIED_COVERAGE,True
DSA & Algorithms,dsa-bipartite,Bipartite graphs,dsa-bipartite-core,MIT 6.006 — Depth-First Search,MIT OCW 6.006,DEEP_DIVE,documentation,https://ocw.mit.edu/courses/6-006-introduction-to-algorithms-spring-2020/resources/lecture-10-depth-first-search/,EXACT,FULL_SINGLE_PAGE,FULL_SINGLE_PAGE,FULL_SINGLE_PAGE,10,,VERIFIED,True
DSA & Algorithms,dsa-bipartite,Bipartite graphs,dsa-bipartite-core,NeetCode 150 — Graphs (representative subset),NeetCode,PRACTICE,coding_problem,https://neetcode.io/practice/practice/neetcode150,EXACT,FULL_SINGLE_PAGE,FULL_SINGLE_PAGE,FULL_SINGLE_PAGE,20,,VERIFIED,True
DSA & Algorithms,dsa-topological-sort,Topological sorting,dsa-topological-sort-core,Learn: Topological sorting,GeeksforGeeks,PRIMARY,documentation,https://www.geeksforgeeks.org/sorting-algorithms/,EXACT,ARTICLE_SECTION,Sorting,Sorting,10,MEDIUM,VERIFIED_COVERAGE,True
DSA & Algorithms,dsa-topological-sort,Topological sorting,dsa-topological-sort-core,MIT 6.006 — Depth-First Search,MIT OCW 6.006,DEEP_DIVE,documentation,https://ocw.mit.edu/courses/6-006-introduction-to-algorithms-spring-2020/resources/lecture-10-depth-first-search/,EXACT,FULL_SINGLE_PAGE,FULL_SINGLE_PAGE,FULL_SINGLE_PAGE,10,,VERIFIED,True
DSA & Algorithms,dsa-topological-sort,Topological sorting,dsa-topological-sort-core,NeetCode Core Skills — Topological Sort,NeetCode,PRACTICE,coding_problem,https://neetcode.io/practice/practice/coreSkills,EXACT,FULL_SINGLE_PAGE,FULL_SINGLE_PAGE,FULL_SINGLE_PAGE,20,,VERIFIED,True
DSA & Algorithms,dsa-topological-sort,Topological sorting,dsa-topological-sort-core,NeetCode 150 — Graphs (representative subset),NeetCode,PRACTICE,coding_problem,https://neetcode.io/practice/practice/neetcode150,EXACT,FULL_SINGLE_PAGE,FULL_SINGLE_PAGE,FULL_SINGLE_PAGE,20,,VERIFIED,True
DSA & Algorithms,dsa-union-find,Union-Find,dsa-union-find-core,Learn: Union-Find,GeeksforGeeks,PRIMARY,documentation,https://www.geeksforgeeks.org/data-structures/,EXACT,ARTICLE_SECTION,Union-Find,Union-Find,20,MEDIUM,VERIFIED_COVERAGE,True
DSA & Algorithms,dsa-union-find,Union-Find,dsa-union-find-core,MIT 6.006 — Depth-First Search,MIT OCW 6.006,DEEP_DIVE,documentation,https://ocw.mit.edu/courses/6-006-introduction-to-algorithms-spring-2020/resources/lecture-10-depth-first-search/,EXACT,FULL_SINGLE_PAGE,FULL_SINGLE_PAGE,FULL_SINGLE_PAGE,10,,VERIFIED,True
DSA & Algorithms,dsa-union-find,Union-Find,dsa-union-find-core,NeetCode Core Skills — Design Disjoint Set,NeetCode,PRACTICE,coding_problem,https://neetcode.io/practice/practice/coreSkills,EXACT,FULL_SINGLE_PAGE,FULL_SINGLE_PAGE,FULL_SINGLE_PAGE,20,,VERIFIED,True
DSA & Algorithms,dsa-union-find,Union-Find,dsa-union-find-core,NeetCode 150 — Graphs (representative subset),NeetCode,PRACTICE,coding_problem,https://neetcode.io/practice/practice/neetcode150,EXACT,FULL_SINGLE_PAGE,FULL_SINGLE_PAGE,FULL_SINGLE_PAGE,20,,VERIFIED,True
DSA & Algorithms,dsa-unweighted-shortest,Unweighted shortest paths,dsa-unweighted-shortest-core,NeetCode — Shortest Path in Binary Matrix,NeetCode,PRIMARY,documentation,https://www.geeksforgeeks.org/data-structures/,EXACT,ARTICLE_SECTION,Breadth First Search; Unweighted Shortest Path,Breadth First Search; Unweighted Shortest Path,20,MEDIUM,VERIFIED_COVERAGE,True
DSA & Algorithms,dsa-unweighted-shortest,Unweighted shortest paths,dsa-unweighted-shortest-core,MIT 6.006 — Weighted Shortest Paths,MIT OCW 6.006,DEEP_DIVE,documentation,https://ocw.mit.edu/courses/6-006-introduction-to-algorithms-spring-2020/resources/lecture-11-weighted-shortest-paths/,EXACT,FULL_SINGLE_PAGE,FULL_SINGLE_PAGE,FULL_SINGLE_PAGE,10,,VERIFIED,True
DSA & Algorithms,dsa-unweighted-shortest,Unweighted shortest paths,dsa-unweighted-shortest-core,NeetCode 150 — Graphs (representative subset),NeetCode,PRACTICE,coding_problem,https://neetcode.io/practice/practice/neetcode150,EXACT,FULL_SINGLE_PAGE,FULL_SINGLE_PAGE,FULL_SINGLE_PAGE,20,,VERIFIED,True
DSA & Algorithms,dsa-dijkstra,Dijkstra,dsa-dijkstra-core,NeetCode — Network Delay Time,NeetCode,PRIMARY,documentation,https://www.geeksforgeeks.org/data-structures/,EXACT,ARTICLE_SECTION,Dijkstra's Algorithm; Min-Heap; Complexity,Dijkstra's Algorithm; Min-Heap; Complexity,20,MEDIUM,VERIFIED_COVERAGE,True
DSA & Algorithms,dsa-dijkstra,Dijkstra,dsa-dijkstra-core,MIT 6.006 — Dijkstra,MIT OCW 6.006,DEEP_DIVE,documentation,https://ocw.mit.edu/courses/6-006-introduction-to-algorithms-spring-2020/resources/lecture-13-dijkstra/,EXACT,FULL_SINGLE_PAGE,FULL_SINGLE_PAGE,FULL_SINGLE_PAGE,10,,VERIFIED,True
DSA & Algorithms,dsa-dijkstra,Dijkstra,dsa-dijkstra-core,MIT 6.006 — Bellman-Ford (why not Dijkstra with negative edges),MIT OCW 6.006,DEEP_DIVE,documentation,https://ocw.mit.edu/courses/6-006-introduction-to-algorithms-spring-2020/resources/lecture-12-bellman-ford/,EXACT,FULL_SINGLE_PAGE,FULL_SINGLE_PAGE,FULL_SINGLE_PAGE,10,,VERIFIED,True
DSA & Algorithms,dsa-dijkstra,Dijkstra,dsa-dijkstra-core,MIT 6.006 — Weighted Shortest Paths,MIT OCW 6.006,DEEP_DIVE,documentation,https://ocw.mit.edu/courses/6-006-introduction-to-algorithms-spring-2020/resources/lecture-11-weighted-shortest-paths/,EXACT,FULL_SINGLE_PAGE,FULL_SINGLE_PAGE,FULL_SINGLE_PAGE,10,,VERIFIED,True
DSA & Algorithms,dsa-dijkstra,Dijkstra,dsa-dijkstra-core,NeetCode Core Skills — Dijkstra,NeetCode,PRACTICE,coding_problem,https://neetcode.io/practice/practice/coreSkills,EXACT,FULL_SINGLE_PAGE,FULL_SINGLE_PAGE,FULL_SINGLE_PAGE,20,,VERIFIED,True
DSA & Algorithms,dsa-dijkstra,Dijkstra,dsa-dijkstra-core,NeetCode 150 — Graphs (representative subset),NeetCode,PRACTICE,coding_problem,https://neetcode.io/practice/practice/neetcode150,EXACT,FULL_SINGLE_PAGE,FULL_SINGLE_PAGE,FULL_SINGLE_PAGE,20,,VERIFIED,True
DSA & Algorithms,dsa-mst,MST,dsa-mst-core,NeetCode — Min Cost to Connect All Points,NeetCode,PRIMARY,documentation,https://www.geeksforgeeks.org/data-structures/,EXACT,ARTICLE_SECTION,Minimum Spanning Tree; Prim; Kruskal,Minimum Spanning Tree; Prim; Kruskal,20,MEDIUM,VERIFIED_COVERAGE,True
DSA & Algorithms,dsa-mst,MST,dsa-mst-core,NeetCode Core Skills — Kruskal's Algorithm,NeetCode,PRACTICE,coding_problem,https://neetcode.io/practice/practice/coreSkills,EXACT,FULL_SINGLE_PAGE,FULL_SINGLE_PAGE,FULL_SINGLE_PAGE,20,,VERIFIED,True
DSA & Algorithms,dsa-mst,MST,dsa-mst-core,NeetCode 150 — Advanced Graphs (representative subset),NeetCode,PRACTICE,coding_problem,https://neetcode.io/practice/practice/neetcode150,EXACT,FULL_SINGLE_PAGE,FULL_SINGLE_PAGE,FULL_SINGLE_PAGE,20,,VERIFIED,True
DSA & Algorithms,dsa-mst,MST,dsa-mst-core,MIT 6.006 — Weighted shortest paths context,MIT OCW 6.006,DEEP_DIVE,documentation,https://ocw.mit.edu/courses/6-006-introduction-to-algorithms-spring-2020/resources/lecture-11-weighted-shortest-paths/,EXACT,FULL_SINGLE_PAGE,FULL_SINGLE_PAGE,FULL_SINGLE_PAGE,10,,VERIFIED,True
DSA & Algorithms,dsa-greedy-reasoning,Greedy reasoning,dsa-greedy-reasoning-core,Learn: Greedy reasoning,GeeksforGeeks,PRIMARY,documentation,https://www.geeksforgeeks.org/greedy-algorithms/,EXACT,ARTICLE_SECTION,Greedy,Greedy,10,MEDIUM,VERIFIED_COVERAGE,True
DSA & Algorithms,dsa-greedy-reasoning,Greedy reasoning,dsa-greedy-reasoning-core,NeetCode 150 — Greedy (representative subset),NeetCode,PRACTICE,coding_problem,https://neetcode.io/practice/practice/neetcode150,EXACT,FULL_SINGLE_PAGE,FULL_SINGLE_PAGE,FULL_SINGLE_PAGE,20,,VERIFIED,True
DSA & Algorithms,dsa-greedy-exchange,Exchange / intuitive proof,dsa-greedy-exchange-core,Learn: Exchange / intuitive proof,GeeksforGeeks,PRIMARY,documentation,https://www.geeksforgeeks.org/greedy-algorithms/,EXACT,ARTICLE_SECTION,Greedy,Greedy,10,MEDIUM,VERIFIED_COVERAGE,True
DSA & Algorithms,dsa-greedy-exchange,Exchange / intuitive proof,dsa-greedy-exchange-core,NeetCode 150 — Greedy (representative subset),NeetCode,PRACTICE,coding_problem,https://neetcode.io/practice/practice/neetcode150,EXACT,FULL_SINGLE_PAGE,FULL_SINGLE_PAGE,FULL_SINGLE_PAGE,20,,VERIFIED,True
DSA & Algorithms,dsa-interval-problems,Interval problems,dsa-interval-problems-core,NeetCode — Merge Intervals,NeetCode,PRIMARY,documentation,https://www.geeksforgeeks.org/data-structures/,EXACT,ARTICLE_SECTION,Sorting; Interval merging,Sorting; Interval merging,20,MEDIUM,VERIFIED_COVERAGE,True
DSA & Algorithms,dsa-interval-problems,Interval problems,dsa-interval-problems-core,NeetCode 150 — Intervals (representative subset),NeetCode,PRACTICE,coding_problem,https://neetcode.io/practice/practice/neetcode150,EXACT,FULL_SINGLE_PAGE,FULL_SINGLE_PAGE,FULL_SINGLE_PAGE,20,,VERIFIED,True
DSA & Algorithms,dsa-greedy-scheduling,Scheduling,dsa-greedy-scheduling-core,Learn: Scheduling,GeeksforGeeks,PRIMARY,documentation,https://www.geeksforgeeks.org/greedy-algorithms/,EXACT,ARTICLE_SECTION,Greedy,Greedy,10,MEDIUM,VERIFIED_COVERAGE,True
DSA & Algorithms,dsa-greedy-scheduling,Scheduling,dsa-greedy-scheduling-core,NeetCode 150 — Greedy (representative subset),NeetCode,PRACTICE,coding_problem,https://neetcode.io/practice/practice/neetcode150,EXACT,FULL_SINGLE_PAGE,FULL_SINGLE_PAGE,FULL_SINGLE_PAGE,20,,VERIFIED,True
DSA & Algorithms,dsa-greedy-patterns,Classic greedy patterns,dsa-greedy-patterns-core,Learn: Classic greedy patterns,GeeksforGeeks,PRIMARY,documentation,https://www.geeksforgeeks.org/greedy-algorithms/,EXACT,ARTICLE_SECTION,Greedy,Greedy,10,MEDIUM,VERIFIED_COVERAGE,True
DSA & Algorithms,dsa-greedy-patterns,Classic greedy patterns,dsa-greedy-patterns-core,NeetCode 150 — Greedy (representative subset),NeetCode,PRACTICE,coding_problem,https://neetcode.io/practice/practice/neetcode150,EXACT,FULL_SINGLE_PAGE,FULL_SINGLE_PAGE,FULL_SINGLE_PAGE,20,,VERIFIED,True
DSA & Algorithms,dsa-dp-mindset,DP mindset,dsa-dp-mindset-core,Learn: DP mindset,GeeksforGeeks,PRIMARY,documentation,https://www.geeksforgeeks.org/dynamic-programming/,EXACT,ARTICLE_SECTION,Overlapping subproblems,Overlapping subproblems,10,MEDIUM,VERIFIED_COVERAGE,True
DSA & Algorithms,dsa-dp-mindset,DP mindset,dsa-dp-mindset-core,NeetCode 150 — 1-D DP (representative subset),NeetCode,PRACTICE,coding_problem,https://neetcode.io/practice/practice/neetcode150,EXACT,FULL_SINGLE_PAGE,FULL_SINGLE_PAGE,FULL_SINGLE_PAGE,20,,VERIFIED,True
DSA & Algorithms,dsa-dp-mindset,DP mindset,dsa-dp-mindset-core,MIT 6.006 — DP Part 1 (SRTBOT),MIT OCW 6.006,DEEP_DIVE,documentation,https://ocw.mit.edu/courses/6-006-introduction-to-algorithms-spring-2020/resources/lecture-15-dynamic-programming-part-1-srtbot-fib-dags-bowling/,EXACT,FULL_SINGLE_PAGE,FULL_SINGLE_PAGE,FULL_SINGLE_PAGE,10,,VERIFIED,True
DSA & Algorithms,dsa-memoization,Memoization,dsa-memoization-core,Learn: Memoization,GeeksforGeeks,PRIMARY,documentation,https://www.geeksforgeeks.org/data-structures/,EXACT,ARTICLE_SECTION,Memoization,Memoization,20,MEDIUM,NEEDS_REVIEW,True
DSA & Algorithms,dsa-memoization,Memoization,dsa-memoization-core,NeetCode 150 — 1-D DP (representative subset),NeetCode,PRACTICE,coding_problem,https://neetcode.io/practice/practice/neetcode150,EXACT,FULL_SINGLE_PAGE,FULL_SINGLE_PAGE,FULL_SINGLE_PAGE,20,,VERIFIED,True
DSA & Algorithms,dsa-memoization,Memoization,dsa-memoization-core,MIT 6.006 — DP Part 1,MIT OCW 6.006,DEEP_DIVE,documentation,https://ocw.mit.edu/courses/6-006-introduction-to-algorithms-spring-2020/resources/lecture-15-dynamic-programming-part-1-srtbot-fib-dags-bowling/,EXACT,FULL_SINGLE_PAGE,FULL_SINGLE_PAGE,FULL_SINGLE_PAGE,10,,VERIFIED,True
DSA & Algorithms,dsa-tabulation,Tabulation,dsa-tabulation-core,NeetCode — Coin Change,NeetCode,PRIMARY,documentation,https://www.geeksforgeeks.org/data-structures/,EXACT,ARTICLE_SECTION,Dynamic Programming; Bottom-Up Tabulation,Dynamic Programming; Bottom-Up Tabulation,20,MEDIUM,VERIFIED_COVERAGE,True
DSA & Algorithms,dsa-tabulation,Tabulation,dsa-tabulation-core,NeetCode 150 — 1-D DP (representative subset),NeetCode,PRACTICE,coding_problem,https://neetcode.io/practice/practice/neetcode150,EXACT,FULL_SINGLE_PAGE,FULL_SINGLE_PAGE,FULL_SINGLE_PAGE,20,,VERIFIED,True
DSA & Algorithms,dsa-tabulation,Tabulation,dsa-tabulation-core,MIT 6.006 — DP Part 1,MIT OCW 6.006,DEEP_DIVE,documentation,https://ocw.mit.edu/courses/6-006-introduction-to-algorithms-spring-2020/resources/lecture-15-dynamic-programming-part-1-srtbot-fib-dags-bowling/,EXACT,FULL_SINGLE_PAGE,FULL_SINGLE_PAGE,FULL_SINGLE_PAGE,10,,VERIFIED,True
DSA & Algorithms,dsa-dp-state,State definition,dsa-dp-state-core,Learn: State definition,GeeksforGeeks,PRIMARY,documentation,https://www.geeksforgeeks.org/dynamic-programming/,EXACT,ARTICLE_SECTION,DP,DP,10,MEDIUM,VERIFIED_COVERAGE,True
DSA & Algorithms,dsa-dp-state,State definition,dsa-dp-state-core,NeetCode 150 — 1-D DP (representative subset),NeetCode,PRACTICE,coding_problem,https://neetcode.io/practice/practice/neetcode150,EXACT,FULL_SINGLE_PAGE,FULL_SINGLE_PAGE,FULL_SINGLE_PAGE,20,,VERIFIED,True
DSA & Algorithms,dsa-dp-state,State definition,dsa-dp-state-core,MIT 6.006 — DP Part 1,MIT OCW 6.006,DEEP_DIVE,documentation,https://ocw.mit.edu/courses/6-006-introduction-to-algorithms-spring-2020/resources/lecture-15-dynamic-programming-part-1-srtbot-fib-dags-bowling/,EXACT,FULL_SINGLE_PAGE,FULL_SINGLE_PAGE,FULL_SINGLE_PAGE,10,,VERIFIED,True
DSA & Algorithms,dsa-dp-transition,Transition,dsa-dp-transition-core,Learn: Transition,GeeksforGeeks,PRIMARY,documentation,https://www.geeksforgeeks.org/dynamic-programming/,EXACT,ARTICLE_SECTION,DP,DP,10,MEDIUM,VERIFIED_COVERAGE,True
DSA & Algorithms,dsa-dp-transition,Transition,dsa-dp-transition-core,NeetCode 150 — 1-D DP (representative subset),NeetCode,PRACTICE,coding_problem,https://neetcode.io/practice/practice/neetcode150,EXACT,FULL_SINGLE_PAGE,FULL_SINGLE_PAGE,FULL_SINGLE_PAGE,20,,VERIFIED,True
DSA & Algorithms,dsa-dp-transition,Transition,dsa-dp-transition-core,MIT 6.006 — DP Part 2,MIT OCW 6.006,DEEP_DIVE,documentation,https://ocw.mit.edu/courses/6-006-introduction-to-algorithms-spring-2020/resources/lecture-16-dynamic-programming-part-2-lcs-lis-coins/,EXACT,FULL_SINGLE_PAGE,FULL_SINGLE_PAGE,FULL_SINGLE_PAGE,10,,VERIFIED,True
DSA & Algorithms,dsa-dp-1d,1D DP,dsa-dp-1d-core,NeetCode — Climbing Stairs,NeetCode,PRIMARY,documentation,https://www.geeksforgeeks.org/introduction-to-dynamic-programming-data-structures-and-algorithm-tutorials/,EXACT,ARTICLE_SECTION,Dynamic Programming; State transition; Complexity,Dynamic Programming; State transition; Complexity,27,MEDIUM,VERIFIED_COVERAGE,True
DSA & Algorithms,dsa-dp-1d,1D DP,dsa-dp-1d-core,NeetCode 150 — 1-D DP (representative subset),NeetCode,PRACTICE,coding_problem,https://neetcode.io/practice/practice/neetcode150,EXACT,FULL_SINGLE_PAGE,FULL_SINGLE_PAGE,FULL_SINGLE_PAGE,20,,VERIFIED,True
DSA & Algorithms,dsa-dp-1d,1D DP,dsa-dp-1d-core,"MIT 6.006 — DP Part 2 (LIS, coins)",MIT OCW 6.006,DEEP_DIVE,documentation,https://ocw.mit.edu/courses/6-006-introduction-to-algorithms-spring-2020/resources/lecture-16-dynamic-programming-part-2-lcs-lis-coins/,EXACT,FULL_SINGLE_PAGE,FULL_SINGLE_PAGE,FULL_SINGLE_PAGE,10,,VERIFIED,True
DSA & Algorithms,dsa-dp-2d,2D DP,dsa-dp-2d-core,NeetCode — Unique Paths,NeetCode,PRIMARY,documentation,https://www.geeksforgeeks.org/dynamic-programming/,EXACT,ARTICLE_SECTION,2D Dynamic Programming; State transition,2D Dynamic Programming; State transition,10,MEDIUM,VERIFIED_COVERAGE,True
DSA & Algorithms,dsa-dp-2d,2D DP,dsa-dp-2d-core,NeetCode 150 — 2-D DP (representative subset),NeetCode,PRACTICE,coding_problem,https://neetcode.io/practice/practice/neetcode150,EXACT,FULL_SINGLE_PAGE,FULL_SINGLE_PAGE,FULL_SINGLE_PAGE,20,,VERIFIED,True
DSA & Algorithms,dsa-dp-2d,2D DP,dsa-dp-2d-core,MIT 6.006 — DP Part 2,MIT OCW 6.006,DEEP_DIVE,documentation,https://ocw.mit.edu/courses/6-006-introduction-to-algorithms-spring-2020/resources/lecture-16-dynamic-programming-part-2-lcs-lis-coins/,EXACT,FULL_SINGLE_PAGE,FULL_SINGLE_PAGE,FULL_SINGLE_PAGE,10,,VERIFIED,True
DSA & Algorithms,dsa-subsequence-dp,Subsequence DP,dsa-subsequence-dp-core,Learn: Subsequence DP,GeeksforGeeks,PRIMARY,documentation,https://www.geeksforgeeks.org/dynamic-programming/,EXACT,ARTICLE_SECTION,LCS,LCS,10,MEDIUM,VERIFIED_COVERAGE,True
DSA & Algorithms,dsa-subsequence-dp,Subsequence DP,dsa-subsequence-dp-core,NeetCode 150 — 2-D DP (representative subset),NeetCode,PRACTICE,coding_problem,https://neetcode.io/practice/practice/neetcode150,EXACT,FULL_SINGLE_PAGE,FULL_SINGLE_PAGE,FULL_SINGLE_PAGE,20,,VERIFIED,True
DSA & Algorithms,dsa-subsequence-dp,Subsequence DP,dsa-subsequence-dp-core,MIT 6.006 — DP Part 2 (LCS),MIT OCW 6.006,DEEP_DIVE,documentation,https://ocw.mit.edu/courses/6-006-introduction-to-algorithms-spring-2020/resources/lecture-16-dynamic-programming-part-2-lcs-lis-coins/,EXACT,FULL_SINGLE_PAGE,FULL_SINGLE_PAGE,FULL_SINGLE_PAGE,10,,VERIFIED,True
DSA & Algorithms,dsa-knapsack,Knapsack,dsa-knapsack-core,Learn: Knapsack,GeeksforGeeks,PRIMARY,documentation,https://www.geeksforgeeks.org/data-structures/,EXACT,ARTICLE_SECTION,0/1 Knapsack,0/1 Knapsack,20,MEDIUM,NEEDS_REVIEW,True
DSA & Algorithms,dsa-knapsack,Knapsack,dsa-knapsack-core,NeetCode Core Skills — Unbounded Knapsack,NeetCode,PRACTICE,coding_problem,https://neetcode.io/practice/practice/coreSkills,EXACT,FULL_SINGLE_PAGE,FULL_SINGLE_PAGE,FULL_SINGLE_PAGE,20,,VERIFIED,True
DSA & Algorithms,dsa-knapsack,Knapsack,dsa-knapsack-core,NeetCode 150 — 1-D DP (representative subset),NeetCode,PRACTICE,coding_problem,https://neetcode.io/practice/practice/neetcode150,EXACT,FULL_SINGLE_PAGE,FULL_SINGLE_PAGE,FULL_SINGLE_PAGE,20,,VERIFIED,True
DSA & Algorithms,dsa-knapsack,Knapsack,dsa-knapsack-core,MIT 6.006 — DP Part 4 (subset sum),MIT OCW 6.006,DEEP_DIVE,documentation,https://ocw.mit.edu/courses/6-006-introduction-to-algorithms-spring-2020/resources/lecture-18-dynamic-programming-part-4-rods-subset-sum-pseudopolynomial/,EXACT,FULL_SINGLE_PAGE,FULL_SINGLE_PAGE,FULL_SINGLE_PAGE,10,,VERIFIED,True
DSA & Algorithms,dsa-grid-dp,Grid DP,dsa-grid-dp-core,Learn: Grid DP,GeeksforGeeks,PRIMARY,documentation,https://www.geeksforgeeks.org/dynamic-programming/,EXACT,ARTICLE_SECTION,DP,DP,10,MEDIUM,VERIFIED_COVERAGE,True
DSA & Algorithms,dsa-grid-dp,Grid DP,dsa-grid-dp-core,NeetCode 150 — 2-D DP (representative subset),NeetCode,PRACTICE,coding_problem,https://neetcode.io/practice/practice/neetcode150,EXACT,FULL_SINGLE_PAGE,FULL_SINGLE_PAGE,FULL_SINGLE_PAGE,20,,VERIFIED,True
DSA & Algorithms,dsa-grid-dp,Grid DP,dsa-grid-dp-core,MIT 6.006 — DP Part 2,MIT OCW 6.006,DEEP_DIVE,documentation,https://ocw.mit.edu/courses/6-006-introduction-to-algorithms-spring-2020/resources/lecture-16-dynamic-programming-part-2-lcs-lis-coins/,EXACT,FULL_SINGLE_PAGE,FULL_SINGLE_PAGE,FULL_SINGLE_PAGE,10,,VERIFIED,True
DSA & Algorithms,dsa-interval-dp,Interval DP concepts,dsa-interval-dp-core,Learn: Interval DP concepts,GeeksforGeeks,PRIMARY,documentation,https://www.geeksforgeeks.org/dynamic-programming/,EXACT,ARTICLE_SECTION,DP,DP,10,MEDIUM,VERIFIED_COVERAGE,True
DSA & Algorithms,dsa-interval-dp,Interval DP concepts,dsa-interval-dp-core,NeetCode 150 — 2-D DP (representative subset),NeetCode,PRACTICE,coding_problem,https://neetcode.io/practice/practice/neetcode150,EXACT,FULL_SINGLE_PAGE,FULL_SINGLE_PAGE,FULL_SINGLE_PAGE,20,,VERIFIED,True
DSA & Algorithms,dsa-interval-dp,Interval DP concepts,dsa-interval-dp-core,MIT 6.006 — DP Part 3 (parens),MIT OCW 6.006,DEEP_DIVE,documentation,https://ocw.mit.edu/courses/6-006-introduction-to-algorithms-spring-2020/resources/lecture-17-dynamic-programming-part-3-apsp-parens-piano/,EXACT,FULL_SINGLE_PAGE,FULL_SINGLE_PAGE,FULL_SINGLE_PAGE,10,,VERIFIED,True
DSA & Algorithms,dsa-dp-optimization,DP optimization,dsa-dp-optimization-core,Learn: DP optimization,GeeksforGeeks,PRIMARY,documentation,https://www.geeksforgeeks.org/dynamic-programming/,EXACT,ARTICLE_SECTION,DP,DP,10,MEDIUM,VERIFIED_COVERAGE,True
DSA & Algorithms,dsa-dp-optimization,DP optimization,dsa-dp-optimization-core,NeetCode 150 — 1-D DP (representative subset),NeetCode,PRACTICE,coding_problem,https://neetcode.io/practice/practice/neetcode150,EXACT,FULL_SINGLE_PAGE,FULL_SINGLE_PAGE,FULL_SINGLE_PAGE,20,,VERIFIED,True
DSA & Algorithms,dsa-dp-optimization,DP optimization,dsa-dp-optimization-core,MIT 6.006 — DP Part 4 (pseudopolynomial),MIT OCW 6.006,DEEP_DIVE,documentation,https://ocw.mit.edu/courses/6-006-introduction-to-algorithms-spring-2020/resources/lecture-18-dynamic-programming-part-4-rods-subset-sum-pseudopolynomial/,EXACT,FULL_SINGLE_PAGE,FULL_SINGLE_PAGE,FULL_SINGLE_PAGE,10,,VERIFIED,True
DSA & Algorithms,dsa-tries,Tries,dsa-tries-core,Learn: Tries,GeeksforGeeks,PRIMARY,documentation,https://www.geeksforgeeks.org/trie-insert-and-search/,EXACT,ARTICLE_SECTION,Trie,Trie,37,MEDIUM,VERIFIED_COVERAGE,True
DSA & Algorithms,dsa-tries,Tries,dsa-tries-core,NeetCode 150 — Tries (representative subset),NeetCode,PRACTICE,coding_problem,https://neetcode.io/practice/practice/neetcode150,EXACT,FULL_SINGLE_PAGE,FULL_SINGLE_PAGE,FULL_SINGLE_PAGE,20,,VERIFIED,True
DSA & Algorithms,dsa-bit-manipulation,Bit manipulation,dsa-bit-manipulation-core,Learn: Bit manipulation,GeeksforGeeks,PRIMARY,documentation,https://www.geeksforgeeks.org/bits-manipulation-important-tactics/,EXACT,ARTICLE_SECTION,Bit manipulation,Bit manipulation,28,MEDIUM,VERIFIED_COVERAGE,True
DSA & Algorithms,dsa-bit-manipulation,Bit manipulation,dsa-bit-manipulation-core,NeetCode 150 — Bit Manipulation (representative subset),NeetCode,PRACTICE,coding_problem,https://neetcode.io/practice/practice/neetcode150,EXACT,FULL_SINGLE_PAGE,FULL_SINGLE_PAGE,FULL_SINGLE_PAGE,20,,VERIFIED,True
DSA & Algorithms,dsa-segment-tree-concept,Segment tree concept,dsa-segment-tree-concept-core,Learn: Segment tree concept,GeeksforGeeks,PRIMARY,documentation,https://www.geeksforgeeks.org/binary-tree-data-structure/,EXACT,ARTICLE_SECTION,Trees,Trees,10,MEDIUM,VERIFIED_COVERAGE,True
DSA & Algorithms,dsa-segment-tree-concept,Segment tree concept,dsa-segment-tree-concept-core,NeetCode Core Skills — Design Segment Tree,NeetCode,PRACTICE,coding_problem,https://neetcode.io/practice/practice/coreSkills,EXACT,FULL_SINGLE_PAGE,FULL_SINGLE_PAGE,FULL_SINGLE_PAGE,20,,VERIFIED,True
DSA & Algorithms,dsa-advanced-graphs,Advanced graph concepts,dsa-advanced-graphs-core,Learn: Advanced graph concepts,GeeksforGeeks,PRIMARY,documentation,https://www.geeksforgeeks.org/graph-data-structure-and-algorithms/,EXACT,ARTICLE_SECTION,Graphs,Graphs,10,MEDIUM,VERIFIED_COVERAGE,True
DSA & Algorithms,dsa-advanced-graphs,Advanced graph concepts,dsa-advanced-graphs-core,NeetCode 150 — Advanced Graphs (representative subset),NeetCode,PRACTICE,coding_problem,https://neetcode.io/practice/practice/neetcode150,EXACT,FULL_SINGLE_PAGE,FULL_SINGLE_PAGE,FULL_SINGLE_PAGE,20,,VERIFIED,True
DSA & Algorithms,dsa-advanced-dp,Advanced DP,dsa-advanced-dp-core,NeetCode — Advanced Algorithms Course,NeetCode,PRIMARY,documentation,https://www.geeksforgeeks.org/dynamic-programming/,EXACT,ARTICLE_SECTION,Dynamic Programming; Advanced algorithm patterns,Dynamic Programming; Advanced algorithm patterns,10,MEDIUM,VERIFIED_COVERAGE,True
DSA & Algorithms,dsa-advanced-dp,Advanced DP,dsa-advanced-dp-core,NeetCode 150 — 2-D DP (representative subset),NeetCode,PRACTICE,coding_problem,https://neetcode.io/practice/practice/neetcode150,EXACT,FULL_SINGLE_PAGE,FULL_SINGLE_PAGE,FULL_SINGLE_PAGE,20,,VERIFIED,True
DSA & Algorithms,dsa-pattern-selection,Pattern selection,dsa-pattern-selection-core,NeetCode — DSA for Beginners,NeetCode,PRIMARY,documentation,https://www.geeksforgeeks.org/data-structures/,EXACT,ARTICLE_SECTION,How to identify and apply patterns; Course progression,How to identify and apply patterns; Course progression,20,MEDIUM,VERIFIED_COVERAGE,True
DSA & Algorithms,dsa-pattern-selection,Pattern selection,dsa-pattern-selection-core,NeetCode 150 — NeetCode 150 (representative subset),NeetCode,PRACTICE,coding_problem,https://neetcode.io/practice/practice/neetcode150,EXACT,FULL_SINGLE_PAGE,FULL_SINGLE_PAGE,FULL_SINGLE_PAGE,20,,VERIFIED,True
DSA & Algorithms,dsa-interview-hygiene,Interview hygiene,dsa-interview-hygiene-core,Learn: Interview hygiene,GeeksforGeeks,PRIMARY,documentation,https://www.geeksforgeeks.org/data-structures/,EXACT,ARTICLE_SECTION,Data structures overview,Data structures overview,20,MEDIUM,VERIFIED_COVERAGE,True
DSA & Algorithms,dsa-interview-hygiene,Interview hygiene,dsa-interview-hygiene-core,NeetCode 150 — NeetCode 150 (representative subset),NeetCode,PRACTICE,coding_problem,https://neetcode.io/practice/practice/neetcode150,EXACT,FULL_SINGLE_PAGE,FULL_SINGLE_PAGE,FULL_SINGLE_PAGE,20,,VERIFIED,True
Software Engineering,se-sdlc,SDLC overview,se-sdlc-core,IBM — Software Development Life Cycle (SDLC),IBM,PRIMARY,documentation,https://www.ibm.com/think/topics/sdlc,EXACT,ARTICLE_SECTION,SDLC phases; Planning; Analysis; Design; Development; Testing; Deployment; Maintenance,SDLC phases; Planning; Analysis; Design; Development; Testing; Deployment; Maintenance,30,MEDIUM,VERIFIED_COVERAGE,True
Software Engineering,se-requirements,Requirements & scope,se-requirements-core,IBM: Requirements & scope,IBM,PRIMARY,documentation,https://www.geeksforgeeks.org/software-engineering/software-engineering-requirements-engineering-process/,EXACT,ARTICLE_SECTION,Requirements engineering process,Requirements engineering process,20,MEDIUM,VERIFIED_COVERAGE,True
Software Engineering,se-versioning,Semantic versioning,se-versioning-core,SemVer: Semantic versioning,SemVer,PRIMARY,documentation,https://semver.org/,EXACT,FULL_SINGLE_PAGE,FULL_SINGLE_PAGE,FULL_SINGLE_PAGE,20,MEDIUM,VERIFIED_COVERAGE,True
Software Engineering,se-solid-srp,SOLID — Single Responsibility,se-solid-srp-core,SOLID principles (DigitalOcean),DigitalOcean,PRIMARY,documentation,https://blog.cleancoder.com/uncle-bob/2014/05/08/SingleReponsibilityPrinciple.html,EXACT,ARTICLE_SECTION,Single Responsibility Principle,Single Responsibility Principle,17,MEDIUM,VERIFIED_COVERAGE,True
Software Engineering,se-solid-ocp,SOLID — Open/Closed,se-solid-ocp-core,SOLID principles (DigitalOcean),DigitalOcean,PRIMARY,documentation,https://blog.cleancoder.com/uncle-bob/2014/05/12/TheOpenClosedPrinciple.html,EXACT,ARTICLE_SECTION,Open Closed Principle,Open Closed Principle,15,MEDIUM,VERIFIED_COVERAGE,True
Software Engineering,se-testing-pyramid,Testing pyramid,se-testing-pyramid-core,Martin Fowler: Testing pyramid,Martin Fowler,PRIMARY,documentation,https://martinfowler.com/articles/practical-test-pyramid.html,EXACT,ARTICLE_SECTION,practical-test-pyramid.html,practical-test-pyramid.html,75,MEDIUM,VERIFIED_COVERAGE,True
Software Engineering,se-unit-tests,Unit testing basics,se-unit-tests-core,pytest: Unit testing basics,pytest,PRIMARY,documentation,https://docs.pytest.org/en/stable/,EXACT,ARTICLE_SECTION,stable,stable,10,MEDIUM,VERIFIED_COVERAGE,True
Software Engineering,se-api-design,API design basics,se-api-design-core,Microsoft Azure Architecture — API Design,Microsoft Learn,PRIMARY,documentation,https://learn.microsoft.com/en-us/azure/architecture/best-practices/api-design,EXACT,ARTICLE_SECTION,API design; Resource modeling; HTTP methods; Errors,API design; Resource modeling; HTTP methods; Errors,44,MEDIUM,VERIFIED_COVERAGE,True
Software Engineering,se-code-review,Code review habits,se-code-review-core,Google: Code review habits,Google,PRIMARY,documentation,https://google.github.io/eng-practices/review/,EXACT,ARTICLE_SECTION,review,review,10,MEDIUM,VERIFIED_COVERAGE,True
Software Engineering,se-ci-basics,CI basics,se-ci-basics-core,GitHub Docs: CI basics,GitHub Docs,PRIMARY,documentation,https://docs.github.com/en/actions/get-started/understand-github-actions,EXACT,ARTICLE_SECTION,understand-github-actions,understand-github-actions,12,MEDIUM,VERIFIED_COVERAGE,True
Backend & Databases,db-sql-select,SQL SELECT,db-sql-select-core,SQLite — SELECT statement,SQLite,PRIMARY,documentation,https://www.sqlite.org/lang_select.html,EXACT,ARTICLE_SECTION,Simple SELECT; WHERE; ORDER BY; LIMIT; compound SELECT,Simple SELECT; WHERE; ORDER BY; LIMIT; compound SELECT,53,MEDIUM,VERIFIED_COVERAGE,True
Backend & Databases,db-sql-joins,SQL JOINs,db-sql-joins-core,SQLite — SELECT and JOIN processing,SQLite,PRIMARY,documentation,https://www.sqlite.org/lang_select.html,EXACT,ARTICLE_SECTION,The SELECT core; JOIN clause; Join Operators,The SELECT core; JOIN clause; Join Operators,53,MEDIUM,VERIFIED_COVERAGE,True
Backend & Databases,db-indexes,Indexes & query plans,db-indexes-core,SQLite: Indexes & query plans,SQLite,PRIMARY,documentation,https://www.sqlite.org/queryplanner.html,EXACT,ARTICLE_SECTION,queryplanner.html,queryplanner.html,31,MEDIUM,VERIFIED_COVERAGE,True
Backend & Databases,db-transactions,Transactions,db-transactions-core,SQLite — Transactions,SQLite,PRIMARY,documentation,https://www.sqlite.org/lang_transaction.html,EXACT,ARTICLE_SECTION,"2. Transactions; 2.1 Read transactions versus write transactions; 2.2 DEFERRED, IMMEDIATE, and EXCLUSIVE transactions","2. Transactions; 2.1 Read transactions versus write transactions; 2.2 DEFERRED, IMMEDIATE, and EXCLUSIVE transactions",13,MEDIUM,VERIFIED_COVERAGE,True
Backend & Databases,db-schema-design,Schema design basics,db-schema-design-core,PostgreSQL: Schema design basics,PostgreSQL,PRIMARY,documentation,https://www.postgresql.org/docs/current/ddl.html,EXACT,ARTICLE_SECTION,ddl.html,ddl.html,10,MEDIUM,VERIFIED_COVERAGE,True
Backend & Databases,be-http,HTTP fundamentals,be-http-core,MDN: HTTP fundamentals,MDN,PRIMARY,documentation,https://developer.mozilla.org/en-US/docs/Web/HTTP/Guides/Overview,EXACT,ARTICLE_SECTION,Overview,Overview,18,MEDIUM,VERIFIED_COVERAGE,True
Backend & Databases,be-rest,REST resources,be-rest-core,restfulapi.net: REST resources,restfulapi.net,PRIMARY,documentation,https://restfulapi.net/rest-architectural-constraints/,EXACT,ARTICLE_SECTION,rest-architectural-constraints,rest-architectural-constraints,11,MEDIUM,VERIFIED_COVERAGE,True
Backend & Databases,be-json,JSON APIs,be-json-core,MDN — Working with JSON,MDN,PRIMARY,documentation,https://developer.mozilla.org/en-US/docs/Learn_web_development/Core/Scripting/JSON,EXACT,FULL_SINGLE_PAGE,FULL_SINGLE_PAGE,FULL_SINGLE_PAGE,19,MEDIUM,VERIFIED_COVERAGE,True
Backend & Databases,be-json,JSON APIs,be-json-core,JSON.org — JSON specification,JSON.org,REFERENCE,documentation,https://www.json.org/json-en.html,EXACT,FULL_SINGLE_PAGE,FULL_SINGLE_PAGE,FULL_SINGLE_PAGE,10,MEDIUM,VERIFIED_COVERAGE,True
Backend & Databases,be-fastapi-intro,FastAPI intro,be-fastapi-intro-core,FastAPI: FastAPI intro,FastAPI,PRIMARY,documentation,https://fastapi.tiangolo.com/tutorial/first-steps/,EXACT,ARTICLE_SECTION,first-steps,first-steps,18,MEDIUM,VERIFIED_COVERAGE,True
Backend & Databases,be-auth-basics,Auth basics,be-auth-basics-core,FastAPI: Auth basics,FastAPI,PRIMARY,documentation,https://fastapi.tiangolo.com/tutorial/security/,EXACT,ARTICLE_SECTION,security,security,10,MEDIUM,VERIFIED_COVERAGE,True
Backend & Databases,be-errors,API error handling,be-errors-core,FastAPI: API error handling,FastAPI,PRIMARY,documentation,https://fastapi.tiangolo.com/tutorial/handling-errors/,EXACT,ARTICLE_SECTION,handling-errors,handling-errors,18,MEDIUM,VERIFIED_COVERAGE,True
Backend & Databases,be-persistence,API + SQL persistence,be-persistence-core,FastAPI: API + SQL persistence,FastAPI,PRIMARY,documentation,https://fastapi.tiangolo.com/tutorial/sql-databases/,EXACT,ARTICLE_SECTION,sql-databases,sql-databases,75,MEDIUM,VERIFIED_COVERAGE,True
Mathematics for ML,math-vectors,Vectors intuition,math-vectors-core,Khan Academy: Vectors intuition,Khan Academy,PRIMARY,documentation,https://mathinsight.org/vector_introduction,EXACT,ARTICLE_SECTION,Introduction to vectors,Introduction to vectors,14,MEDIUM,VERIFIED_COVERAGE,True
Mathematics for ML,math-matrices,Matrices intuition,math-matrices-core,Khan Academy: Matrices intuition,Khan Academy,PRIMARY,documentation,https://mathinsight.org/matrix_introduction,EXACT,ARTICLE_SECTION,Introduction to matrices,Introduction to matrices,10,MEDIUM,VERIFIED_COVERAGE,True
Mathematics for ML,math-probability,Probability basics,math-probability-core,Khan Academy: Probability basics,Khan Academy,PRIMARY,documentation,https://seeing-theory.brown.edu/basic-probability/index.html,EXACT,ARTICLE_SECTION,Basic probability,Basic probability,10,MEDIUM,VERIFIED_COVERAGE,True
Mathematics for ML,math-distributions,Distributions intuition,math-distributions-core,Seeing Theory: Distributions intuition,Seeing Theory,PRIMARY,documentation,https://seeing-theory.brown.edu/probability-distributions/index.html,EXACT,ARTICLE_SECTION,index.html,index.html,12,MEDIUM,VERIFIED_COVERAGE,True
Mathematics for ML,math-stats-summary,Summary statistics,math-stats-summary-core,Khan Academy: Summary statistics,Khan Academy,PRIMARY,documentation,https://openstax.org/books/introductory-statistics/pages/2-5-measures-of-the-center-of-the-data,EXACT,ARTICLE_SECTION,Measures of the center of the data,Measures of the center of the data,21,MEDIUM,VERIFIED_COVERAGE,True
Mathematics for ML,math-gradient-intuition,Gradient intuition,math-gradient-intuition-core,Khan Academy: Gradient intuition,Khan Academy,PRIMARY,documentation,https://openstax.org/books/calculus-volume-3/pages/4-6-directional-derivatives-and-the-gradient,EXACT,ARTICLE_SECTION,Directional derivatives and the gradient,Directional derivatives and the gradient,75,MEDIUM,VERIFIED_COVERAGE,True
Machine Learning,ml-what-is-ml,What is machine learning,ml-what-is-ml-core,ML Teach by Doing - Introduction,Vizuara,PRIMARY,youtube,https://www.youtube.com/watch?v=ngiICHD5dVc,EXACT,VIDEO_TIMESTAMP,00:00,26:14,10,MEDIUM,NEEDS_REVIEW,True
Machine Learning,ml-what-is-ml,What is machine learning,ml-what-is-ml-core,Getting Started — scikit-learn,scikit-learn,REFERENCE,documentation,https://scikit-learn.org/stable/getting_started.html,EXACT,ARTICLE_SECTION,Getting Started,Getting Started,14,MEDIUM,VERIFIED_COVERAGE,True
Machine Learning,ml-features-labels,Features & labels,ml-features-labels-core,scikit-learn: Features & labels,scikit-learn,PRIMARY,documentation,https://scikit-learn.org/stable/getting_started.html,EXACT,FULL_SINGLE_PAGE,FULL_SINGLE_PAGE,FULL_SINGLE_PAGE,14,MEDIUM,VERIFIED_COVERAGE,True
Machine Learning,ml-train-test,Train/test split,ml-train-test-core,scikit-learn: Train/test split,scikit-learn,PRIMARY,documentation,https://scikit-learn.org/stable/modules/cross_validation.html,EXACT,ARTICLE_SECTION,cross_validation.html,cross_validation.html,42,MEDIUM,VERIFIED_COVERAGE,True
Machine Learning,ml-linear-regression,Linear regression,ml-linear-regression-core,scikit-learn: Linear regression,scikit-learn,PRIMARY,documentation,https://scikit-learn.org/stable/modules/linear_model.html,EXACT,ARTICLE_SECTION,linear_model.html,linear_model.html,60,MEDIUM,VERIFIED_COVERAGE,True
Machine Learning,ml-classification,Classification basics,ml-classification-core,scikit-learn: Classification basics,scikit-learn,PRIMARY,documentation,https://scikit-learn.org/stable/modules/tree.html,EXACT,FULL_SINGLE_PAGE,FULL_SINGLE_PAGE,FULL_SINGLE_PAGE,30,MEDIUM,VERIFIED_COVERAGE,True
Machine Learning,ml-metrics,ML metrics,ml-metrics-core,scikit-learn: ML metrics,scikit-learn,PRIMARY,documentation,https://scikit-learn.org/stable/modules/model_evaluation.html,EXACT,ARTICLE_SECTION,model_evaluation.html,model_evaluation.html,75,MEDIUM,VERIFIED_COVERAGE,True
Machine Learning,ml-overfitting,Overfitting & regularization,ml-overfitting-core,scikit-learn: Overfitting & regularization,scikit-learn,PRIMARY,documentation,https://scikit-learn.org/stable/modules/linear_model.html#ridge-regression,EXACT,ARTICLE_SECTION,ridge-regression,ridge-regression,60,MEDIUM,VERIFIED_COVERAGE,True
Machine Learning,ml-sklearn-pipeline,sklearn Pipeline,ml-sklearn-pipeline-core,scikit-learn: sklearn Pipeline,scikit-learn,PRIMARY,documentation,https://scikit-learn.org/stable/modules/compose.html,EXACT,ARTICLE_SECTION,compose.html,compose.html,24,MEDIUM,VERIFIED_COVERAGE,True
Machine Learning,ml-types-of-ml,Types of machine learning,ml-types-of-ml-lesson,Supervised learning (ML Crash Course),Google Developers,PRIMARY,documentation,https://raw.githubusercontent.com/d2l-ai/d2l-en/master/chapter_introduction/index.md,MULTI_TOPIC,FULL_SINGLE_PAGE,FULL_SINGLE_PAGE,FULL_SINGLE_PAGE,75,MEDIUM,VERIFIED_COVERAGE,True
Machine Learning,ml-validation-split,Validation split,ml-validation-split-lesson,Cross-validation: evaluating estimator performance,scikit-learn,PRIMARY,documentation,https://scikit-learn.org/stable/modules/cross_validation.html,EXACT,FULL_SINGLE_PAGE,FULL_SINGLE_PAGE,FULL_SINGLE_PAGE,42,MEDIUM,VERIFIED_COVERAGE,True
Machine Learning,ml-loss-intuition,Cost & loss intuition,ml-loss-intuition-lesson,Linear model — OLS cost,scikit-learn,PRIMARY,documentation,https://scikit-learn.org/stable/modules/linear_model.html#ordinary-least-squares,MULTI_TOPIC,FULL_SINGLE_PAGE,FULL_SINGLE_PAGE,FULL_SINGLE_PAGE,60,MEDIUM,VERIFIED_COVERAGE,True
Machine Learning,ml-gradient-descent-intuition,Gradient descent intuition,ml-gradient-descent-intuition-lesson,ML Teach by Doing Day 6: Linear Classifiers Part 1,Vizuara,PRIMARY,youtube,https://www.youtube.com/watch?v=rcXcGS1M77g,EXACT,VIDEO_TIMESTAMP,00:00,26:14,10,MEDIUM,NEEDS_REVIEW,True
Machine Learning,ml-gradient-descent-intuition,Gradient descent intuition,ml-gradient-descent-intuition-lesson,Gradient descent,scikit-learn,REFERENCE,documentation,https://scikit-learn.org/stable/modules/linear_model.html#gradient-descent,EXACT,ARTICLE_SECTION,end,end,60,MEDIUM,VERIFIED_COVERAGE,True
Machine Learning,ml-logistic-regression,Logistic regression,ml-logistic-regression-lesson,Logistic regression,scikit-learn,PRIMARY,documentation,https://scikit-learn.org/stable/modules/linear_model.html#logistic-regression,MULTI_TOPIC,FULL_SINGLE_PAGE,FULL_SINGLE_PAGE,FULL_SINGLE_PAGE,60,MEDIUM,VERIFIED_COVERAGE,True
Machine Learning,ml-decision-trees,Decision trees,ml-decision-trees-lesson,Decision Trees user guide,scikit-learn,PRIMARY,documentation,https://scikit-learn.org/stable/modules/tree.html,EXACT,FULL_SINGLE_PAGE,FULL_SINGLE_PAGE,FULL_SINGLE_PAGE,30,MEDIUM,VERIFIED_COVERAGE,True
Machine Learning,ml-random-forests,Random forests,ml-random-forests-lesson,Forests of randomized trees,scikit-learn,PRIMARY,documentation,https://scikit-learn.org/stable/modules/ensemble.html#forests-of-randomized-trees,MULTI_TOPIC,FULL_SINGLE_PAGE,FULL_SINGLE_PAGE,FULL_SINGLE_PAGE,63,MEDIUM,VERIFIED_COVERAGE,True
Machine Learning,ml-knn,K-nearest neighbors,ml-knn-lesson,Nearest Neighbors user guide,scikit-learn,PRIMARY,documentation,https://scikit-learn.org/stable/modules/neighbors.html,EXACT,FULL_SINGLE_PAGE,FULL_SINGLE_PAGE,FULL_SINGLE_PAGE,33,MEDIUM,VERIFIED_COVERAGE,True
Machine Learning,ml-naive-bayes,Naive Bayes,ml-naive-bayes-lesson,Naive Bayes user guide,scikit-learn,PRIMARY,documentation,https://scikit-learn.org/stable/modules/naive_bayes.html,EXACT,FULL_SINGLE_PAGE,FULL_SINGLE_PAGE,FULL_SINGLE_PAGE,14,MEDIUM,VERIFIED_COVERAGE,True
Machine Learning,ml-svm,Support vector machines,ml-svm-lesson,Support Vector Machines user guide,scikit-learn,PRIMARY,documentation,https://scikit-learn.org/stable/modules/svm.html,EXACT,FULL_SINGLE_PAGE,FULL_SINGLE_PAGE,FULL_SINGLE_PAGE,32,MEDIUM,VERIFIED_COVERAGE,True
Machine Learning,ml-confusion-matrix,Confusion matrix deep dive,ml-confusion-matrix-lesson,Confusion matrix,scikit-learn,PRIMARY,documentation,https://scikit-learn.org/stable/modules/model_evaluation.html#confusion-matrix,MULTI_TOPIC,FULL_SINGLE_PAGE,FULL_SINGLE_PAGE,FULL_SINGLE_PAGE,75,MEDIUM,VERIFIED_COVERAGE,True
Machine Learning,ml-bias-variance,Bias–variance tradeoff,ml-bias-variance-lesson,Underfitting vs overfitting,scikit-learn,PRIMARY,documentation,https://scikit-learn.org/stable/modules/model_evaluation.html#underfitting-vs-overfitting,MULTI_TOPIC,FULL_SINGLE_PAGE,FULL_SINGLE_PAGE,FULL_SINGLE_PAGE,75,MEDIUM,VERIFIED_COVERAGE,True
Machine Learning,ml-cross-validation,Cross-validation,ml-cross-validation-lesson,Cross-validation guide,scikit-learn,PRIMARY,documentation,https://scikit-learn.org/stable/modules/cross_validation.html,EXACT,FULL_SINGLE_PAGE,FULL_SINGLE_PAGE,FULL_SINGLE_PAGE,42,MEDIUM,VERIFIED_COVERAGE,True
Machine Learning,ml-feature-scaling,Feature scaling,ml-feature-scaling-lesson,Standardization & scaling,scikit-learn,PRIMARY,documentation,https://scikit-learn.org/stable/modules/preprocessing.html#standardization-or-mean-removal-and-variance-scaling,EXACT,FULL_SINGLE_PAGE,FULL_SINGLE_PAGE,FULL_SINGLE_PAGE,49,MEDIUM,VERIFIED_COVERAGE,True
Machine Learning,ml-encoding-categorical,Encoding categorical data,ml-encoding-categorical-lesson,Encoding categorical features,scikit-learn,PRIMARY,documentation,https://scikit-learn.org/stable/modules/preprocessing.html#encoding-categorical-features,EXACT,FULL_SINGLE_PAGE,FULL_SINGLE_PAGE,FULL_SINGLE_PAGE,49,MEDIUM,VERIFIED_COVERAGE,True
Machine Learning,ml-ensemble-learning,Ensemble learning,ml-ensemble-learning-lesson,Ensembles user guide overview,scikit-learn,PRIMARY,documentation,https://scikit-learn.org/stable/modules/ensemble.html,MULTI_TOPIC,FULL_SINGLE_PAGE,FULL_SINGLE_PAGE,FULL_SINGLE_PAGE,63,MEDIUM,VERIFIED_COVERAGE,True
Machine Learning,ml-end-to-end-workflow,End-to-end ML workflow,ml-end-to-end-workflow-lesson,ML workflow checklist,Google Developers,PRIMARY,documentation,https://developers.google.com/machine-learning/crash-course/production-ml-systems,EXACT,FULL_SINGLE_PAGE,FULL_SINGLE_PAGE,FULL_SINGLE_PAGE,10,MEDIUM,VERIFIED_COVERAGE,True
Machine Learning,ml-ridge-lasso,Ridge & Lasso regularization,ml-ridge-lasso-lesson,ML Teach by Doing Day 6: Linear Classifiers Part 1,Vizuara,PRIMARY,youtube,https://www.youtube.com/watch?v=rcXcGS1M77g,EXACT,VIDEO_TIMESTAMP,10:00,26:14,10,MEDIUM,NEEDS_REVIEW,True
Machine Learning,ml-ridge-lasso,Ridge & Lasso regularization,ml-ridge-lasso-lesson,Linear Models — Ridge/Lasso,scikit-learn,REFERENCE,documentation,https://scikit-learn.org/stable/modules/linear_model.html,EXACT,ARTICLE_SECTION,above; content inspection pending,above; content inspection pending,60,MEDIUM,VERIFIED_COVERAGE,True
Machine Learning,ml-ridge-lasso,Ridge & Lasso regularization,ml-ridge-lasso-lesson,Vizuara — Ridge Regression fundamentals and intuition,Vizuara,REFERENCE,youtube_video,https://www.youtube.com/watch?v=-2Dbj1IzZm4,EXACT,VIDEO_TIMESTAMP,00:00,00:10:00,10,MEDIUM,NEEDS_REVIEW,True
Machine Learning,ml-roc-auc,ROC curves & AUC,ml-roc-auc-lesson,scikit-learn — ROC metrics,scikit-learn,PRIMARY,documentation,https://scikit-learn.org/stable/modules/model_evaluation.html#roc-metrics,EXACT,ARTICLE_SECTION,Receiver operating characteristic (ROC); ROC AUC,Receiver operating characteristic (ROC); ROC AUC,75,MEDIUM,VERIFIED_COVERAGE,True
Machine Learning,ml-regression-metrics,Regression metrics,ml-regression-metrics-lesson,scikit-learn — Regression metrics,scikit-learn,PRIMARY,documentation,https://scikit-learn.org/stable/modules/model_evaluation.html#regression-metrics,EXACT,ARTICLE_SECTION,Regression metrics,Regression metrics,75,MEDIUM,VERIFIED_COVERAGE,True
Machine Learning,ml-grid-search,Hyperparameter search,ml-grid-search-lesson,Grid Search & Randomized Search,scikit-learn,PRIMARY,documentation,https://scikit-learn.org/stable/modules/grid_search.html,EXACT,FULL_SINGLE_PAGE,FULL_SINGLE_PAGE,FULL_SINGLE_PAGE,31,MEDIUM,VERIFIED_COVERAGE,True
Machine Learning,ml-kmeans,K-means clustering,ml-kmeans-lesson,StatQuest — K-means Clustering,StatQuest,PRIMARY,youtube_video,https://www.youtube.com/watch?v=4b5d3muPQmA,MULTI_TOPIC,VIDEO_TIMESTAMP,0,510,10,MEDIUM,NEEDS_REVIEW,True
Machine Learning,ml-hierarchical-dbscan,Hierarchical clustering & DBSCAN,ml-hierarchical-dbscan-lesson,scikit-learn — Clustering: Hierarchical and DBSCAN,scikit-learn,PRIMARY,documentation,https://scikit-learn.org/stable/modules/clustering.html,EXACT,ARTICLE_SECTION,Hierarchical clustering; DBSCAN; Density-based clustering,Hierarchical clustering; DBSCAN; Density-based clustering,74,MEDIUM,VERIFIED_COVERAGE,True
Machine Learning,ml-pca,Principal component analysis,ml-pca-lesson,"StatQuest — Principal Component Analysis (PCA), Step-by-Step",StatQuest,PRIMARY,youtube_video,https://www.youtube.com/watch?v=FgakZw6K1QQ,MULTI_TOPIC,VIDEO_TIMESTAMP,30,990,10,MEDIUM,NEEDS_REVIEW,True
Machine Learning,ml-anomaly-awareness,Anomaly detection awareness,ml-anomaly-awareness-lesson,scikit-learn — Novelty and Outlier Detection,scikit-learn,PRIMARY,documentation,https://scikit-learn.org/stable/modules/outlier_detection.html,EXACT,ARTICLE_SECTION,Overview; Novelty detection; Outlier detection,Overview; Novelty detection; Outlier detection,20,MEDIUM,VERIFIED_COVERAGE,True
Machine Learning,ml-gradient-boosting,Gradient boosting,ml-gradient-boosting-lesson,Ensembles — Gradient Boosting,scikit-learn,PRIMARY,documentation,https://scikit-learn.org/stable/modules/ensemble.html,MULTI_TOPIC,FULL_SINGLE_PAGE,FULL_SINGLE_PAGE,FULL_SINGLE_PAGE,63,MEDIUM,VERIFIED_COVERAGE,True
Machine Learning,ml-feature-importance,Feature importance,ml-feature-importance-lesson,Permutation Importance,scikit-learn,PRIMARY,documentation,https://scikit-learn.org/stable/modules/permutation_importance.html,EXACT,FULL_SINGLE_PAGE,FULL_SINGLE_PAGE,FULL_SINGLE_PAGE,14,MEDIUM,VERIFIED_COVERAGE,True
Other,devops-awareness,DevOps awareness,devops-awareness-core,Microsoft Learn — Discover DevOps,Microsoft Learn,PRIMARY,documentation,https://learn.microsoft.com/en-us/training/modules/discover-devops/,EXACT,ARTICLE_SECTION,Introduction; What is DevOps?; Explore DevOps culture; Explore DevOps goals and benefits; Explore DevOps application lifecycle; Summary,Introduction; What is DevOps?; Explore DevOps culture; Explore DevOps goals and benefits; Explore DevOps application lifecycle; Summary,10,MEDIUM,VERIFIED_COVERAGE,True
Other,devops-path,DevOps learning path,devops-path-core,Microsoft Learn — DevOps foundations: The core principles and practices,Microsoft Learn,PRIMARY,documentation,https://learn.microsoft.com/en-us/training/paths/devops-foundations-core-principles-practices/,EXACT,ARTICLE_SECTION,Modules in this learning path,Modules in this learning path,10,MEDIUM,VERIFIED_COVERAGE,True
Other,sysdesign-awareness,System Design awareness,sysdesign-awareness-core,System Design Primer: System Design awareness,System Design Primer,PRIMARY,documentation,https://github.com/donnemartin/system-design-primer,EXACT,ARTICLE_SECTION,system-design-primer,system-design-primer,67,MEDIUM,VERIFIED_COVERAGE,True
Other,sysdesign-path,System Design learning path,sysdesign-path-core,System Design Primer: System Design learning path,System Design Primer,PRIMARY,documentation,https://github.com/donnemartin/system-design-primer,EXACT,ARTICLE_SECTION,system-design-primer,system-design-primer,67,MEDIUM,VERIFIED_COVERAGE,True
Python,py-syntax,Python syntax & tooling,py-syntax-core,Python Docs: Python syntax & tooling,Python Software Foundation,PRIMARY,documentation,https://docs.python.org/3/tutorial/index.html,EXACT,ARTICLE_SECTION,index.html,index.html,11,MEDIUM,VERIFIED_COVERAGE,True
Python,py-data-structures,Python data structures,py-data-structures-core,Python Docs: Python data structures,Python Software Foundation,PRIMARY,documentation,https://docs.python.org/3/tutorial/datastructures.html,EXACT,ARTICLE_SECTION,datastructures.html,datastructures.html,31,MEDIUM,VERIFIED_COVERAGE,True
Python,py-functions-modules,Functions & modules,py-functions-modules-core,Python Docs: Functions & modules,Python Software Foundation,PRIMARY,documentation,https://docs.python.org/3/tutorial/modules.html,EXACT,ARTICLE_SECTION,modules.html,modules.html,27,MEDIUM,VERIFIED_COVERAGE,True
Python,py-oop,Python OOP,py-oop-core,Python Docs: Python OOP,Python Software Foundation,PRIMARY,documentation,https://docs.python.org/3/tutorial/classes.html,EXACT,ARTICLE_SECTION,classes.html,classes.html,39,MEDIUM,VERIFIED_COVERAGE,True
Python,py-testing,pytest for Python,py-testing-core,pytest: pytest for Python,pytest,PRIMARY,documentation,https://docs.pytest.org/en/stable/,EXACT,ARTICLE_SECTION,stable,stable,10,MEDIUM,VERIFIED_COVERAGE,True
Web Development,web-html-basics,HTML basics,web-html-basics-core,MDN: HTML basics,MDN,PRIMARY,documentation,https://developer.mozilla.org/en-US/docs/Learn_web_development/Core/Structuring_content,EXACT,ARTICLE_SECTION,Structuring_content,Structuring_content,14,MEDIUM,VERIFIED_COVERAGE,True
Web Development,web-css-basics,CSS basics,web-css-basics-core,MDN: CSS basics,MDN,PRIMARY,documentation,https://developer.mozilla.org/en-US/docs/Learn_web_development/Core/Styling_basics,EXACT,ARTICLE_SECTION,Styling_basics,Styling_basics,14,MEDIUM,VERIFIED_COVERAGE,True
Web Development,web-responsive,Responsive design,web-responsive-core,MDN: Responsive design,MDN,PRIMARY,documentation,https://developer.mozilla.org/en-US/docs/Learn_web_development/Core/CSS_layout/Responsive_Design,EXACT,ARTICLE_SECTION,Responsive_Design,Responsive_Design,26,MEDIUM,VERIFIED_COVERAGE,True
Web Development,web-js-basics,JavaScript basics,web-js-basics-core,MDN: JavaScript basics,MDN,PRIMARY,documentation,https://developer.mozilla.org/en-US/docs/Learn_web_development/Core/Scripting,EXACT,ARTICLE_SECTION,Scripting,Scripting,15,MEDIUM,VERIFIED_COVERAGE,True
Web Development,web-ts-intro,TypeScript intro,web-ts-intro-core,TypeScript: TypeScript intro,TypeScript,PRIMARY,documentation,https://www.typescriptlang.org/docs/handbook/typescript-from-scratch.html,EXACT,ARTICLE_SECTION,typescript-from-scratch.html,typescript-from-scratch.html,14,MEDIUM,VERIFIED_COVERAGE,True
Web Development,web-react-intro,React intro,web-react-intro-core,React: React intro,React,PRIMARY,documentation,https://react.dev/learn,EXACT,ARTICLE_SECTION,learn,learn,19,MEDIUM,VERIFIED_COVERAGE,True
Web Development,web-nextjs-intro,Next.js intro,web-nextjs-intro-core,Next.js: Next.js intro,Next.js,PRIMARY,documentation,https://nextjs.org/docs/app/getting-started,EXACT,ARTICLE_SECTION,getting-started,getting-started,10,MEDIUM,VERIFIED_COVERAGE,True
Web Development,web-forms-a11y,Forms & accessibility,web-forms-a11y-core,MDN: Forms & accessibility,MDN,PRIMARY,documentation,https://developer.mozilla.org/en-US/docs/Learn_web_development/Extensions/Forms,EXACT,ARTICLE_SECTION,Forms,Forms,12,MEDIUM,VERIFIED_COVERAGE,True
Networking,net-internet-basics,Internet basics,net-internet-basics-core,MDN: Internet basics,MDN,PRIMARY,documentation,https://developer.mozilla.org/en-US/docs/Learn_web_development/Howto/Web_mechanics/How_does_the_Internet_work,EXACT,ARTICLE_SECTION,How_does_the_Internet_work,How_does_the_Internet_work,13,MEDIUM,VERIFIED_COVERAGE,True
Networking,net-dns,DNS,net-dns-core,MDN: DNS,MDN,PRIMARY,documentation,https://developer.mozilla.org/en-US/docs/Learn_web_development/Howto/Web_mechanics/What_is_a_domain_name,EXACT,FULL_SINGLE_PAGE,FULL_SINGLE_PAGE,FULL_SINGLE_PAGE,13,MEDIUM,VERIFIED_COVERAGE,True
Networking,net-tcp-udp,TCP vs UDP,net-tcp-udp-core,MDN: TCP vs UDP,MDN,PRIMARY,documentation,https://www.geeksforgeeks.org/computer-networks/differences-between-tcp-and-udp/,EXACT,ARTICLE_SECTION,Differences between TCP and UDP,Differences between TCP and UDP,10,MEDIUM,VERIFIED_COVERAGE,True
Networking,net-http,HTTP deep dive,net-http-core,MDN: HTTP deep dive,MDN,PRIMARY,documentation,https://developer.mozilla.org/en-US/docs/Web/HTTP,EXACT,ARTICLE_SECTION,HTTP,HTTP,15,MEDIUM,VERIFIED_COVERAGE,True
Networking,net-https-tls,HTTPS & TLS,net-https-tls-core,MDN: HTTPS & TLS,MDN,PRIMARY,documentation,https://developer.mozilla.org/en-US/docs/Glossary/TLS,EXACT,ARTICLE_SECTION,TLS,TLS,10,MEDIUM,VERIFIED_COVERAGE,True
Networking,net-websockets,WebSockets,net-websockets-core,MDN: WebSockets,MDN,PRIMARY,documentation,https://developer.mozilla.org/en-US/docs/Web/API/WebSockets_API,EXACT,ARTICLE_SECTION,WebSockets_API,WebSockets_API,11,MEDIUM,VERIFIED_COVERAGE,True
DevOps / Platform,ops-docker-intro,Docker intro,ops-docker-intro-core,Docker: Docker intro,Docker,PRIMARY,documentation,https://docs.docker.com/get-started/,EXACT,ARTICLE_SECTION,get-started,get-started,11,MEDIUM,VERIFIED_COVERAGE,True
DevOps / Platform,ops-compose,Docker Compose,ops-compose-core,Docker: Docker Compose,Docker,PRIMARY,documentation,https://docs.docker.com/compose/,EXACT,ARTICLE_SECTION,compose,compose,11,MEDIUM,VERIFIED_COVERAGE,True
DevOps / Platform,ops-ci-github-actions,GitHub Actions CI,ops-ci-github-actions-core,GitHub: GitHub Actions CI,GitHub,PRIMARY,documentation,https://docs.github.com/en/actions,EXACT,ARTICLE_SECTION,actions,actions,10,MEDIUM,VERIFIED_COVERAGE,True
DevOps / Platform,ops-linux-services,Linux services basics,ops-linux-services-core,systemctl(1) — systemd system and service manager,man7.org,PRIMARY,documentation,https://www.man7.org/linux/man-pages/man1/systemctl.1.html,EXACT,ARTICLE_SECTION,NAME; DESCRIPTION; COMMANDS; Unit Commands,NAME; DESCRIPTION; COMMANDS; Unit Commands,75,MEDIUM,VERIFIED_COVERAGE,True
DevOps / Platform,ops-k8s-awareness,Kubernetes awareness,ops-k8s-awareness-core,Kubernetes: Kubernetes awareness,Kubernetes,PRIMARY,documentation,https://kubernetes.io/docs/concepts/overview/,EXACT,ARTICLE_SECTION,overview,overview,14,MEDIUM,VERIFIED_COVERAGE,True
DevOps / Platform,ops-observability,Observability basics,ops-observability-core,OpenTelemetry: Observability basics,OpenTelemetry,PRIMARY,documentation,https://opentelemetry.io/docs/concepts/observability-primer/,EXACT,ARTICLE_SECTION,observability-primer,observability-primer,11,MEDIUM,VERIFIED_COVERAGE,True
Data Science,ds-numpy,NumPy foundations,ds-numpy-core,NumPy: NumPy foundations,NumPy,PRIMARY,documentation,https://numpy.org/doc/stable/user/absolute_beginners.html,MULTI_TOPIC,FULL_SINGLE_PAGE,FULL_SINGLE_PAGE,FULL_SINGLE_PAGE,56,MEDIUM,VERIFIED_COVERAGE,True
Data Science,ds-pandas,Pandas foundations,ds-pandas-core,Pandas: Pandas foundations,Pandas,PRIMARY,documentation,https://pandas.pydata.org/docs/getting_started/intro_tutorials/01_table_oriented.html,EXACT,ARTICLE_SECTION,What kind of data does pandas handle,What kind of data does pandas handle,10,MEDIUM,VERIFIED_COVERAGE,True
Data Science,ds-eda,Exploratory data analysis,ds-eda-core,Pandas: Exploratory data analysis,Pandas,PRIMARY,documentation,https://pandas.pydata.org/docs/user_guide/10min.html,EXACT,ARTICLE_SECTION,10 minutes to pandas,10 minutes to pandas,36,MEDIUM,VERIFIED_COVERAGE,True
Data Science,ds-feature-eng,Feature engineering,ds-feature-eng-core,scikit-learn: Feature engineering,scikit-learn,PRIMARY,documentation,https://scikit-learn.org/stable/modules/preprocessing.html,EXACT,ARTICLE_SECTION,preprocessing.html,preprocessing.html,49,MEDIUM,VERIFIED_COVERAGE,True
Data Science,ds-sql-analytics,SQL for analytics,ds-sql-analytics-core,PostgreSQL: SQL for analytics,PostgreSQL,PRIMARY,documentation,https://www.postgresql.org/docs/current/tutorial-agg.html,EXACT,ARTICLE_SECTION,Aggregate functions,Aggregate functions,10,MEDIUM,VERIFIED_COVERAGE,True
Deep Learning,dl-nn-basics,Neural network basics,dl-nn-basics-core,CS231n — Neural Networks Part 1: Setting up the Architecture,CS231n,PRIMARY,documentation,https://cs231n.github.io/neural-networks-1/,EXACT,FULL_SINGLE_PAGE,FULL_SINGLE_PAGE,FULL_SINGLE_PAGE,32,MEDIUM,VERIFIED_COVERAGE,True
Deep Learning,dl-backprop,Backpropagation intuition,dl-backprop-core,"CS231n — Backpropagation, Intuitions",CS231n,PRIMARY,documentation,https://cs231n.github.io/optimization-2/,EXACT,FULL_SINGLE_PAGE,FULL_SINGLE_PAGE,FULL_SINGLE_PAGE,31,MEDIUM,VERIFIED_COVERAGE,True
Deep Learning,dl-cnn,CNN basics,dl-cnn-core,CS231n — Convolutional Neural Networks,CS231n,PRIMARY,documentation,https://cs231n.github.io/convolutional-networks/,EXACT,ARTICLE_SECTION,Convolutional Neural Networks,Convolutional Neural Networks,57,MEDIUM,VERIFIED_COVERAGE,True
Deep Learning,dl-transformers-intro,Transformers intro,dl-transformers-intro-core,Hugging Face: Transformers intro,Hugging Face,PRIMARY,documentation,https://huggingface.co/learn/llm-course/chapter1/4,EXACT,ARTICLE_SECTION,4,4,18,MEDIUM,VERIFIED_COVERAGE,True
Generative AI / LLMs,genai-embeddings,Embeddings & semantic search,genai-embeddings-core,OpenAI: Embeddings & semantic search,OpenAI,PRIMARY,documentation,https://developers.openai.com/api/docs/guides/embeddings,EXACT,ARTICLE_SECTION,embeddings,embeddings,36,MEDIUM,VERIFIED_COVERAGE,True
Generative AI / LLMs,genai-rag,RAG systems,genai-rag-core,LangChain — Retrieval,LangChain,PRIMARY,documentation,https://docs.langchain.com/oss/python/langchain/retrieval,EXACT,ARTICLE_SECTION,Retrieval; Retrieval-augmented generation,Retrieval; Retrieval-augmented generation,14,MEDIUM,VERIFIED_COVERAGE,True
Generative AI / LLMs,genai-agents,Tool-using agents,genai-agents-core,OpenAI: Tool-using agents,OpenAI,PRIMARY,documentation,https://developers.openai.com/api/docs/guides/function-calling,EXACT,ARTICLE_SECTION,function-calling,function-calling,75,MEDIUM,VERIFIED_COVERAGE,True
Generative AI / LLMs,genai-eval,LLM evaluation,genai-eval-core,OpenAI Evals guide,OpenAI,PRIMARY,documentation,https://developers.openai.com/api/docs/guides/evals,EXACT,ARTICLE_SECTION,Evals,Evals,43,MEDIUM,VERIFIED_COVERAGE,True
Generative AI / LLMs,genai-what-is-lm,What is a language model?,genai-what-is-lm-lesson,D2L.ai — Language Modeling,D2L.ai,PRIMARY,documentation,https://raw.githubusercontent.com/d2l-ai/d2l-en/master/chapter_recurrent-neural-networks/language-model.md,EXACT,FULL_SINGLE_PAGE,FULL_SINGLE_PAGE,FULL_SINGLE_PAGE,19,MEDIUM,VERIFIED_COVERAGE,True
Generative AI / LLMs,genai-next-token-prediction,Next-token prediction,genai-next-token-prediction-lesson,D2L.ai — Language Modeling: Pretraining Objective,D2L.ai,PRIMARY,documentation,https://raw.githubusercontent.com/d2l-ai/d2l-en/master/chapter_recurrent-neural-networks/language-model.md,EXACT,FULL_SINGLE_PAGE,FULL_SINGLE_PAGE,FULL_SINGLE_PAGE,19,MEDIUM,NEEDS_REVIEW,True
Generative AI / LLMs,genai-tokenization-llm,LLM tokenization,genai-tokenization-llm-lesson,Tokenization for LLMs,Hugging Face LLM Course,PRIMARY,documentation,https://raw.githubusercontent.com/huggingface/course/main/chapters/en/chapter2/2.mdx,EXACT,FULL_SINGLE_PAGE,FULL_SINGLE_PAGE,FULL_SINGLE_PAGE,14,MEDIUM,NEEDS_REVIEW,True
Generative AI / LLMs,genai-tokenization-llm,LLM tokenization,genai-tokenization-llm-lesson,Vizuara — Positional Encoding,Vizuara,REFERENCE,youtube_video,https://www.youtube.com/watch?v=7CNElr-TAQw,EXACT,VIDEO_TIMESTAMP,00:00,13:57,10,MEDIUM,NEEDS_REVIEW,True
Generative AI / LLMs,genai-pretraining-finetuning,Pretraining → fine-tuning pipeline,genai-pretraining-finetuning-lesson,Pretraining/fine-tuning lifecycle,Hugging Face LLM Course,PRIMARY,documentation,https://raw.githubusercontent.com/huggingface/blog/main/rlhf.md,EXACT,FULL_SINGLE_PAGE,FULL_SINGLE_PAGE,FULL_SINGLE_PAGE,25,MEDIUM,VERIFIED_COVERAGE,True
Generative AI / LLMs,genai-instruction-tuning-rlhf,Instruction tuning & RLHF awareness,genai-instruction-tuning-rlhf-lesson,Instruction tuning & preference tuning,Hugging Face LLM Course,PRIMARY,documentation,https://raw.githubusercontent.com/huggingface/blog/main/rlhf.md,EXACT,FULL_SINGLE_PAGE,FULL_SINGLE_PAGE,FULL_SINGLE_PAGE,25,MEDIUM,VERIFIED_COVERAGE,True
Generative AI / LLMs,genai-inference-parameters,Inference parameters,genai-inference-parameters-lesson,Chat completion parameters,OpenAI,PRIMARY,documentation,https://www.promptingguide.ai/introduction/settings,EXACT,FULL_SINGLE_PAGE,FULL_SINGLE_PAGE,FULL_SINGLE_PAGE,11,MEDIUM,VERIFIED_COVERAGE,True
Generative AI / LLMs,genai-context-windows,Context windows,genai-context-windows-lesson,Anthropic — Context Windows,Anthropic,PRIMARY,documentation,https://platform.claude.com/docs/en/build-with-claude/context-windows,EXACT,ARTICLE_SECTION,Context windows; Input and output tokens; Context management,Context windows; Input and output tokens; Context management,18,MEDIUM,VERIFIED_COVERAGE,True
Generative AI / LLMs,genai-prompt-engineering,Prompt engineering,genai-prompt-engineering-lesson,Prompt engineering guide,OpenAI,PRIMARY,documentation,https://www.promptingguide.ai/introduction/tips,EXACT,FULL_SINGLE_PAGE,FULL_SINGLE_PAGE,FULL_SINGLE_PAGE,13,MEDIUM,VERIFIED_COVERAGE,True
Generative AI / LLMs,genai-vector-databases,Vector databases,genai-vector-databases-lesson,Embeddings & similarity storage,OpenAI,PRIMARY,documentation,https://developers.openai.com/api/docs/guides/embeddings,EXACT,FULL_SINGLE_PAGE,FULL_SINGLE_PAGE,FULL_SINGLE_PAGE,36,MEDIUM,VERIFIED_COVERAGE,True
Generative AI / LLMs,genai-chunking-retrieval,Chunking & retrieval,genai-chunking-retrieval-lesson,Retrieval-augmented generation,Hugging Face LLM Course,PRIMARY,documentation,https://docs.langchain.com/oss/python/deepagents/rag,EXACT,FULL_SINGLE_PAGE,FULL_SINGLE_PAGE,FULL_SINGLE_PAGE,41,MEDIUM,VERIFIED_COVERAGE,True
Generative AI / LLMs,genai-hallucinations-guardrails,Hallucinations & guardrails,genai-hallucinations-guardrails-lesson,Production best practices,OpenAI,PRIMARY,documentation,https://www.promptingguide.ai/risks,EXACT,FULL_SINGLE_PAGE,FULL_SINGLE_PAGE,FULL_SINGLE_PAGE,10,MEDIUM,NEEDS_REVIEW,True
Generative AI / LLMs,genai-lora-peft,LoRA & parameter-efficient fine-tuning,genai-lora-peft-lesson,Hugging Face PEFT — LoRA and parameter-efficient fine-tuning,Hugging Face,PRIMARY,documentation,https://huggingface.co/docs/peft/en/index,EXACT,ARTICLE_SECTION,PEFT; LoRA; Parameter-efficient fine-tuning,PEFT; LoRA; Parameter-efficient fine-tuning,10,MEDIUM,NEEDS_REVIEW,True
Generative AI / LLMs,genai-production-serving,LLM serving economics,genai-production-serving-lesson,vLLM serving engine docs,vLLM,PRIMARY,documentation,https://docs.vllm.ai/en/latest/,EXACT,ARTICLE_SECTION,above; content inspection pending,above; content inspection pending,10,MEDIUM,VERIFIED_COVERAGE,True
MLOps,mlops-tracking,Experiment tracking,mlops-tracking-core,MLflow: Experiment tracking,MLflow,PRIMARY,documentation,https://mlflow.org/docs/latest/ml/tracking/,EXACT,ARTICLE_SECTION,MLflow Tracking,MLflow Tracking,22,MEDIUM,VERIFIED_COVERAGE,True
MLOps,mlops-model-packaging,Model packaging,mlops-model-packaging-core,MLflow: Model packaging,MLflow,PRIMARY,documentation,https://mlflow.org/docs/latest/ml/model/,EXACT,ARTICLE_SECTION,MLflow Models,MLflow Models,68,MEDIUM,VERIFIED_COVERAGE,True
MLOps,mlops-serving,Model serving APIs,mlops-serving-core,FastAPI: Model serving APIs,FastAPI,PRIMARY,documentation,https://fastapi.tiangolo.com/tutorial/first-steps/,EXACT,ARTICLE_SECTION,first-steps,first-steps,18,MEDIUM,VERIFIED_COVERAGE,True
MLOps,mlops-monitoring,Model monitoring basics,mlops-monitoring-core,Model monitoring overview,Evidently,PRIMARY,documentation,https://www.evidentlyai.com/ml-in-production/model-monitoring,EXACT,ARTICLE_SECTION,Model monitoring,Model monitoring,40,MEDIUM,VERIFIED_COVERAGE,True
AI Engineering / Agents,ai-eng-structured-output,Structured output,ai-eng-structured-output-lesson,Structured outputs,OpenAI,PRIMARY,documentation,https://developers.openai.com/api/docs/guides/structured-outputs,EXACT,FULL_SINGLE_PAGE,FULL_SINGLE_PAGE,FULL_SINGLE_PAGE,20,MEDIUM,NEEDS_REVIEW,True
AI Engineering / Agents,ai-eng-tool-calling,Tool calling,ai-eng-tool-calling-lesson,Function/tool calling,OpenAI,PRIMARY,documentation,https://developers.openai.com/api/docs/guides/function-calling,EXACT,FULL_SINGLE_PAGE,FULL_SINGLE_PAGE,FULL_SINGLE_PAGE,25,MEDIUM,NEEDS_REVIEW,True
AI Engineering / Agents,ai-eng-function-calling,Function calling patterns,ai-eng-function-calling-lesson,Tool use implementation,Anthropic,PRIMARY,documentation,https://platform.claude.com/docs/en/agents-and-tools/tool-use/overview,EXACT,FULL_SINGLE_PAGE,FULL_SINGLE_PAGE,FULL_SINGLE_PAGE,20,MEDIUM,NEEDS_REVIEW,True
AI Engineering / Agents,ai-eng-agent-loops,Agent loops,ai-eng-agent-loops-lesson,Building effective agents,Anthropic,PRIMARY,documentation,https://www.anthropic.com/engineering/building-effective-agents,EXACT,FULL_SINGLE_PAGE,FULL_SINGLE_PAGE,FULL_SINGLE_PAGE,30,MEDIUM,NEEDS_REVIEW,True
AI Engineering / Agents,ai-eng-planning-memory,Planning & memory,ai-eng-planning-memory-lesson,Planning & memory in agent systems,Anthropic,PRIMARY,documentation,https://www.anthropic.com/engineering/building-effective-agents,EXACT,FULL_SINGLE_PAGE,FULL_SINGLE_PAGE,FULL_SINGLE_PAGE,25,MEDIUM,NEEDS_REVIEW,True
AI Engineering / Agents,ai-eng-multi-agent-awareness,Multi-agent awareness,ai-eng-multi-agent-awareness-lesson,Multi-agent orchestration awareness,Anthropic,PRIMARY,documentation,https://www.anthropic.com/engineering/building-effective-agents,FULL_SINGLE_PAGE,ARTICLE_SECTION,Multi-agent patterns section,Cost/latency tradeoffs end,20,MEDIUM,NEEDS_REVIEW,True
AI Engineering / Agents,ai-eng-observability-security,Observability & security,ai-eng-observability-security-lesson,Microsoft Learn — Observability for Generative AI and agentic AI systems,Microsoft Learn,PRIMARY,documentation,https://learn.microsoft.com/en-us/security/zero-trust/sfi/observability-ai-systems,EXACT,FULL_SINGLE_PAGE,FULL_SINGLE_PAGE,FULL_SINGLE_PAGE,20,MEDIUM,NEEDS_REVIEW,True
AI Engineering / Agents,ai-eng-observability-security,Observability & security,ai-eng-observability-security-lesson,OWASP Top 10 for LLM Applications,OWASP,REFERENCE,documentation,https://owasp.org/www-project-top-10-for-large-language-model-applications/,EXACT,FULL_SINGLE_PAGE,FULL_SINGLE_PAGE,FULL_SINGLE_PAGE,20,MEDIUM,NEEDS_REVIEW,True
AI Engineering / Agents,ai-eng-production-deployment,Production deployment,ai-eng-production-deployment-lesson,Production deployment checklist,OpenAI,PRIMARY,documentation,https://developers.openai.com/api/docs/guides/production-best-practices,EXACT,FULL_SINGLE_PAGE,FULL_SINGLE_PAGE,FULL_SINGLE_PAGE,30,MEDIUM,NEEDS_REVIEW,True
MLOps,mlops-experiment-lifecycle,ML lifecycle & reproducibility,mlops-experiment-lifecycle-lesson,MLflow Tracking,MLflow,PRIMARY,documentation,https://raw.githubusercontent.com/mlflow/mlflow/master/docs/docs/classic-ml/tracking/index.mdx,EXACT,ARTICLE_SECTION,above; content inspection pending,above; content inspection pending,20,MEDIUM,VERIFIED_COVERAGE,True
MLOps,mlops-drift-quality,Drift & data quality,mlops-drift-quality-lesson,MLflow Model Evaluation,MLflow,PRIMARY,documentation,https://raw.githubusercontent.com/mlflow/mlflow/master/docs/docs/classic-ml/evaluation/index.mdx,EXACT,ARTICLE_SECTION,above; content inspection pending,above; content inspection pending,14,MEDIUM,NEEDS_REVIEW,True
System Design,sys-scalability,Scalability basics,sys-scalability-core,System Design Primer: Scalability basics,System Design Primer,PRIMARY,documentation,https://github.com/donnemartin/system-design-primer#performance-vs-scalability,EXACT,ARTICLE_SECTION,performance-vs-scalability,performance-vs-scalability,67,MEDIUM,VERIFIED_COVERAGE,True
System Design,sys-caching,Caching strategies,sys-caching-core,System Design Primer: Caching strategies,System Design Primer,PRIMARY,documentation,https://github.com/donnemartin/system-design-primer#cache,EXACT,ARTICLE_SECTION,cache,cache,67,MEDIUM,VERIFIED_COVERAGE,True
System Design,sys-queues,Message queues,sys-queues-core,System Design Primer — Message Queues,System Design Primer,PRIMARY,documentation,https://github.com/donnemartin/system-design-primer,EXACT,ARTICLE_SECTION,Message queues; Asynchronous processing,Message queues; Asynchronous processing,67,MEDIUM,VERIFIED_COVERAGE,True
System Design,sys-observability-design,Observability in design,sys-observability-design-core,Google SRE: Observability in design,Google SRE,PRIMARY,documentation,https://sre.google/sre-book/monitoring-distributed-systems/,EXACT,ARTICLE_SECTION,monitoring-distributed-systems,monitoring-distributed-systems,32,MEDIUM,VERIFIED_COVERAGE,True
Mathematics for ML,math-functions,Functions intuition,math-functions-lesson,Functions introduction,Khan Academy,PRIMARY,documentation,https://www.mathsisfun.com/sets/function.html,EXACT,FULL_SINGLE_PAGE,FULL_SINGLE_PAGE,FULL_SINGLE_PAGE,20,MEDIUM,NEEDS_REVIEW,True
Mathematics for ML,math-derivatives,Derivatives intuition,math-derivatives-lesson,Derivatives definition and basic rules,Khan Academy,PRIMARY,documentation,https://tutorial.math.lamar.edu/Classes/CalcI/DefnOfDerivative.aspx,EXACT,FULL_SINGLE_PAGE,FULL_SINGLE_PAGE,FULL_SINGLE_PAGE,25,MEDIUM,NEEDS_REVIEW,True
Mathematics for ML,math-partial-derivatives,Partial derivatives,math-partial-derivatives-lesson,Partial derivatives,Khan Academy,PRIMARY,documentation,https://tutorial.math.lamar.edu/Classes/CalcIII/PartialDerivatives.aspx,EXACT,FULL_SINGLE_PAGE,FULL_SINGLE_PAGE,FULL_SINGLE_PAGE,25,MEDIUM,NEEDS_REVIEW,True
Mathematics for ML,math-conditional-probability,Conditional probability,math-conditional-probability-lesson,Conditional probability & independence,Khan Academy,PRIMARY,documentation,https://www.khanacademy.org/math/statistics-probability/probability-library/conditional-probability-independence/a/conditional-probability-and-independence,EXACT,FULL_SINGLE_PAGE,FULL_SINGLE_PAGE,FULL_SINGLE_PAGE,20,MEDIUM,NEEDS_REVIEW,True
Mathematics for ML,math-bayes-theorem,Bayes theorem,math-bayes-theorem-lesson,Bayes theorem,Khan Academy,PRIMARY,documentation,https://onlinestatbook.com/2/probability/bayes.html,EXACT,FULL_SINGLE_PAGE,FULL_SINGLE_PAGE,FULL_SINGLE_PAGE,20,MEDIUM,NEEDS_REVIEW,True
Mathematics for ML,math-expectation-variance,Expectation & variance,math-expectation-variance-lesson,Expected value & variance,Khan Academy,PRIMARY,documentation,https://www.khanacademy.org/math/statistics-probability/random-variables-stats-library/expected-value-lib/v/expected-value-of-a-random-variable,EXACT,FULL_SINGLE_PAGE,FULL_SINGLE_PAGE,FULL_SINGLE_PAGE,20,MEDIUM,NEEDS_REVIEW,True
Mathematics for ML,math-dot-product-norms,Dot products & norms,math-dot-product-norms-lesson,Linear algebra,D2L.ai,PRIMARY,documentation,https://raw.githubusercontent.com/d2l-ai/d2l-en/master/chapter_appendix-mathematics-for-deep-learning/geometry-linear-algebraic-ops.md,EXACT,ARTICLE_SECTION,above; content inspection pending,above; content inspection pending,20,MEDIUM,NEEDS_REVIEW,True
Mathematics for ML,math-chain-rule,Chain rule,math-chain-rule-lesson,Multivariable calculus,D2L.ai,PRIMARY,documentation,https://raw.githubusercontent.com/d2l-ai/d2l-en/master/chapter_appendix-mathematics-for-deep-learning/multivariable-calculus.md,EXACT,ARTICLE_SECTION,above; content inspection pending,above; content inspection pending,20,MEDIUM,NEEDS_REVIEW,True
Mathematics for ML,math-covariance-correlation,Covariance & correlation,math-covariance-correlation-lesson,Probability & statistics,D2L.ai,PRIMARY,documentation,https://raw.githubusercontent.com/d2l-ai/d2l-en/master/chapter_appendix-mathematics-for-deep-learning/statistics.md,EXACT,ARTICLE_SECTION,above; content inspection pending,above; content inspection pending,20,MEDIUM,NEEDS_REVIEW,True
Deep Learning,dl-why-deep-learning,Why deep learning?,dl-why-deep-learning-lesson,Introduction (Dive into Deep Learning),D2L.ai,PRIMARY,documentation,https://raw.githubusercontent.com/d2l-ai/d2l-en/master/chapter_introduction/index.md,EXACT,FULL_SINGLE_PAGE,FULL_SINGLE_PAGE,FULL_SINGLE_PAGE,15,MEDIUM,NEEDS_REVIEW,True
Deep Learning,dl-neuron-intuition,Neuron intuition,dl-neuron-intuition-lesson,Lecture 1 - Neural Network from Scratch: Coding Neurons and Layers,Vizuara,PRIMARY,youtube,https://www.youtube.com/watch?v=zrKpz9-AZ_E,EXACT,VIDEO_TIMESTAMP,00:00,28:37,33,HIGH,NEEDS_REVIEW,True
Deep Learning,dl-neuron-intuition,Neuron intuition,dl-neuron-intuition-lesson,Multilayer Perceptrons,D2L.ai,REFERENCE,documentation,https://raw.githubusercontent.com/d2l-ai/d2l-en/master/chapter_multilayer-perceptrons/mlp.md,EXACT,FULL_SINGLE_PAGE,FULL_SINGLE_PAGE,FULL_SINGLE_PAGE,20,MEDIUM,VERIFIED_COVERAGE,True
Deep Learning,dl-perceptron,Perceptron,dl-perceptron-lesson,Lecture 2 - The beauty of numpy and dot product in coding neurons,Vizuara,PRIMARY,youtube,https://www.youtube.com/watch?v=mK_PfqM88OY,EXACT,VIDEO_TIMESTAMP,00:00,40:21,40,HIGH,NEEDS_REVIEW,True
Deep Learning,dl-perceptron,Perceptron,dl-perceptron-lesson,The Perceptron,D2L.ai,REFERENCE,documentation,https://raw.githubusercontent.com/d2l-ai/d2l-en/master/chapter_multilayer-perceptrons/mlp.md,EXACT,FULL_SINGLE_PAGE,FULL_SINGLE_PAGE,FULL_SINGLE_PAGE,20,MEDIUM,VERIFIED_COVERAGE,True
Deep Learning,dl-activation-functions,Activation functions,dl-activation-functions-lesson,Lecture 6 - Coding Neural Network Activation Functions from scratch,Vizuara,PRIMARY,youtube,https://www.youtube.com/watch?v=SP372QpruDg,EXACT,VIDEO_TIMESTAMP,00:00,43:16,43,HIGH,NEEDS_REVIEW,True
Deep Learning,dl-activation-functions,Activation functions,dl-activation-functions-lesson,Activation Functions,D2L.ai,REFERENCE,documentation,https://raw.githubusercontent.com/d2l-ai/d2l-en/master/chapter_multilayer-perceptrons/mlp.md,EXACT,FULL_SINGLE_PAGE,FULL_SINGLE_PAGE,FULL_SINGLE_PAGE,20,MEDIUM,VERIFIED_COVERAGE,True
Deep Learning,dl-forward-propagation,Forward propagation,dl-forward-propagation-lesson,Forward Propagation,D2L.ai,PRIMARY,documentation,https://raw.githubusercontent.com/d2l-ai/d2l-en/master/chapter_multilayer-perceptrons/backprop.md,EXACT,FULL_SINGLE_PAGE,FULL_SINGLE_PAGE,FULL_SINGLE_PAGE,25,MEDIUM,NEEDS_REVIEW,True
Deep Learning,dl-loss-functions-nn,Loss functions for networks,dl-loss-functions-nn-lesson,Loss Function (Linear Regression),D2L.ai,PRIMARY,documentation,https://raw.githubusercontent.com/d2l-ai/d2l-en/master/chapter_linear-regression/linear-regression.md,EXACT,FULL_SINGLE_PAGE,FULL_SINGLE_PAGE,FULL_SINGLE_PAGE,20,MEDIUM,NEEDS_REVIEW,True
Deep Learning,dl-backprop-intuition,Backpropagation intuition,dl-backprop-intuition-lesson,Backpropagation,D2L.ai,PRIMARY,documentation,https://raw.githubusercontent.com/d2l-ai/d2l-en/master/chapter_multilayer-perceptrons/backprop.md,EXACT,FULL_SINGLE_PAGE,FULL_SINGLE_PAGE,FULL_SINGLE_PAGE,30,MEDIUM,NEEDS_REVIEW,True
Deep Learning,dl-computational-graphs,Computational graphs,dl-computational-graphs-lesson,Decomposing the Gradient / Computational graph,D2L.ai,PRIMARY,documentation,https://raw.githubusercontent.com/d2l-ai/d2l-en/master/chapter_multilayer-perceptrons/backprop.md,EXACT,FULL_SINGLE_PAGE,FULL_SINGLE_PAGE,FULL_SINGLE_PAGE,20,MEDIUM,NEEDS_REVIEW,True
Deep Learning,dl-gradient-descent-nn,Gradient descent in networks,dl-gradient-descent-nn-lesson,Optimization intro: gradient descent,D2L.ai,PRIMARY,documentation,https://raw.githubusercontent.com/d2l-ai/d2l-en/master/chapter_optimization/gd.md,EXACT,FULL_SINGLE_PAGE,FULL_SINGLE_PAGE,FULL_SINGLE_PAGE,20,MEDIUM,NEEDS_REVIEW,True
Deep Learning,dl-mlp,Multi-layer perceptrons,dl-mlp-lesson,Implementing an MLP from scratch,D2L.ai,PRIMARY,documentation,https://raw.githubusercontent.com/d2l-ai/d2l-en/master/chapter_multilayer-perceptrons/mlp-implementation.md,EXACT,FULL_SINGLE_PAGE,FULL_SINGLE_PAGE,FULL_SINGLE_PAGE,25,MEDIUM,NEEDS_REVIEW,True
Deep Learning,dl-vanishing-gradients,Vanishing & exploding gradients,dl-vanishing-gradients-lesson,Numerical Stability and Initialization,D2L.ai,PRIMARY,documentation,https://raw.githubusercontent.com/d2l-ai/d2l-en/master/chapter_multilayer-perceptrons/numerical-stability-and-init.md,EXACT,FULL_SINGLE_PAGE,FULL_SINGLE_PAGE,FULL_SINGLE_PAGE,20,MEDIUM,NEEDS_REVIEW,True
Deep Learning,dl-initialization,Initialization,dl-initialization-lesson,Parameter Initialization,D2L.ai,PRIMARY,documentation,https://raw.githubusercontent.com/d2l-ai/d2l-en/master/chapter_multilayer-perceptrons/numerical-stability-and-init.md,EXACT,FULL_SINGLE_PAGE,FULL_SINGLE_PAGE,FULL_SINGLE_PAGE,15,MEDIUM,NEEDS_REVIEW,True
Deep Learning,dl-normalization,Normalization layers,dl-normalization-lesson,Batch Normalization,D2L.ai,PRIMARY,documentation,https://raw.githubusercontent.com/d2l-ai/d2l-en/master/chapter_convolutional-modern/batch-norm.md,EXACT,FULL_SINGLE_PAGE,FULL_SINGLE_PAGE,FULL_SINGLE_PAGE,20,MEDIUM,NEEDS_REVIEW,True
Deep Learning,dl-dropout,Dropout,dl-dropout-lesson,Dropout,D2L.ai,PRIMARY,documentation,https://raw.githubusercontent.com/d2l-ai/d2l-en/master/chapter_multilayer-perceptrons/dropout.md,EXACT,FULL_SINGLE_PAGE,FULL_SINGLE_PAGE,FULL_SINGLE_PAGE,15,MEDIUM,NEEDS_REVIEW,True
Deep Learning,dl-optimizers-sgd,SGD & momentum,dl-optimizers-sgd-lesson,SGD & Momentum,D2L.ai,PRIMARY,documentation,https://raw.githubusercontent.com/d2l-ai/d2l-en/master/chapter_optimization/momentum.md,EXACT,FULL_SINGLE_PAGE,FULL_SINGLE_PAGE,FULL_SINGLE_PAGE,20,MEDIUM,NEEDS_REVIEW,True
Deep Learning,dl-optimizers-adam,RMSProp & Adam,dl-optimizers-adam-lesson,Adam optimizer family,D2L.ai,PRIMARY,documentation,https://raw.githubusercontent.com/d2l-ai/d2l-en/master/chapter_optimization/adam.md,EXACT,FULL_SINGLE_PAGE,FULL_SINGLE_PAGE,FULL_SINGLE_PAGE,20,MEDIUM,NEEDS_REVIEW,True
Deep Learning,dl-batch-epoch-lr,"Batch size, epochs, learning rate",dl-batch-epoch-lr-lesson,Learning rate schedules,D2L.ai,PRIMARY,documentation,https://raw.githubusercontent.com/d2l-ai/d2l-en/master/chapter_optimization/lr-scheduler.md,EXACT,FULL_SINGLE_PAGE,FULL_SINGLE_PAGE,FULL_SINGLE_PAGE,20,MEDIUM,NEEDS_REVIEW,True
Deep Learning,dl-cnn-foundations,CNN foundations,dl-cnn-foundations-lesson,From Fully-Connected to Convolutions,D2L.ai,PRIMARY,documentation,https://raw.githubusercontent.com/d2l-ai/d2l-en/master/chapter_convolutional-neural-networks/why-conv.md,EXACT,FULL_SINGLE_PAGE,FULL_SINGLE_PAGE,FULL_SINGLE_PAGE,20,MEDIUM,NEEDS_REVIEW,True
Deep Learning,dl-convolution-op,Convolution operation,dl-convolution-op-lesson,Convolutions for Images,D2L.ai,PRIMARY,documentation,https://raw.githubusercontent.com/d2l-ai/d2l-en/master/chapter_convolutional-neural-networks/conv-layer.md,EXACT,FULL_SINGLE_PAGE,FULL_SINGLE_PAGE,FULL_SINGLE_PAGE,25,MEDIUM,NEEDS_REVIEW,True
Deep Learning,dl-convolution-op,Convolution operation,dl-convolution-op-lesson,Vizuara — Filters in 1D and Convolution Operation,Vizuara,SUPPLEMENT,youtube_video,https://www.youtube.com/watch?v=P6d8NbTlEpU,EXACT,VIDEO_TIMESTAMP,00:00,16:15,17,HIGH,NEEDS_REVIEW,True
Deep Learning,dl-padding-stride,Padding & stride,dl-padding-stride-lesson,Padding and Stride,D2L.ai,PRIMARY,documentation,https://raw.githubusercontent.com/d2l-ai/d2l-en/master/chapter_convolutional-neural-networks/conv-layer.md,EXACT,FULL_SINGLE_PAGE,FULL_SINGLE_PAGE,FULL_SINGLE_PAGE,15,MEDIUM,NEEDS_REVIEW,True
Deep Learning,dl-pooling,Pooling,dl-pooling-lesson,Pooling,D2L.ai,PRIMARY,documentation,https://raw.githubusercontent.com/d2l-ai/d2l-en/master/chapter_convolutional-neural-networks/pooling.md,EXACT,FULL_SINGLE_PAGE,FULL_SINGLE_PAGE,FULL_SINGLE_PAGE,15,MEDIUM,NEEDS_REVIEW,True
Deep Learning,dl-pooling,Pooling,dl-pooling-lesson,Vizuara — What is Max Pooling in CNNs?,Vizuara,SUPPLEMENT,youtube_video,https://www.youtube.com/watch?v=nc46EtxUvD4,EXACT,VIDEO_TIMESTAMP,00:00,09:42,10,HIGH,NEEDS_REVIEW,True
Deep Learning,dl-feature-maps,Feature maps & channels,dl-feature-maps-lesson,LeNet: feature maps & channels in practice,D2L.ai,PRIMARY,documentation,https://raw.githubusercontent.com/d2l-ai/d2l-en/master/chapter_convolutional-neural-networks/lenet.md,EXACT,FULL_SINGLE_PAGE,FULL_SINGLE_PAGE,FULL_SINGLE_PAGE,20,MEDIUM,NEEDS_REVIEW,True
Deep Learning,dl-rnn-awareness,RNN awareness,dl-rnn-awareness-lesson,Sequence Models,D2L.ai,PRIMARY,documentation,https://raw.githubusercontent.com/d2l-ai/d2l-en/master/chapter_recurrent-neural-networks/sequence.md,EXACT,FULL_SINGLE_PAGE,FULL_SINGLE_PAGE,FULL_SINGLE_PAGE,15,MEDIUM,NEEDS_REVIEW,True
Deep Learning,dl-lstm-gru,LSTM & GRU,dl-lstm-gru-lesson,Long Short-Term Memory (LSTM),D2L.ai,PRIMARY,documentation,https://raw.githubusercontent.com/d2l-ai/d2l-en/master/chapter_recurrent-modern/lstm.md,EXACT,FULL_SINGLE_PAGE,FULL_SINGLE_PAGE,FULL_SINGLE_PAGE,25,MEDIUM,NEEDS_REVIEW,True
Deep Learning,dl-attention-intuition,Attention intuition,dl-attention-intuition-lesson,Transformers Explained: Attention Simplified!,Vizuara,PRIMARY,youtube,https://www.youtube.com/watch?v=CLQJ9M5LZao,EXACT,VIDEO_TIMESTAMP,00:00,43:55,44,HIGH,NEEDS_REVIEW,True
Deep Learning,dl-attention-intuition,Attention intuition,dl-attention-intuition-lesson,Attention Cues,D2L.ai,REFERENCE,documentation,https://raw.githubusercontent.com/d2l-ai/d2l-en/master/chapter_attention-mechanisms-and-transformers/queries-keys-values.md,EXACT,FULL_SINGLE_PAGE,FULL_SINGLE_PAGE,FULL_SINGLE_PAGE,25,MEDIUM,VERIFIED_COVERAGE,True
Deep Learning,dl-transformers-foundations,Transformer foundations,dl-transformers-foundations-lesson,Transformers Explained: Build a Transformer End-to-End!,Vizuara,PRIMARY,youtube,https://www.youtube.com/watch?v=l0mAJ54xey0,EXACT,VIDEO_TIMESTAMP,00:00,72:35,73,HIGH,NEEDS_REVIEW,True
Deep Learning,dl-transformers-foundations,Transformer foundations,dl-transformers-foundations-lesson,Transformer architecture,D2L.ai,REFERENCE,documentation,https://raw.githubusercontent.com/d2l-ai/d2l-en/master/chapter_attention-mechanisms-and-transformers/transformer.md,EXACT,ARTICLE_SECTION,begins,begins,30,MEDIUM,VERIFIED_COVERAGE,True
Deep Learning,dl-pytorch-tensors,PyTorch tensors,dl-pytorch-tensors-lesson,Tensors,PyTorch,PRIMARY,documentation,https://raw.githubusercontent.com/pytorch/tutorials/main/beginner_source/basics/tensorqs_tutorial.py,EXACT,ARTICLE_SECTION,above; content inspection pending,above; content inspection pending,30,MEDIUM,NEEDS_REVIEW,True
Deep Learning,dl-pytorch-data,"Datasets, DataLoader & transforms",dl-pytorch-data-lesson,Datasets & DataLoaders,PyTorch,PRIMARY,documentation,https://raw.githubusercontent.com/pytorch/tutorials/main/beginner_source/basics/data_tutorial.py,EXACT,ARTICLE_SECTION,above; content inspection pending,above; content inspection pending,30,MEDIUM,NEEDS_REVIEW,True
Deep Learning,dl-pytorch-build-model,Building models with nn.Module,dl-pytorch-build-model-lesson,Build the Model,PyTorch,PRIMARY,documentation,https://raw.githubusercontent.com/pytorch/tutorials/main/beginner_source/basics/buildmodel_tutorial.py,EXACT,ARTICLE_SECTION,above; content inspection pending,above; content inspection pending,30,MEDIUM,NEEDS_REVIEW,True
Deep Learning,dl-pytorch-autograd,Autograd mechanics,dl-pytorch-autograd-lesson,Automatic Differentiation,PyTorch,PRIMARY,documentation,https://raw.githubusercontent.com/pytorch/tutorials/main/beginner_source/basics/autogradqs_tutorial.py,EXACT,ARTICLE_SECTION,above; content inspection pending,above; content inspection pending,30,MEDIUM,NEEDS_REVIEW,True
Deep Learning,dl-pytorch-training-loop,Full optimization loop,dl-pytorch-training-loop-lesson,Optimize the Model,PyTorch,PRIMARY,documentation,https://raw.githubusercontent.com/pytorch/tutorials/main/beginner_source/basics/optimization_tutorial.py,EXACT,ARTICLE_SECTION,above; content inspection pending,above; content inspection pending,35,MEDIUM,NEEDS_REVIEW,True
Deep Learning,dl-pytorch-save-load,Save & load runs,dl-pytorch-save-load-lesson,Save & Load the Model,PyTorch,PRIMARY,documentation,https://raw.githubusercontent.com/pytorch/tutorials/main/beginner_source/basics/saveloadrun_tutorial.py,EXACT,ARTICLE_SECTION,above; content inspection pending,above; content inspection pending,20,MEDIUM,NEEDS_REVIEW,True
Computer Vision,cv-what-is-an-image,What is an image?,cv-what-is-an-image-lesson,scikit-image — Image data representation with NumPy,scikit-image,PRIMARY,documentation,https://scikit-image.org/docs/stable/user_guide/numpy_images.html,EXACT,FULL_SINGLE_PAGE,FULL_SINGLE_PAGE,FULL_SINGLE_PAGE,15,MEDIUM,NEEDS_REVIEW,True
Computer Vision,cv-what-is-an-image,What is an image?,cv-what-is-an-image-lesson,Vizuara — Computer Vision from Scratch Intro,Vizuara,REFERENCE,youtube_video,https://www.youtube.com/watch?v=Tu11SMJGGIA,EXACT,VIDEO_TIMESTAMP,00:00,28:43,29,HIGH,NEEDS_REVIEW,True
Computer Vision,cv-pixels-channels,Pixels & channels,cv-pixels-channels-lesson,Arrays as pixel grids,Stanford CS231n,PRIMARY,documentation,https://raw.githubusercontent.com/d2l-ai/d2l-en/master/chapter_computer-vision/kaggle-cifar10.md,EXACT,FULL_SINGLE_PAGE,FULL_SINGLE_PAGE,FULL_SINGLE_PAGE,15,MEDIUM,NEEDS_REVIEW,True
Computer Vision,cv-color-spaces,RGB & grayscale,cv-color-spaces-lesson,ConvNet volume structure (RGB channels),Stanford CS231n,PRIMARY,documentation,https://cs231n.github.io/convolutional-networks/,EXACT,FULL_SINGLE_PAGE,FULL_SINGLE_PAGE,FULL_SINGLE_PAGE,15,MEDIUM,NEEDS_REVIEW,True
Computer Vision,cv-image-tensors,Image tensors,cv-image-tensors-lesson,Introduction to Computer Vision | Lecture 1,Vizuara,PRIMARY,youtube,https://www.youtube.com/watch?v=lgbKpn7q40M,EXACT,VIDEO_TIMESTAMP,00:00,25:00,25,HIGH,NEEDS_REVIEW,True
Computer Vision,cv-image-tensors,Image tensors,cv-image-tensors-lesson,Input volumes as tensors,Stanford CS231n,REFERENCE,documentation,https://raw.githubusercontent.com/d2l-ai/d2l-en/master/chapter_computer-vision/kaggle-cifar10.md,EXACT,FULL_SINGLE_PAGE,FULL_SINGLE_PAGE,FULL_SINGLE_PAGE,20,MEDIUM,VERIFIED_COVERAGE,True
Computer Vision,cv-transformations,Image transformations,cv-transformations-lesson,Image preprocessing,scikit-learn,PRIMARY,documentation,https://raw.githubusercontent.com/d2l-ai/d2l-en/master/chapter_computer-vision/image-augmentation.md,EXACT,FULL_SINGLE_PAGE,FULL_SINGLE_PAGE,FULL_SINGLE_PAGE,20,MEDIUM,NEEDS_REVIEW,True
Computer Vision,cv-normalization-cv,Normalization for vision,cv-normalization-cv-lesson,Preprocessing: normalization,Stanford CS231n,PRIMARY,documentation,https://cs231n.github.io/linear-classify/,EXACT,FULL_SINGLE_PAGE,FULL_SINGLE_PAGE,FULL_SINGLE_PAGE,15,MEDIUM,NEEDS_REVIEW,True
Computer Vision,cv-augmentation,Data augmentation,cv-augmentation-lesson,torchvision transforms,PyTorch,PRIMARY,documentation,https://raw.githubusercontent.com/d2l-ai/d2l-en/master/chapter_computer-vision/image-augmentation.md,EXACT,FULL_SINGLE_PAGE,FULL_SINGLE_PAGE,FULL_SINGLE_PAGE,20,MEDIUM,NEEDS_REVIEW,True
Computer Vision,cv-traditional-filters,Traditional CV filters,cv-traditional-filters-lesson,Convolution as edge detection origin,OpenCV,PRIMARY,documentation,https://docs.opencv.org/4.13.0/d4/dbd/tutorial_filter_2d.html,EXACT,FULL_SINGLE_PAGE,FULL_SINGLE_PAGE,FULL_SINGLE_PAGE,20,MEDIUM,NEEDS_REVIEW,True
Computer Vision,cv-convolution-in-cv,Convolution for images,cv-convolution-in-cv-lesson,Convolutional layers,Stanford CS231n,REFERENCE,documentation,https://cs231n.github.io/convolutional-networks/,EXACT,FULL_SINGLE_PAGE,FULL_SINGLE_PAGE,FULL_SINGLE_PAGE,25,MEDIUM,VERIFIED_COVERAGE,True
Computer Vision,cv-convolution-in-cv,Convolution for images,cv-convolution-in-cv-lesson,Vizuara — Filters in 1D and Convolution Operation,Vizuara,SUPPLEMENT,youtube_video,https://www.youtube.com/watch?v=P6d8NbTlEpU,EXACT,VIDEO_TIMESTAMP,00:00,16:15,17,HIGH,NEEDS_REVIEW,True
Computer Vision,cv-classification-workflow,Image classification workflow,cv-classification-workflow-lesson,Linear classification pipeline,Stanford CS231n,PRIMARY,documentation,https://cs231n.github.io/linear-classify/,EXACT,FULL_SINGLE_PAGE,FULL_SINGLE_PAGE,FULL_SINGLE_PAGE,30,MEDIUM,NEEDS_REVIEW,True
Computer Vision,cv-classic-architectures,LeNet → AlexNet → VGG,cv-classic-architectures-lesson,Layer patterns & architectures,Stanford CS231n,PRIMARY,documentation,https://cs231n.github.io/convolutional-networks/,EXACT,FULL_SINGLE_PAGE,FULL_SINGLE_PAGE,FULL_SINGLE_PAGE,25,MEDIUM,NEEDS_REVIEW,True
Computer Vision,cv-resnet,ResNet & residual learning,cv-resnet-lesson,Residual connections discussion,Stanford CS231n,PRIMARY,documentation,https://cs231n.github.io/convolutional-networks/,EXACT,FULL_SINGLE_PAGE,FULL_SINGLE_PAGE,FULL_SINGLE_PAGE,25,MEDIUM,NEEDS_REVIEW,True
Computer Vision,cv-efficientnet-awareness,EfficientNet awareness,cv-efficientnet-awareness-lesson,ResNet then modern scaling awareness,D2L.ai,PRIMARY,documentation,https://raw.githubusercontent.com/d2l-ai/d2l-en/master/chapter_convolutional-modern/resnet.md,EXACT,FULL_SINGLE_PAGE,FULL_SINGLE_PAGE,FULL_SINGLE_PAGE,15,MEDIUM,NEEDS_REVIEW,True
Computer Vision,cv-transfer-learning-cv,Transfer learning for vision,cv-transfer-learning-cv-lesson,Fine-tuning pretrained models,D2L.ai,PRIMARY,documentation,https://raw.githubusercontent.com/d2l-ai/d2l-en/master/chapter_computer-vision/fine-tuning.md,EXACT,FULL_SINGLE_PAGE,FULL_SINGLE_PAGE,FULL_SINGLE_PAGE,25,MEDIUM,NEEDS_REVIEW,True
Computer Vision,cv-object-detection-overview,Object detection overview,cv-object-detection-overview-lesson,Object Detection intro,D2L.ai,PRIMARY,documentation,https://raw.githubusercontent.com/d2l-ai/d2l-en/master/chapter_computer-vision/bounding-box.md,EXACT,FULL_SINGLE_PAGE,FULL_SINGLE_PAGE,FULL_SINGLE_PAGE,20,MEDIUM,NEEDS_REVIEW,True
Computer Vision,cv-bounding-boxes-iou,Bounding boxes & IoU,cv-bounding-boxes-iou-lesson,Bounding Boxes & IoU,D2L.ai,PRIMARY,documentation,https://raw.githubusercontent.com/d2l-ai/d2l-en/master/chapter_computer-vision/bounding-box.md,EXACT,FULL_SINGLE_PAGE,FULL_SINGLE_PAGE,FULL_SINGLE_PAGE,20,MEDIUM,NEEDS_REVIEW,True
Computer Vision,cv-nms,Non-maximum suppression,cv-nms-lesson,Anchor boxes & NMS,D2L.ai,PRIMARY,documentation,https://raw.githubusercontent.com/d2l-ai/d2l-en/master/chapter_computer-vision/ssd.md,EXACT,FULL_SINGLE_PAGE,FULL_SINGLE_PAGE,FULL_SINGLE_PAGE,20,MEDIUM,NEEDS_REVIEW,True
Computer Vision,cv-two-stage-vs-one-stage,Two-stage vs one-stage detection,cv-two-stage-vs-one-stage-lesson,Single Shot Multibox Detection,D2L.ai,PRIMARY,documentation,https://raw.githubusercontent.com/d2l-ai/d2l-en/master/chapter_computer-vision/rcnn.md,EXACT,FULL_SINGLE_PAGE,FULL_SINGLE_PAGE,FULL_SINGLE_PAGE,20,MEDIUM,NEEDS_REVIEW,True
Computer Vision,cv-yolo-concept,YOLO family concept,cv-yolo-concept-lesson,YOLO concept within SSD chapter,D2L.ai,PRIMARY,documentation,https://raw.githubusercontent.com/d2l-ai/d2l-en/master/chapter_computer-vision/ssd.md,EXACT,FULL_SINGLE_PAGE,FULL_SINGLE_PAGE,FULL_SINGLE_PAGE,20,MEDIUM,NEEDS_REVIEW,True
Computer Vision,cv-semantic-segmentation,Semantic segmentation,cv-semantic-segmentation-lesson,Semantic Segmentation & transposed conv,D2L.ai,PRIMARY,documentation,https://raw.githubusercontent.com/d2l-ai/d2l-en/master/chapter_computer-vision/transposed-conv.md,EXACT,FULL_SINGLE_PAGE,FULL_SINGLE_PAGE,FULL_SINGLE_PAGE,25,MEDIUM,NEEDS_REVIEW,True
Computer Vision,cv-u-net,U-Net,cv-u-net-lesson,Fully Convolutional Networks,D2L.ai,PRIMARY,documentation,https://raw.githubusercontent.com/d2l-ai/d2l-en/master/chapter_computer-vision/fcn.md,EXACT,FULL_SINGLE_PAGE,FULL_SINGLE_PAGE,FULL_SINGLE_PAGE,25,MEDIUM,NEEDS_REVIEW,True
Computer Vision,cv-instance-segmentation,Instance segmentation & Mask R-CNN,cv-instance-segmentation-lesson,Instance-level task awareness via Kaggle pipeline,D2L.ai,PRIMARY,documentation,https://raw.githubusercontent.com/d2l-ai/d2l-en/master/chapter_computer-vision/rcnn.md,EXACT,FULL_SINGLE_PAGE,FULL_SINGLE_PAGE,FULL_SINGLE_PAGE,25,MEDIUM,NEEDS_REVIEW,True
Computer Vision,cv-evaluation-metrics-cv,CV evaluation metrics,cv-evaluation-metrics-cv-lesson,Detection metric foundations,D2L.ai,PRIMARY,documentation,https://raw.githubusercontent.com/d2l-ai/d2l-en/master/chapter_computer-vision/ssd.md,EXACT,FULL_SINGLE_PAGE,FULL_SINGLE_PAGE,FULL_SINGLE_PAGE,20,MEDIUM,NEEDS_REVIEW,True
Computer Vision,cv-vision-transformers-awareness,Vision Transformers awareness,cv-vision-transformers-awareness-lesson,Vision Transformer,Dive into Deep Learning,PRIMARY,documentation,https://d2l.ai/index.html,EXACT,FULL_SINGLE_PAGE,FULL_SINGLE_PAGE,FULL_SINGLE_PAGE,20,MEDIUM,NEEDS_REVIEW,True
Computer Vision,cv-end-to-end-project,End-to-end CV project,cv-end-to-end-project-lesson,End-to-end Kaggle CV project walkthrough,D2L.ai,PRIMARY,documentation,https://raw.githubusercontent.com/d2l-ai/d2l-en/master/chapter_computer-vision/kaggle-cifar10.md,EXACT,FULL_SINGLE_PAGE,FULL_SINGLE_PAGE,FULL_SINGLE_PAGE,60,MEDIUM,NEEDS_REVIEW,True
Computer Vision,cv-sift-orb-awareness,SIFT & ORB awareness,cv-sift-orb-awareness-lesson,Introduction to SIFT,OpenCV,PRIMARY,documentation,https://docs.opencv.org/4.13.0/da/df5/tutorial_py_sift_intro.html,EXACT,ARTICLE_SECTION,above; content inspection pending,above; content inspection pending,20,MEDIUM,NEEDS_REVIEW,True
NLP,nlp-what-is-nlp,What is NLP?,nlp-what-is-nlp-lesson,Introduction to LLM/NLP course,Hugging Face,PRIMARY,documentation,https://raw.githubusercontent.com/huggingface/course/main/chapters/en/chapter1/1.mdx,EXACT,FULL_SINGLE_PAGE,FULL_SINGLE_PAGE,FULL_SINGLE_PAGE,15,MEDIUM,VERIFIED_COVERAGE,True
NLP,nlp-text-preprocessing,Text preprocessing,nlp-text-preprocessing-lesson,Text preprocessing (tokenizers intro),Hugging Face,PRIMARY,documentation,https://www.nltk.org/book/ch03.html,MULTI_TOPIC,FULL_SINGLE_PAGE,FULL_SINGLE_PAGE,FULL_SINGLE_PAGE,75,MEDIUM,VERIFIED_COVERAGE,True
NLP,nlp-tokenization-nlp,Tokenization,nlp-tokenization-nlp-lesson,Tokenizer algorithms deep dive,Hugging Face,PRIMARY,documentation,https://raw.githubusercontent.com/huggingface/course/main/chapters/en/chapter2/4.mdx,EXACT,FULL_SINGLE_PAGE,FULL_SINGLE_PAGE,FULL_SINGLE_PAGE,15,MEDIUM,VERIFIED_COVERAGE,True
NLP,nlp-vocabulary-bow,Vocabulary & bag of words,nlp-vocabulary-bow-lesson,Working with text data (bag of words),scikit-learn,PRIMARY,documentation,https://scikit-learn.org/stable/modules/feature_extraction.html,EXACT,FULL_SINGLE_PAGE,FULL_SINGLE_PAGE,FULL_SINGLE_PAGE,42,MEDIUM,VERIFIED_COVERAGE,True
NLP,nlp-tf-idf,TF-IDF,nlp-tf-idf-lesson,TF-IDF weighting,scikit-learn,PRIMARY,documentation,https://scikit-learn.org/stable/modules/feature_extraction.html,EXACT,ARTICLE_SECTION,TfidfTransformer section,Evaluation on test set begins,42,MEDIUM,VERIFIED_COVERAGE,True
NLP,nlp-word-embeddings,Word embeddings,nlp-word-embeddings-lesson,Word embeddings era,Hugging Face,PRIMARY,documentation,https://raw.githubusercontent.com/d2l-ai/d2l-en/master/chapter_natural-language-processing-pretraining/word2vec.md,EXACT,FULL_SINGLE_PAGE,FULL_SINGLE_PAGE,FULL_SINGLE_PAGE,15,MEDIUM,VERIFIED_COVERAGE,True
NLP,nlp-word2vec,Word2Vec,nlp-word2vec-lesson,Word2Vec/GloVe background,Hugging Face,PRIMARY,documentation,https://raw.githubusercontent.com/d2l-ai/d2l-en/master/chapter_natural-language-processing-pretraining/word2vec-pretraining.md,EXACT,ARTICLE_SECTION,through Encoder-decoder prelude,through Encoder-decoder prelude,13,MEDIUM,VERIFIED_COVERAGE,True
NLP,nlp-sequence-modeling,Sequence modeling,nlp-sequence-modeling-lesson,Sequence modeling motivation,Hugging Face,PRIMARY,documentation,https://raw.githubusercontent.com/d2l-ai/d2l-en/master/chapter_recurrent-neural-networks/sequence.md,EXACT,FULL_SINGLE_PAGE,FULL_SINGLE_PAGE,FULL_SINGLE_PAGE,25,MEDIUM,VERIFIED_COVERAGE,True
NLP,nlp-rnn-lstm,RNN/LSTM for text,nlp-rnn-lstm-lesson,Recurrent architectures for text,Hugging Face,PRIMARY,documentation,https://raw.githubusercontent.com/d2l-ai/d2l-en/master/chapter_recurrent-neural-networks/rnn.md,EXACT,FULL_SINGLE_PAGE,FULL_SINGLE_PAGE,FULL_SINGLE_PAGE,16,MEDIUM,VERIFIED_COVERAGE,True
NLP,nlp-attention-nlp,Attention for sequences,nlp-attention-nlp-lesson,Attention mechanisms,Hugging Face,PRIMARY,documentation,https://raw.githubusercontent.com/d2l-ai/d2l-en/master/chapter_attention-mechanisms-and-transformers/bahdanau-attention.md,EXACT,FULL_SINGLE_PAGE,FULL_SINGLE_PAGE,FULL_SINGLE_PAGE,19,MEDIUM,VERIFIED_COVERAGE,True
NLP,nlp-transformers-nlp,Transformers in NLP,nlp-transformers-nlp-lesson,Transformers Explained: Overview,Vizuara,PRIMARY,youtube,https://www.youtube.com/watch?v=FVcUKMu_M5Q,EXACT,VIDEO_TIMESTAMP,00:00,19:48,10,MEDIUM,NEEDS_REVIEW,True
NLP,nlp-transformers-nlp,Transformers in NLP,nlp-transformers-nlp-lesson,Main architectures: transformers,Hugging Face,REFERENCE,documentation,https://raw.githubusercontent.com/d2l-ai/d2l-en/master/chapter_attention-mechanisms-and-transformers/transformer.md,EXACT,FULL_SINGLE_PAGE,FULL_SINGLE_PAGE,FULL_SINGLE_PAGE,34,MEDIUM,VERIFIED_COVERAGE,True
NLP,nlp-bert,BERT & encoders,nlp-bert-lesson,BERT family encoders,Hugging Face,PRIMARY,documentation,https://raw.githubusercontent.com/d2l-ai/d2l-en/master/chapter_natural-language-processing-pretraining/bert.md,EXACT,FULL_SINGLE_PAGE,FULL_SINGLE_PAGE,FULL_SINGLE_PAGE,24,MEDIUM,VERIFIED_COVERAGE,True
NLP,nlp-encoder-vs-decoder,Encoder vs decoder,nlp-encoder-vs-decoder-lesson,Encoders vs decoders,Hugging Face,PRIMARY,documentation,https://raw.githubusercontent.com/d2l-ai/d2l-en/master/chapter_recurrent-modern/encoder-decoder.md,EXACT,FULL_SINGLE_PAGE,FULL_SINGLE_PAGE,FULL_SINGLE_PAGE,11,MEDIUM,VERIFIED_COVERAGE,True
NLP,nlp-generative-models,Generative NLP models,nlp-generative-models-lesson,Decoder/generative models,Hugging Face,PRIMARY,documentation,https://raw.githubusercontent.com/huggingface/course/main/chapters/en/chapter7/6.mdx,EXACT,FULL_SINGLE_PAGE,FULL_SINGLE_PAGE,FULL_SINGLE_PAGE,31,MEDIUM,VERIFIED_COVERAGE,True
NLP,nlp-fine-tuning-nlp,Fine-tuning for NLP,nlp-fine-tuning-nlp-lesson,Fine-tuning a pretrained model,Hugging Face,PRIMARY,documentation,https://raw.githubusercontent.com/huggingface/course/main/chapters/en/chapter3/3.mdx,EXACT,FULL_SINGLE_PAGE,FULL_SINGLE_PAGE,FULL_SINGLE_PAGE,15,MEDIUM,VERIFIED_COVERAGE,True
NLP,nlp-evaluation-nlp,NLP evaluation,nlp-evaluation-nlp-lesson,Evaluation metrics for NLP,Hugging Face,PRIMARY,documentation,https://raw.githubusercontent.com/huggingface/course/main/chapters/en/chapter7/6.mdx,EXACT,FULL_SINGLE_PAGE,FULL_SINGLE_PAGE,FULL_SINGLE_PAGE,31,MEDIUM,VERIFIED_COVERAGE,True
