domain,topic_slug,topic_title,learning_unit_id,learning_unit_title,objective,track,depth,prerequisites,resource_role,provider,resource_title,resource_type,url,exactness,boundary_type,start_timestamp,end_timestamp,video_duration,section_start,section_end,estimated_minutes,estimate_confidence,verification_status,concepts_covered,practice_type,practice_quantity,practice_destination,practice_url,practice_minutes,project,revision_summary
CS Foundations,cf-bits-and-bytes,Bits and bytes,cf-bits-and-bytes-core,Bits and bytes,Explain how information is measured in bits and bytes.,CORE,WORKING_KNOWLEDGE,,PRIMARY,CS50,CS50x 2026 — Lecture 0 (Scratch),youtube_video,https://www.youtube.com/watch?v=UuIEbpQms8o,MULTI_TOPIC,VIDEO_TIMESTAMP,00:00:00,00:20:00,20,00:00:00,00:20:00,20,HIGH,VERIFIED_COVERAGE,bit;byte;encoding,SELF_REFLECTION,3,,,6,,1d→3d→7d→14d→30d adaptive
CS Foundations,cf-binary,Binary,cf-binary-core,Binary,Read and convert small binary values.,CORE,WORKING_KNOWLEDGE,cf-bits-and-bytes,PRIMARY,CS50,CS50x 2026 — Lecture 0 (Scratch),youtube_video,https://www.youtube.com/watch?v=UuIEbpQms8o,MULTI_TOPIC,VIDEO_TIMESTAMP,00:00:00,00:22:00,22,00:00:00,00:22:00,22,HIGH,VERIFIED_COVERAGE,binary-representation;binary-decimal-conversion;place-value,SELF_REFLECTION,3,,,6,,1d→3d→7d→14d→30d adaptive
CS Foundations,cf-hexadecimal,Hexadecimal,cf-hexadecimal-core,Hexadecimal,Use hexadecimal as a compact view of binary.,CORE,WORKING_KNOWLEDGE,cf-binary,PRIMARY,CS50,CS50x 2026 — Lecture 0 (Scratch),youtube_video,https://www.youtube.com/watch?v=UuIEbpQms8o,MULTI_TOPIC,VIDEO_TIMESTAMP,00:00:00,00:20:00,20,00:00:00,00:20:00,20,HIGH,VERIFIED_COVERAGE,hex-representation;hex-binary-grouping;hex-why,SELF_REFLECTION,3,,,6,,1d→3d→7d→14d→30d adaptive
CS Foundations,cf-cpu,CPU,cf-cpu-core,CPU,Describe what a CPU does in executing programs.,CORE,WORKING_KNOWLEDGE,cf-hexadecimal,PRIMARY,GeeksforGeeks,GFG — Central Processing Unit (CPU),documentation,https://www.geeksforgeeks.org/central-processing-unit-cpu/,EXACT,ARTICLE_SECTION,,,18,central-processing-unit-cpu,central-processing-unit-cpu,18,MEDIUM,VERIFIED_COVERAGE,cpu-role;alu;registers;program-counter;fetch-decode-execute;ram-interaction,SELF_REFLECTION,3,,,6,,1d→3d→7d→14d→30d adaptive
CS Foundations,cf-alu,ALU,cf-alu-core,ALU,Explain the ALU's role in arithmetic and logic.,CORE,WORKING_KNOWLEDGE,cf-cpu,PRIMARY,GeeksforGeeks,GFG — Introduction of ALU and Data Path,documentation,https://www.geeksforgeeks.org/computer-organization-architecture/introduction-of-alu-and-data-path/,EXACT,ARTICLE_SECTION,,,18,ALU; Arithmetic and logical operations,ALU; Arithmetic and logical operations,18,MEDIUM,VERIFIED_COVERAGE,alu-role;alu-ops;expression-to-alu,SELF_REFLECTION,3,,,6,,1d→3d→7d→14d→30d adaptive
CS Foundations,cf-registers,Registers,cf-registers-core,Registers,Explain registers as the CPU's fastest working storage.,CORE,WORKING_KNOWLEDGE,cf-alu,PRIMARY,GeeksforGeeks,GFG — Different Classes of CPU Registers,documentation,https://www.geeksforgeeks.org/computer-organization-architecture/different-classes-of-cpu-registers/,EXACT,ARTICLE_SECTION,,,18,General purpose; Special purpose registers,General purpose; Special purpose registers,18,MEDIUM,VERIFIED_COVERAGE,registers-role;registers-count;registers-usage,SELF_REFLECTION,3,,,6,,1d→3d→7d→14d→30d adaptive
CS Foundations,cf-ram,RAM,cf-ram-core,RAM,Explain RAM as volatile working memory.,CORE,WORKING_KNOWLEDGE,cf-registers,PRIMARY,GeeksforGeeks,GFG — Random Access Memory (RAM),documentation,https://www.geeksforgeeks.org/random-access-memory-ram/,EXACT,ARTICLE_SECTION,,,18,random-access-memory-ram,random-access-memory-ram,18,MEDIUM,VERIFIED_COVERAGE,ram-volatile;ram-holds;ram-vs-registers-disk,SELF_REFLECTION,3,,,6,,1d→3d→7d→14d→30d adaptive
CS Foundations,cf-cache,Cache,cf-cache-core,Cache,Explain why caches exist between CPU and RAM.,CORE,WORKING_KNOWLEDGE,cf-ram,PRIMARY,GeeksforGeeks,GFG — Cache Memory in Computer Organization,documentation,https://www.geeksforgeeks.org/cache-memory-in-computer-organization/,EXACT,ARTICLE_SECTION,,,18,cache-memory-in-computer-organization,cache-memory-in-computer-organization,18,MEDIUM,VERIFIED_COVERAGE,cache-role;cache-locality,SELF_REFLECTION,3,,,6,,1d→3d→7d→14d→30d adaptive
CS Foundations,cf-storage,Storage,cf-storage-core,Storage,Contrast persistent storage with RAM.,CORE,WORKING_KNOWLEDGE,cf-cache,PRIMARY,GeeksforGeeks,GFG — Storage Devices (persistent storage),documentation,https://www.geeksforgeeks.org/storage-devices/,EXACT,ARTICLE_SECTION,,,18,storage-devices,storage-devices,18,MEDIUM,VERIFIED_COVERAGE,storage-persistent;storage-types;storage-files,SELF_REFLECTION,3,,,6,,1d→3d→7d→14d→30d adaptive
CS Foundations,cf-instruction-execution,Instruction execution,cf-instruction-execution-core,Instruction execution,Describe fetch-decode-execute at a conceptual level.,CORE,WORKING_KNOWLEDGE,cf-storage,PRIMARY,GeeksforGeeks,GFG — Different Instruction Cycles,documentation,https://www.geeksforgeeks.org/computer-organization-architecture/different-instruction-cycles/,EXACT,ARTICLE_SECTION,,,18,"Fetch, decode, execute cycles","Fetch, decode, execute cycles",18,MEDIUM,VERIFIED_COVERAGE,fetch-decode-execute-loop;assignment-to-instructions;pc-increment,SELF_REFLECTION,3,,,6,,1d→3d→7d→14d→30d adaptive
CS Foundations,cf-machine-code,Machine code,cf-machine-code-core,Machine code,Explain machine code as the CPU's native language.,CORE,WORKING_KNOWLEDGE,cf-instruction-execution,PRIMARY,GeeksforGeeks,GFG — Machine Language,documentation,https://www.geeksforgeeks.org/machine-language-in-computer-organization/,EXACT,ARTICLE_SECTION,,,18,machine-language-in-computer-organization,machine-language-in-computer-organization,18,MEDIUM,VERIFIED_COVERAGE,machine-code-binary;machine-code-arch;source-to-machine,SELF_REFLECTION,3,,,6,,1d→3d→7d→14d→30d adaptive
CS Foundations,cf-compiler,Compiler,cf-compiler-core,Compiler,Explain what a compiler produces and when it runs.,CORE,WORKING_KNOWLEDGE,cf-machine-code,PRIMARY,GeeksforGeeks,GFG — Introduction of Compiler Design,documentation,https://www.geeksforgeeks.org/introduction-of-compiler-design/,EXACT,ARTICLE_SECTION,,,18,introduction-of-compiler-design,introduction-of-compiler-design,18,MEDIUM,VERIFIED_COVERAGE,compiler-translate;compile-vs-run;compiler-tool,SELF_REFLECTION,3,,,6,,1d→3d→7d→14d→30d adaptive
CS Foundations,cf-interpreter,Interpreter,cf-interpreter-core,Interpreter,Explain how an interpreter executes source or bytecode.,CORE,WORKING_KNOWLEDGE,cf-compiler,PRIMARY,GeeksforGeeks,GFG — Interpreter in Compiler Design,documentation,https://www.geeksforgeeks.org/interpreter-in-compiler-design/,EXACT,ARTICLE_SECTION,,,18,interpreter-in-compiler-design,interpreter-in-compiler-design,18,MEDIUM,VERIFIED_COVERAGE,interpreter-incremental;interpreter-vs-compiler;interpreter-vm,SELF_REFLECTION,3,,,6,,1d→3d→7d→14d→30d adaptive
CS Foundations,cf-program,Program,cf-program-core,Program,Define a program as stored instructions plus data.,CORE,WORKING_KNOWLEDGE,cf-interpreter,PRIMARY,GeeksforGeeks,GFG — Program and its Types in Operating System,documentation,https://www.geeksforgeeks.org/program-and-its-types-in-operating-system/,EXACT,ARTICLE_SECTION,,,18,program-and-its-types-in-operating-system,program-and-its-types-in-operating-system,18,MEDIUM,VERIFIED_COVERAGE,program-artifact;program-vs-process,SELF_REFLECTION,3,,,6,,1d→3d→7d→14d→30d adaptive
CS Foundations,cf-process,Process,cf-process-core,Process,Define a process as a running instance of a program.,CORE,WORKING_KNOWLEDGE,cf-program,PRIMARY,GeeksforGeeks,GFG — Process in Operating System,documentation,https://www.geeksforgeeks.org/process-in-operating-system/,EXACT,ARTICLE_SECTION,,,18,process-in-operating-system,process-in-operating-system,18,MEDIUM,VERIFIED_COVERAGE,process-running;process-memory-pid;process-many,SELF_REFLECTION,3,,,6,,1d→3d→7d→14d→30d adaptive
CS Foundations,cf-kernel,Kernel,cf-kernel-core,Kernel,Explain the kernel as the core of the operating system.,CORE,WORKING_KNOWLEDGE,cf-process,PRIMARY,GeeksforGeeks,GFG — Kernel in Operating System,documentation,https://www.geeksforgeeks.org/kernel-in-operating-system/,EXACT,ARTICLE_SECTION,,,18,kernel-in-operating-system,kernel-in-operating-system,18,MEDIUM,VERIFIED_COVERAGE,kernel-privileged;kernel-services,SELF_REFLECTION,3,,,6,,1d→3d→7d→14d→30d adaptive
CS Foundations,cf-os-processes,Processes,cf-os-processes-core,Processes,Describe how the OS manages processes.,CORE,WORKING_KNOWLEDGE,cf-kernel,PRIMARY,GeeksforGeeks,GFG — Process Management in Operating System,documentation,https://www.geeksforgeeks.org/process-in-operating-system/,EXACT,ARTICLE_SECTION,,,18,process-in-operating-system,process-in-operating-system,18,MEDIUM,VERIFIED_COVERAGE,os-creates;os-identity,SELF_REFLECTION,3,,,6,,1d→3d→7d→14d→30d adaptive
CS Foundations,cf-threads,Threads,cf-threads-core,Threads,Contrast threads with processes.,CORE,WORKING_KNOWLEDGE,cf-os-processes,PRIMARY,GeeksforGeeks,GFG — Threads in Operating System,documentation,https://www.geeksforgeeks.org/thread-in-operating-system/,EXACT,ARTICLE_SECTION,,,18,thread-in-operating-system,thread-in-operating-system,18,MEDIUM,VERIFIED_COVERAGE,threads-inside-process;threads-share-memory,SELF_REFLECTION,3,,,6,,1d→3d→7d→14d→30d adaptive
CS Foundations,cf-system-calls,System calls,cf-system-calls-core,System calls,Explain system calls as the program–kernel interface.,CORE,WORKING_KNOWLEDGE,cf-threads,PRIMARY,GeeksforGeeks,GFG — System Calls in Operating System,documentation,https://www.geeksforgeeks.org/system-calls-in-operating-system/,EXACT,ARTICLE_SECTION,,,18,system-calls-in-operating-system,system-calls-in-operating-system,18,MEDIUM,VERIFIED_COVERAGE,syscall-privileged;syscall-examples,SELF_REFLECTION,3,,,6,,1d→3d→7d→14d→30d adaptive
CS Foundations,cf-os-memory,Memory,cf-os-memory-core,Memory,Explain that the OS manages process memory.,CORE,WORKING_KNOWLEDGE,cf-system-calls,PRIMARY,GeeksforGeeks,GFG — Memory Management in Operating System,documentation,https://www.geeksforgeeks.org/memory-management-in-operating-system/,EXACT,ARTICLE_SECTION,,,18,memory-management-in-operating-system,memory-management-in-operating-system,18,MEDIUM,VERIFIED_COVERAGE,address-space;os-pages-protect,SELF_REFLECTION,3,,,6,,1d→3d→7d→14d→30d adaptive
CS Foundations,cf-virtual-memory-basics,Virtual memory basics,cf-virtual-memory-basics-core,Virtual memory basics,Explain virtual vs physical addresses at a high level.,CORE,WORKING_KNOWLEDGE,cf-os-memory,PRIMARY,OSTEP,OSTEP — Address Spaces (virtual memory intro),documentation,https://pages.cs.wisc.edu/~remzi/OSTEP/vm-intro.pdf,EXACT,ARTICLE_SECTION,,,18,Address spaces; virtualization,Address spaces; virtualization,18,MEDIUM,VERIFIED_COVERAGE,virtual-address-space;virtual-to-physical,SELF_REFLECTION,3,,,6,,1d→3d→7d→14d→30d adaptive
CS Foundations,cf-filesystems,Filesystems,cf-filesystems-core,Filesystems,Explain files and directories as OS abstractions.,CORE,WORKING_KNOWLEDGE,cf-virtual-memory-basics,PRIMARY,GeeksforGeeks,GFG — File System in Operating System,documentation,https://www.geeksforgeeks.org/file-system-in-operating-system/,EXACT,ARTICLE_SECTION,,,18,file-system-in-operating-system,file-system-in-operating-system,18,MEDIUM,VERIFIED_COVERAGE,filesystem-files-dirs;filesystem-paths;filesystem-kernel,SELF_REFLECTION,3,,,6,,1d→3d→7d→14d→30d adaptive
CS Foundations,cf-os-permissions,Permissions,cf-os-permissions-core,Permissions,Explain user/group/other permission bits conceptually.,CORE,WORKING_KNOWLEDGE,cf-filesystems,PRIMARY,GeeksforGeeks,GFG — File Permissions in Linux,documentation,https://www.geeksforgeeks.org/file-permissions-in-linux/,EXACT,ARTICLE_SECTION,,,18,file-permissions-in-linux,file-permissions-in-linux,18,MEDIUM,VERIFIED_COVERAGE,unix-permission-bits;kernel-enforces,SELF_REFLECTION,3,,,6,,1d→3d→7d→14d→30d adaptive
CS Foundations,cf-os-environment-variables,Environment variables,cf-os-environment-variables-core,Environment variables,Explain environment variables as process configuration.,ALWAYS_ON,WORKING_KNOWLEDGE,cf-os-permissions,PRIMARY,MIT,The Shell — MIT Missing Semester,article,https://missing.csail.mit.edu/2020/command-line/,EXACT,ARTICLE_SECTION,,,18,Shell / environment variables,Shell / environment variables,18,MEDIUM,VERIFIED_COVERAGE,env-key-value;env-inherited,SELF_REFLECTION,3,,,6,,1d→3d→7d→14d→30d adaptive
CS Foundations,cf-shell,Shell,cf-shell-core,Shell,Explain the shell as a command interpreter.,ALWAYS_ON,WORKING_KNOWLEDGE,cf-os-environment-variables,PRIMARY,MIT Missing Semester 2026,MIT Missing Semester — Introduction to the Shell,documentation,https://missing.csail.mit.edu/2020/shell-tools/,EXACT,ARTICLE_SECTION,,,30,Shell tools and scripting,Shell tools and scripting,30,MEDIUM,VERIFIED_COVERAGE,shell-reads-commands;shell-bash-zsh,SELF_REFLECTION,3,,,6,CLI Calculator;File Organizer,1d→3d→7d→14d→30d adaptive
CS Foundations,cf-command-line,Command line,cf-command-line-core,Command line,Issue basic commands with arguments.,ALWAYS_ON,WORKING_KNOWLEDGE,cf-shell,PRIMARY,MIT Missing Semester 2026,MIT Missing Semester 2026 — Introduction to the Shell,article,https://missing.csail.mit.edu/2026/course-shell/,EXACT,ARTICLE_SECTION,,,30,course-shell,course-shell,30,MEDIUM,VERIFIED_COVERAGE,command-structure;command-quoting-exit,SELF_REFLECTION,3,,,6,CLI Calculator;Simple REST API,1d→3d→7d→14d→30d adaptive
CS Foundations,cf-filesystem-navigation,Filesystem navigation,cf-filesystem-navigation-core,Filesystem navigation,"Move around the filesystem with pwd, ls, and cd.",ALWAYS_ON,WORKING_KNOWLEDGE,cf-command-line,PRIMARY,MIT Missing Semester 2026,MIT Missing Semester 2026 — Introduction to the Shell,article,https://missing.csail.mit.edu/2026/course-shell/,EXACT,ARTICLE_SECTION,,,30,course-shell,course-shell,30,MEDIUM,VERIFIED_COVERAGE,pwd-ls-cd;relative-absolute,SELF_REFLECTION,3,,,6,File Organizer,1d→3d→7d→14d→30d adaptive
CS Foundations,cf-linux-files,Files,cf-linux-files-core,Files,"Create, copy, move, and delete files from the terminal.",ALWAYS_ON,WORKING_KNOWLEDGE,cf-filesystem-navigation,PRIMARY,MIT Missing Semester 2026,MIT Missing Semester 2026 — Introduction to the Shell,article,https://missing.csail.mit.edu/2026/course-shell/,EXACT,ARTICLE_SECTION,,,30,course-shell,course-shell,30,MEDIUM,VERIFIED_COVERAGE,file-ops;file-rm-caution;file-executable,SELF_REFLECTION,3,,,6,,1d→3d→7d→14d→30d adaptive
CS Foundations,cf-pipes,Pipes,cf-pipes-core,Pipes,Connect command output to another command with pipes.,ALWAYS_ON,WORKING_KNOWLEDGE,cf-linux-files,PRIMARY,MIT Missing Semester 2026,MIT Missing Semester 2026 — Introduction to the Shell,article,https://missing.csail.mit.edu/2026/course-shell/,EXACT,ARTICLE_SECTION,,,30,course-shell,course-shell,30,MEDIUM,VERIFIED_COVERAGE,pipe-stdout-stdin;pipe-pipeline,SELF_REFLECTION,3,,,6,,1d→3d→7d→14d→30d adaptive
CS Foundations,cf-redirection,Redirection,cf-redirection-core,Redirection,"Redirect stdin, stdout, and stderr.",ALWAYS_ON,WORKING_KNOWLEDGE,cf-pipes,PRIMARY,MIT Missing Semester 2026,MIT Missing Semester 2026 — Introduction to the Shell,article,https://missing.csail.mit.edu/2026/course-shell/,EXACT,ARTICLE_SECTION,,,30,course-shell,course-shell,30,MEDIUM,VERIFIED_COVERAGE,redirect-operators;redirect-separate,SELF_REFLECTION,3,,,6,,1d→3d→7d→14d→30d adaptive
CS Foundations,cf-grep,grep,cf-grep-core,grep,Search file contents with grep.,ALWAYS_ON,WORKING_KNOWLEDGE,cf-redirection,PRIMARY,MIT Missing Semester 2026,MIT Missing Semester 2026 — Introduction to the Shell,article,https://missing.csail.mit.edu/2026/course-shell/,EXACT,ARTICLE_SECTION,,,30,course-shell,course-shell,30,MEDIUM,VERIFIED_COVERAGE,grep-pattern;grep-pipeline,SELF_REFLECTION,3,,,6,,1d→3d→7d→14d→30d adaptive
CS Foundations,cf-find,find,cf-find-core,find,Locate files by name or type.,ALWAYS_ON,WORKING_KNOWLEDGE,cf-grep,PRIMARY,MIT Missing Semester 2026,MIT Missing Semester 2026 — Introduction to the Shell,article,https://missing.csail.mit.edu/2026/course-shell/,EXACT,ARTICLE_SECTION,,,30,course-shell,course-shell,30,MEDIUM,VERIFIED_COVERAGE,find-walks;find-combined,SELF_REFLECTION,3,,,6,,1d→3d→7d→14d→30d adaptive
CS Foundations,cf-linux-permissions,Permissions,cf-linux-permissions-core,Permissions,Inspect and reason about Unix permission bits.,ALWAYS_ON,WORKING_KNOWLEDGE,cf-find,PRIMARY,MIT Missing Semester 2026,MIT Missing Semester 2026 — Introduction to the Shell,article,https://missing.csail.mit.edu/2026/course-shell/,EXACT,ARTICLE_SECTION,,,30,course-shell,course-shell,30,MEDIUM,VERIFIED_COVERAGE,ls-l-chmod;perm-apply,SELF_REFLECTION,3,,,6,,1d→3d→7d→14d→30d adaptive
CS Foundations,cf-linux-processes,Processes,cf-linux-processes-core,Processes,List and interpret running processes.,ALWAYS_ON,WORKING_KNOWLEDGE,cf-linux-permissions,PRIMARY,MIT Missing Semester 2026,MIT Missing Semester 2026 — Introduction to the Shell,article,https://missing.csail.mit.edu/2026/course-shell/,EXACT,ARTICLE_SECTION,,,30,course-shell,course-shell,30,MEDIUM,VERIFIED_COVERAGE,ps-lists;ps-man,SELF_REFLECTION,3,,,6,,1d→3d→7d→14d→30d adaptive
CS Foundations,cf-package-management,Package management,cf-package-management-core,Package management,Explain why package managers exist.,ALWAYS_ON,WORKING_KNOWLEDGE,cf-linux-processes,PRIMARY,MIT Missing Semester 2026,MIT Missing Semester 2026 — Command-line Environment,article,https://missing.csail.mit.edu/2026/command-line-environment/,EXACT,ARTICLE_SECTION,,,30,command-line-environment,command-line-environment,30,MEDIUM,VERIFIED_COVERAGE,os-package-manager;package-apt-brew,SELF_REFLECTION,3,,,6,,1d→3d→7d→14d→30d adaptive
CS Foundations,cf-linux-environment-variables,Environment variables,cf-linux-environment-variables-core,Environment variables,Read and set environment variables in the shell.,ALWAYS_ON,WORKING_KNOWLEDGE,cf-package-management,PRIMARY,MIT Missing Semester 2026,MIT Missing Semester 2026 — Command-line Environment,article,https://missing.csail.mit.edu/2026/command-line-environment/,EXACT,ARTICLE_SECTION,,,30,command-line-environment,command-line-environment,30,MEDIUM,VERIFIED_COVERAGE,export-printenv-path;env-customize,SELF_REFLECTION,3,,,6,,1d→3d→7d→14d→30d adaptive
CS Foundations,cf-repository,Repository,cf-repository-core,Repository,Explain a Git repository as a project history.,ALWAYS_ON,WORKING_KNOWLEDGE,cf-linux-environment-variables,PRIMARY,Git,Pro Git — Getting a Git Repository,book,https://git-scm.com/book/en/v2/Git-Basics-Getting-a-Git-Repository,SEGMENT,BOOK_SECTION,,,60,Git-Basics-Getting-a-Git-Repository,Git-Basics-Getting-a-Git-Repository,60,LOW,VERIFIED_COVERAGE,repo-snapshots;repo-init-clone,SELF_REFLECTION,3,,,6,,1d→3d→7d→14d→30d adaptive
CS Foundations,cf-commits,Commits,cf-commits-core,Commits,Create commits with a clear message.,ALWAYS_ON,WORKING_KNOWLEDGE,cf-repository,PRIMARY,Git,Pro Git — Recording Changes to the Repository,book,https://git-scm.com/book/en/v2/Git-Basics-Recording-Changes-to-the-Repository,SEGMENT,BOOK_SECTION,,,60,Git-Basics-Recording-Changes-to-the-Repository,Git-Basics-Recording-Changes-to-the-Repository,60,LOW,VERIFIED_COVERAGE,staging-snapshot;commits-record;staging-why,SELF_REFLECTION,3,,,6,,1d→3d→7d→14d→30d adaptive
CS Foundations,cf-branches,Branches,cf-branches-core,Branches,Create and switch branches.,ALWAYS_ON,WORKING_KNOWLEDGE,cf-commits,PRIMARY,Git,Pro Git — Branches in a Nutshell,book,https://git-scm.com/book/en/v2/Git-Branching-Branches-in-a-Nutshell,SEGMENT,BOOK_SECTION,,,60,Git-Branching-Branches-in-a-Nutshell,Git-Branching-Branches-in-a-Nutshell,60,LOW,VERIFIED_COVERAGE,branch-pointer;branch-parallel,SELF_REFLECTION,3,,,6,,1d→3d→7d→14d→30d adaptive
CS Foundations,cf-merge,Merge,cf-merge-core,Merge,Combine branches with merge.,ALWAYS_ON,WORKING_KNOWLEDGE,cf-branches,PRIMARY,Git,Pro Git — Basic Branching and Merging,book,https://git-scm.com/book/en/v2/Git-Branching-Basic-Branching-and-Merging,SEGMENT,BOOK_SECTION,,,60,Git-Branching-Basic-Branching-and-Merging,Git-Branching-Basic-Branching-and-Merging,60,LOW,VERIFIED_COVERAGE,merge-join;merge-ff-vs-commit,SELF_REFLECTION,3,,,6,,1d→3d→7d→14d→30d adaptive
CS Foundations,cf-rebase,Rebase,cf-rebase-core,Rebase,Explain rebase vs merge conceptually.,ALWAYS_ON,WORKING_KNOWLEDGE,cf-merge,PRIMARY,Git,Pro Git — Rebasing,book,https://git-scm.com/book/en/v2/Git-Branching-Rebasing,SEGMENT,BOOK_SECTION,,,60,Git-Branching-Rebasing,Git-Branching-Rebasing,60,LOW,VERIFIED_COVERAGE,rebase-replay;rebase-not-shared,SELF_REFLECTION,3,,,6,,1d→3d→7d→14d→30d adaptive
CS Foundations,cf-remote,Remote,cf-remote-core,Remote,Explain remotes as named copies of a repository.,ALWAYS_ON,WORKING_KNOWLEDGE,cf-rebase,PRIMARY,Git,Pro Git — Working with Remotes,book,https://git-scm.com/book/en/v2/Git-Basics-Working-with-Remotes,SEGMENT,BOOK_SECTION,,,60,Git-Basics-Working-with-Remotes,Git-Basics-Working-with-Remotes,60,LOW,VERIFIED_COVERAGE,remote-origin;remote-list,SELF_REFLECTION,3,,,6,,1d→3d→7d→14d→30d adaptive
CS Foundations,cf-pull-push,Pull and push,cf-pull-push-core,Pull and push,Send and receive commits.,ALWAYS_ON,WORKING_KNOWLEDGE,cf-remote,PRIMARY,Git,Pro Git — Working with Remotes,book,https://git-scm.com/book/en/v2/Git-Basics-Working-with-Remotes,SEGMENT,BOOK_SECTION,,,60,Git-Basics-Working-with-Remotes,Git-Basics-Working-with-Remotes,60,LOW,VERIFIED_COVERAGE,fetch-download;pull-fetch-integrate;push-sends,SELF_REFLECTION,3,,,6,,1d→3d→7d→14d→30d adaptive
CS Foundations,cf-conflicts,Conflicts,cf-conflicts-core,Conflicts,Recognize and resolve a simple merge conflict.,ALWAYS_ON,WORKING_KNOWLEDGE,cf-pull-push,PRIMARY,Git,Pro Git — Basic Branching and Merging (conflicts),book,https://git-scm.com/book/en/v2/Git-Branching-Basic-Branching-and-Merging,SEGMENT,BOOK_SECTION,,,60,Git-Branching-Basic-Branching-and-Merging,Git-Branching-Basic-Branching-and-Merging,60,LOW,VERIFIED_COVERAGE,conflict-same-lines;conflict-markers;conflict-progit,SELF_REFLECTION,3,,,6,,1d→3d→7d→14d→30d adaptive
CS Foundations,cf-reset-revert,Reset and revert,cf-reset-revert-core,Reset and revert,"Contrast reset, revert, and restore.",ALWAYS_ON,WORKING_KNOWLEDGE,cf-conflicts,PRIMARY,Git,Pro Git — Undoing Things,book,https://git-scm.com/book/en/v2/Git-Basics-Undoing-Things,SEGMENT,BOOK_SECTION,,,60,Git-Basics-Undoing-Things,Git-Basics-Undoing-Things,60,LOW,VERIFIED_COVERAGE,reset-moves-pointer;revert-undo-commit;restore-files,SELF_REFLECTION,3,,,6,,1d→3d→7d→14d→30d adaptive
CS Foundations,cf-cherry-pick,Cherry-pick,cf-cherry-pick-core,Cherry-pick,Apply one commit onto another branch.,ALWAYS_ON,WORKING_KNOWLEDGE,cf-reset-revert,PRIMARY,Git,git-cherry-pick documentation,documentation,https://git-scm.com/docs/git-cherry-pick,EXACT,ARTICLE_SECTION,,,25,git-cherry-pick,git-cherry-pick,25,MEDIUM,VERIFIED_COVERAGE,cherry-pick-copy;cherry-pick-doc,SELF_REFLECTION,3,,,6,,1d→3d→7d→14d→30d adaptive
CS Foundations,cf-stash,Stash,cf-stash-core,Stash,Temporarily shelf uncommitted work.,ALWAYS_ON,WORKING_KNOWLEDGE,cf-cherry-pick,PRIMARY,Git,Pro Git — Stashing and Cleaning,book,https://git-scm.com/book/en/v2/Git-Tools-Stashing-and-Cleaning,SEGMENT,BOOK_SECTION,,,60,Git-Tools-Stashing-and-Cleaning,Git-Tools-Stashing-and-Cleaning,60,LOW,VERIFIED_COVERAGE,stash-dirty;stash-book,SELF_REFLECTION,3,,,6,,1d→3d→7d→14d→30d adaptive
CS Foundations,cf-github-workflow,GitHub workflow,cf-github-workflow-core,GitHub workflow,"Use clone, branch, pull request conceptually.",ALWAYS_ON,WORKING_KNOWLEDGE,cf-stash,PRIMARY,GitHub,GitHub Docs — Hello World,documentation,https://docs.github.com/en/get-started/using-github/hello-world,EXACT,ARTICLE_SECTION,,,25,hello-world,hello-world,25,MEDIUM,VERIFIED_COVERAGE,github-fork-pr;github-remote-workflow,SELF_REFLECTION,3,,,6,,1d→3d→7d→14d→30d adaptive
CS Foundations,cf-ide,IDE,cf-ide-core,IDE,"Use an IDE to open, edit, and run a small project.",ALWAYS_ON,WORKING_KNOWLEDGE,cf-github-workflow;cf-compiler,PRIMARY,GeeksforGeeks,GFG — Introduction to Integrated Development Environment,documentation,https://www.geeksforgeeks.org/introduction-to-integrated-development-environment/,EXACT,ARTICLE_SECTION,,,18,introduction-to-integrated-development-environment,introduction-to-integrated-development-environment,18,MEDIUM,VERIFIED_COVERAGE,ide-editor-debug;ide-vscode-example,SELF_REFLECTION,3,,,6,,1d→3d→7d→14d→30d adaptive
CS Foundations,cf-dev-compiler,Compiler,cf-dev-compiler-core,Compiler,Invoke a compiler from the environment you will use for Java.,ALWAYS_ON,WORKING_KNOWLEDGE,cf-ide,PRIMARY,GeeksforGeeks,GFG — Introduction to Compilers,documentation,https://www.geeksforgeeks.org/introduction-to-compilers/,EXACT,ARTICLE_SECTION,,,18,introduction-to-compilers,introduction-to-compilers,18,MEDIUM,VERIFIED_COVERAGE,dev-compiler-toolchain;compiler-make-example,SELF_REFLECTION,3,,,6,,1d→3d→7d→14d→30d adaptive
CS Foundations,cf-debugger,Debugger,cf-debugger-core,Debugger,Set a breakpoint and inspect a variable.,ALWAYS_ON,WORKING_KNOWLEDGE,cf-dev-compiler,PRIMARY,GeeksforGeeks,GFG — Debugging in Software Engineering,documentation,https://www.geeksforgeeks.org/debugging-in-software-engineering/,EXACT,ARTICLE_SECTION,,,18,debugging-in-software-engineering,debugging-in-software-engineering,18,MEDIUM,VERIFIED_COVERAGE,debugger-breakpoints;debugger-unix-gdb,SELF_REFLECTION,3,,,6,,1d→3d→7d→14d→30d adaptive
CS Foundations,cf-formatter,Formatter,cf-formatter-core,Formatter,Apply automatic formatting.,ALWAYS_ON,WORKING_KNOWLEDGE,cf-debugger,PRIMARY,GeeksforGeeks,GFG — Code Formatting in Software Engineering,documentation,https://www.geeksforgeeks.org/code-formatting-in-software-engineering/,EXACT,ARTICLE_SECTION,,,18,code-formatting-in-software-engineering,code-formatting-in-software-engineering,18,MEDIUM,VERIFIED_COVERAGE,formatter-style,SELF_REFLECTION,3,,,6,,1d→3d→7d→14d→30d adaptive
CS Foundations,cf-linter,Linter,cf-linter-core,Linter,Run a linter and interpret one warning.,ALWAYS_ON,WORKING_KNOWLEDGE,cf-formatter,PRIMARY,GeeksforGeeks,GFG — Linting in Software Development,documentation,https://www.geeksforgeeks.org/linting-in-software-development/,EXACT,ARTICLE_SECTION,,,18,linting-in-software-development,linting-in-software-development,18,MEDIUM,VERIFIED_COVERAGE,linter-static-hint,SELF_REFLECTION,3,,,6,,1d→3d→7d→14d→30d adaptive
CS Foundations,cf-dev-package-manager,Package manager,cf-dev-package-manager-core,Package manager,Explain application-level package managers vs OS packages.,ALWAYS_ON,WORKING_KNOWLEDGE,cf-linter,PRIMARY,GeeksforGeeks,GFG — Package Manager in Operating System,documentation,https://www.geeksforgeeks.org/package-manager-in-operating-system/,EXACT,ARTICLE_SECTION,,,18,package-manager-in-operating-system,package-manager-in-operating-system,18,MEDIUM,VERIFIED_COVERAGE,package-manager-language-vs-os;package-manager-pip,SELF_REFLECTION,3,,,6,,1d→3d→7d→14d→30d adaptive
CS Foundations,cf-build-system,Build system,cf-build-system-core,Build system,Explain why build tools exist.,ALWAYS_ON,WORKING_KNOWLEDGE,cf-dev-package-manager,PRIMARY,GeeksforGeeks,GFG — Build Systems in Software Engineering,documentation,https://www.geeksforgeeks.org/build-systems-in-software-engineering/,EXACT,ARTICLE_SECTION,,,18,build-systems-in-software-engineering,build-systems-in-software-engineering,18,MEDIUM,VERIFIED_COVERAGE,build-repeatable,SELF_REFLECTION,3,,,6,,1d→3d→7d→14d→30d adaptive
CS Foundations,cf-dependency-management,Dependency management,cf-dependency-management-core,Dependency management,Explain direct vs transitive dependencies conceptually.,ALWAYS_ON,WORKING_KNOWLEDGE,cf-build-system,PRIMARY,PyPA,Dependency resolution (pip),documentation,https://pip.pypa.io/en/stable/topics/dependency-resolution/,EXACT,ARTICLE_SECTION,,,20,Dependency resolution,Dependency resolution,20,MEDIUM,VERIFIED_COVERAGE,dependency-direct-transitive,SELF_REFLECTION,3,,,6,,1d→3d→7d→14d→30d adaptive
CS Foundations,cf-problem-decomposition,Problem decomposition,cf-problem-decomposition-core,Problem decomposition,Break a worded problem into smaller parts.,CORE,WORKING_KNOWLEDGE,,PRIMARY,CS50x,"CS50x 2026 Week 0 (computational thinking, I/O)",interactive_tutorial,https://cs50.harvard.edu/x/weeks/0/,EXACT,ARTICLE_SECTION,,,20,0,0,20,LOW,VERIFIED_COVERAGE,decomposition-break-down;decomposition-steps,SELF_REFLECTION,3,,,6,,1d→3d→7d→14d→30d adaptive
CS Foundations,cf-pseudocode,Pseudocode,cf-pseudocode-core,Pseudocode,Write language-agnostic steps for a small algorithm.,CORE,WORKING_KNOWLEDGE,cf-problem-decomposition,PRIMARY,CS50x,CS50x 2026 Week 0 (pseudocode),interactive_tutorial,https://cs50.harvard.edu/x/weeks/0/,EXACT,ARTICLE_SECTION,,,20,0,0,20,LOW,VERIFIED_COVERAGE,pseudocode-plan;pseudocode-readable,SELF_REFLECTION,3,,,6,,1d→3d→7d→14d→30d adaptive
CS Foundations,cf-algorithms,Algorithms,cf-algorithms-core,Algorithms,Define an algorithm as a finite unambiguous procedure.,CORE,WORKING_KNOWLEDGE,cf-pseudocode,PRIMARY,CS50x,"CS50x 2026 Week 0 (algorithms, running times)",interactive_tutorial,https://cs50.harvard.edu/x/weeks/0/,EXACT,ARTICLE_SECTION,,,20,0,0,20,LOW,VERIFIED_COVERAGE,algorithm-steps;algorithm-correctness,SELF_REFLECTION,3,,,6,,1d→3d→7d→14d→30d adaptive
CS Foundations,cf-dry-runs,Dry runs,cf-dry-runs-core,Dry runs,Trace an algorithm on a small input by hand.,CORE,WORKING_KNOWLEDGE,cf-algorithms,PRIMARY,GeeksforGeeks,GFG — Dry Run in Software Engineering,documentation,https://www.geeksforgeeks.org/dry-run-in-software-engineering/,EXACT,ARTICLE_SECTION,,,18,dry-run-in-software-engineering,dry-run-in-software-engineering,18,MEDIUM,VERIFIED_COVERAGE,dry-run-trace;dry-run-table,SELF_REFLECTION,3,,,6,,1d→3d→7d→14d→30d adaptive
CS Foundations,cf-edge-cases,Edge cases,cf-edge-cases-core,Edge cases,"List empty, one-element, and extreme inputs.",CORE,WORKING_KNOWLEDGE,cf-dry-runs,PRIMARY,GeeksforGeeks,GFG — Edge Cases in Software Testing,documentation,https://www.geeksforgeeks.org/edge-cases-in-software-engineering/,EXACT,ARTICLE_SECTION,,,18,edge-cases-in-software-engineering,edge-cases-in-software-engineering,18,MEDIUM,VERIFIED_COVERAGE,edge-unusual-valid;edge-empty-boundary,SELF_REFLECTION,3,,,6,,1d→3d→7d→14d→30d adaptive
CS Foundations,cf-debugging-thinking,Debugging,cf-debugging-thinking-core,Debugging,Use a hypothesis-driven debugging loop.,ALWAYS_ON,WORKING_KNOWLEDGE,cf-edge-cases,PRIMARY,MIT Missing Semester 2026,MIT Missing Semester 2026 — Debugging and Profiling,article,https://missing.csail.mit.edu/2026/debugging-profiling/,EXACT,ARTICLE_SECTION,,,20,debugging-profiling,debugging-profiling,20,LOW,VERIFIED_COVERAGE,debugging-systematic;debugging-logic,SELF_REFLECTION,3,,,6,,1d→3d→7d→14d→30d adaptive
CS Foundations,cf-time-complexity-intro,Time complexity introduction,cf-time-complexity-intro-core,Time complexity introduction,"Explain big-O as growth rate, not a stopwatch.",CORE,WORKING_KNOWLEDGE,cf-problem-decomposition,PRIMARY,CS50x,CS50x 2026 Week 0 (running times),interactive_tutorial,https://cs50.harvard.edu/x/weeks/0/,EXACT,ARTICLE_SECTION,,,20,0,0,20,MEDIUM,VERIFIED_COVERAGE,time-complexity-bigO;time-common;time-counting,SELF_REFLECTION,3,,,6,,1d→3d→7d→14d→30d adaptive
CS Foundations,cf-space-complexity-intro,Space complexity introduction,cf-space-complexity-intro-core,Space complexity introduction,Explain extra memory vs in-place use at a high level.,CORE,WORKING_KNOWLEDGE,cf-time-complexity-intro,PRIMARY,GeeksforGeeks,Space Complexity,documentation,https://www.geeksforgeeks.org/gfact-51-space-complexity/,EXACT,ARTICLE_SECTION,,,18,Space complexity,Space complexity,18,MEDIUM,VERIFIED_COVERAGE,space-complexity;space-O-classes,SELF_REFLECTION,3,,,6,,1d→3d→7d→14d→30d adaptive
Java,java-jdk-jre,JDK and JRE,java-jdk-jre-core,JDK and JRE,Install a current JDK and explain JDK vs JRE vs JVM.,CORE,STRONG,cf-space-complexity-intro,PRIMARY,Dev.java,Getting Started with Java (JDK setup),documentation,https://dev.java/learn/getting-started/,EXACT,ARTICLE_SECTION,,,26,getting-started,getting-started,26,MEDIUM,VERIFIED_COVERAGE,java-jdk-jre-jdk-and-jre;java-jdk-jre-install-a-current-jdk-and-explain-jdk-vs,SELF_REFLECTION,1,LOCAL_IDE,local,6,,1d→3d→7d→14d→30d adaptive
Java,java-first-program,First program,java-first-program-core,First program,"Write, compile, and run a single-class Java program with a main method.",CORE,STRONG,java-jdk-jre,PRIMARY,Dev.java,Getting Started with Java,documentation,https://dev.java/learn/getting-started/,EXACT,ARTICLE_SECTION,,,26,Getting Started with Java,Getting Started with Java,26,MEDIUM,VERIFIED_COVERAGE,java-first-program-first-program;java-first-program-write-compile-and-run-a-single-class-jav,SELF_REFLECTION,1,LOCAL_IDE,local,6,,1d→3d→7d→14d→30d adaptive
Java,java-compile-and-run,Compile and run,java-compile-and-run-core,Compile and run,Use javac/java (or equivalent) reliably and explain .java vs .class.,CORE,STRONG,java-first-program,PRIMARY,Dev.java,Launching simple source-code programs,documentation,https://dev.java/learn/launch-simple-source-code-programs/,EXACT,ARTICLE_SECTION,,,10,launch-simple-source-code-programs,launch-simple-source-code-programs,10,MEDIUM,VERIFIED_COVERAGE,java-compile-and-run-compile-and-run;java-compile-and-run-javac-java-or-equivalent-reliably-and-ex,SELF_REFLECTION,2,LOCAL_IDE,local,6,,1d→3d→7d→14d→30d adaptive
Java,java-primitives,Primitives,java-primitives-core,Primitives,"Declare, initialize, and choose Java primitive types; distinguish them from String and other references.",CORE,STRONG,java-compile-and-run,PRIMARY,Dev.java,Creating primitive type variables,documentation,https://dev.java/learn/language-basics/primitive-types/,EXACT,ARTICLE_SECTION,,,16,Creating primitive type variables,Creating primitive type variables,16,MEDIUM,VERIFIED_COVERAGE,java-primitives-primitives;java-primitives-declare-initialize-and-choose-java-primi,SELF_REFLECTION,3,LOCAL_IDE,local,6,,1d→3d→7d→14d→30d adaptive
Java,java-type-conversion,Type conversion,java-type-conversion-core,Type conversion,Apply widening and narrowing conversions and explain overflow.,CORE,STRONG,java-primitives,PRIMARY,Dev.java,Primitive types,documentation,https://docs.oracle.com/javase/tutorial/java/nutsandbolts/datatypes.html,EXACT,ARTICLE_SECTION,,,18,Primitive types and conversions,Primitive types and conversions,18,MEDIUM,VERIFIED_COVERAGE,java-type-conversion-type-conversion;java-type-conversion-widening-and-narrowing-conversions-and-e,SELF_REFLECTION,2,LOCAL_IDE,local,6,,1d→3d→7d→14d→30d adaptive
Java,java-console-io,Console input and output,java-console-io-core,Console input and output,"Read console input, validate it, and print formatted results in a small interactive loop.",CORE,STRONG,java-type-conversion,PRIMARY,University of Helsinki,Helsinki Part 1 — Reading input,interactive_tutorial,https://java-programming.mooc.fi/part-1/3-reading/,EXACT,ARTICLE_SECTION,,,17,3-reading,3-reading,17,MEDIUM,VERIFIED_COVERAGE,java-console-io-console-input-and-output;java-console-io-read-console-input-validate-it-and-print,SELF_REFLECTION,2,LOCAL_IDE,local,6,,1d→3d→7d→14d→30d adaptive
Java,java-operators,Operators,java-operators-core,Operators,"Predict arithmetic, comparison, logical, assignment, increment, ternary, and short-circuit behavior.",CORE,STRONG,java-console-io,PRIMARY,Dev.java,Using operators,documentation,https://dev.java/learn/language-basics/using-operators/,EXACT,ARTICLE_SECTION,,,14,using-operators,using-operators,14,MEDIUM,VERIFIED_COVERAGE,java-operators-operators;java-operators-predict-arithmetic-comparison-logical-as,SELF_REFLECTION,2,LOCAL_IDE,local,6,,1d→3d→7d→14d→30d adaptive
Java,java-if-else,if/else,java-if-else-core,if/else,"Branch with if/else, including nested conditions, without unreadable ladders.",CORE,STRONG,java-operators,PRIMARY,Dev.java,Control flow statements,documentation,https://dev.java/learn/language-basics/controlling-flow/,EXACT,ARTICLE_SECTION,,,15,Control flow statements,Control flow statements,15,MEDIUM,VERIFIED_COVERAGE,java-if-else-if-else;java-if-else-branch-with-if-else-including-nested-con,SELF_REFLECTION,3,LOCAL_IDE,local,6,,1d→3d→7d→14d→30d adaptive
Java,java-switch,switch,java-switch-core,switch,Use switch statements and modern switch expressions; know when if/else is clearer.,CORE,STRONG,java-if-else,PRIMARY,Dev.java,Branching with switch statements,documentation,https://dev.java/learn/language-basics/switch-statement/,EXACT,ARTICLE_SECTION,,,10,switch-statement,switch-statement,10,MEDIUM,VERIFIED_COVERAGE,java-switch-switch;java-switch-switch-statements-and-modern-switch-expr,SELF_REFLECTION,2,LOCAL_IDE,local,6,,1d→3d→7d→14d→30d adaptive
Java,java-loops,Loops,java-loops-core,Loops,"Choose for, while, and do-while; write validation loops and controlled iteration.",CORE,STRONG,java-switch,PRIMARY,Dev.java,Control flow statements,documentation,https://dev.java/learn/language-basics/controlling-flow/,EXACT,ARTICLE_SECTION,,,15,Control flow statements,Control flow statements,15,MEDIUM,VERIFIED_COVERAGE,java-loops-loops;java-loops-choose-for-while-and-do-while-write-vali,SELF_REFLECTION,3,LOCAL_IDE,local,6,,1d→3d→7d→14d→30d adaptive
Java,java-break-continue,break and continue,java-break-continue-core,break and continue,Use break and continue deliberately; avoid using them to hide messy structure.,CORE,STRONG,java-loops,PRIMARY,Dev.java,Control flow statements,documentation,https://dev.java/learn/language-basics/controlling-flow/,EXACT,ARTICLE_SECTION,,,15,controlling-flow,controlling-flow,15,MEDIUM,VERIFIED_COVERAGE,java-break-continue-break-and-continue;java-break-continue-break-and-continue-deliberately-avoid-us,SELF_REFLECTION,2,LOCAL_IDE,local,6,,1d→3d→7d→14d→30d adaptive
Java,java-method-basics,Method basics,java-method-basics-core,Method basics,Declare methods with parameters and return values; explain Java pass-by-value; refactor a monolithic main.,CORE,STRONG,java-break-continue,PRIMARY,Dev.java,Defining methods,documentation,https://dev.java/learn/classes-objects/defining-methods/,EXACT,ARTICLE_SECTION,,,10,Defining methods,Defining methods,10,MEDIUM,VERIFIED_COVERAGE,java-method-basics-method-basics;java-method-basics-declare-methods-with-parameters-and-retu,SELF_REFLECTION,3,LOCAL_IDE,local,6,,1d→3d→7d→14d→30d adaptive
Java,java-overloading,Overloading,java-overloading-core,Overloading,Overload methods by parameter lists and explain that return type alone is not enough.,CORE,STRONG,java-method-basics,PRIMARY,Dev.java,Defining methods,documentation,https://dev.java/learn/classes-objects/defining-methods/,EXACT,ARTICLE_SECTION,,,10,Defining methods,Defining methods,10,MEDIUM,VERIFIED_COVERAGE,java-overloading-overloading;java-overloading-overload-methods-by-parameter-lists-and,SELF_REFLECTION,2,LOCAL_IDE,local,6,,1d→3d→7d→14d→30d adaptive
Java,java-scope,Scope,java-scope-core,Scope,Reason about local vs parameter vs class-level variables and shadowing.,CORE,STRONG,java-overloading,PRIMARY,Dev.java,Creating variables and naming them,documentation,https://dev.java/learn/language-basics/variables/,EXACT,ARTICLE_SECTION,,,11,variables,variables,11,MEDIUM,VERIFIED_COVERAGE,java-scope-scope;java-scope-reason-about-local-vs-parameter-vs-class,SELF_REFLECTION,2,LOCAL_IDE,local,6,,1d→3d→7d→14d→30d adaptive
Java,java-arrays,Arrays,java-arrays-core,Arrays,"Allocate, index, traverse, and modify Java arrays, including bounds, references, and simple complexity.",CORE,STRONG,java-scope,PRIMARY,Dev.java,Creating arrays,documentation,https://dev.java/learn/language-basics/arrays/,EXACT,ARTICLE_SECTION,,,16,Creating arrays,Creating arrays,16,MEDIUM,VERIFIED_COVERAGE,java-arrays-arrays;java-arrays-allocate-index-traverse-and-modify-java,SELF_REFLECTION,3,LOCAL_IDE,local,6,,1d→3d→7d→14d→30d adaptive
Java,java-strings,Strings,java-strings-core,Strings,"Use String immutability, content comparison, and common parsing/transform operations.",CORE,STRONG,java-arrays,PRIMARY,Dev.java,Strings,documentation,https://dev.java/learn/numbers-strings/strings/,EXACT,ARTICLE_SECTION,,,21,Strings,Strings,21,MEDIUM,VERIFIED_COVERAGE,java-strings-strings;java-strings-string-immutability-content-comparison-a,SELF_REFLECTION,3,LOCAL_IDE,local,6,,1d→3d→7d→14d→30d adaptive
Java,java-stringbuilder,StringBuilder,java-stringbuilder-core,StringBuilder,Build strings efficiently with StringBuilder and know when String is enough.,CORE,STRONG,java-strings,PRIMARY,Dev.java,String builders,documentation,https://dev.java/learn/numbers-strings/string-builders/,EXACT,ARTICLE_SECTION,,,11,string-builders,string-builders,11,MEDIUM,VERIFIED_COVERAGE,java-stringbuilder-stringbuilder;java-stringbuilder-strings-efficiently-with-stringbuilder-a,SELF_REFLECTION,2,LOCAL_IDE,local,6,,1d→3d→7d→14d→30d adaptive
Java,java-classes-objects,Classes and objects,java-classes-objects-core,Classes and objects,Define a class with state and behavior and construct objects with new.,CORE,STRONG,java-stringbuilder,PRIMARY,Dev.java,Creating classes,documentation,https://dev.java/learn/classes-objects/creating-classes/,EXACT,ARTICLE_SECTION,,,10,Creating classes,Creating classes,10,MEDIUM,VERIFIED_COVERAGE,java-classes-objects-classes-and-objects;java-classes-objects-define-a-class-with-state-and-behavior-a,SELF_REFLECTION,2,LOCAL_IDE,local,6,,1d→3d→7d→14d→30d adaptive
Java,java-references,References,java-references-core,References,"Explain Java references, aliasing, null, and pass-by-value of references; predict mutation.",CORE,STRONG,java-classes-objects,PRIMARY,Dev.java,Creating and using objects,documentation,https://dev.java/learn/classes-objects/creating-objects/,EXACT,ARTICLE_SECTION,,,16,Creating and using objects,Creating and using objects,16,MEDIUM,VERIFIED_COVERAGE,java-references-references;java-references-java-references-aliasing-null-and-pass-b,SELF_REFLECTION,2,LOCAL_IDE,local,6,,1d→3d→7d→14d→30d adaptive
Java,java-constructors,Constructors,java-constructors-core,Constructors,"Write constructors, overload them, and chain with this(...).",CORE,STRONG,java-references,PRIMARY,Dev.java,Providing constructors,documentation,https://dev.java/learn/classes-objects/defining-constructors/,EXACT,ARTICLE_SECTION,,,10,defining-constructors,defining-constructors,10,MEDIUM,VERIFIED_COVERAGE,java-constructors-constructors;java-constructors-write-constructors-overload-them-and-cha,SELF_REFLECTION,2,LOCAL_IDE,local,6,,1d→3d→7d→14d→30d adaptive
Java,java-encapsulation,Encapsulation,java-encapsulation-core,Encapsulation,"Hide representation, protect invariants, and use accessors only when they earn their keep.",CORE,STRONG,java-constructors,PRIMARY,Dev.java,"More on classes (this, access control)",documentation,https://docs.oracle.com/javase/tutorial/java/javaOO/accesscontrol.html,EXACT,ARTICLE_SECTION,,,10,Controlling Access to Members of a Class,Controlling Access to Members of a Class,10,MEDIUM,VERIFIED_COVERAGE,java-encapsulation-encapsulation;java-encapsulation-hide-representation-protect-invariants-a,SELF_REFLECTION,2,LOCAL_IDE,local,6,,1d→3d→7d→14d→30d adaptive
Java,java-inheritance,Inheritance,java-inheritance-core,Inheritance,Extend a class with super/override and judge when composition is the better is-a vs has-a choice.,CORE,STRONG,java-encapsulation,PRIMARY,Dev.java,What is inheritance?,documentation,https://dev.java/learn/inheritance/what-is-inheritance/,EXACT,ARTICLE_SECTION,,,14,What is inheritance?,What is inheritance?,14,MEDIUM,VERIFIED_COVERAGE,java-inheritance-inheritance;java-inheritance-extend-a-class-with-super-override-and-j,SELF_REFLECTION,2,LOCAL_IDE,local,6,,1d→3d→7d→14d→30d adaptive
Java,java-polymorphism,Polymorphism,java-polymorphism-core,Polymorphism,Call overridden methods through a supertype and explain compile-time types vs runtime dispatch.,CORE,STRONG,java-inheritance,PRIMARY,Dev.java,Polymorphism,documentation,https://dev.java/learn/inheritance/polymorphism/,EXACT,ARTICLE_SECTION,,,11,Polymorphism,Polymorphism,11,MEDIUM,VERIFIED_COVERAGE,java-polymorphism-polymorphism;java-polymorphism-call-overridden-methods-through-a-supert,SELF_REFLECTION,2,LOCAL_IDE,local,6,,1d→3d→7d→14d→30d adaptive
Java,java-abstract-classes,Abstract classes,java-abstract-classes-core,Abstract classes,Declare abstract classes/methods and know when an interface is the better abstraction.,CORE,STRONG,java-polymorphism,PRIMARY,Dev.java,Abstract classes,documentation,https://dev.java/learn/inheritance/abstract-classes/,EXACT,ARTICLE_SECTION,,,11,abstract-classes,abstract-classes,11,MEDIUM,VERIFIED_COVERAGE,java-abstract-classes-abstract-classes;java-abstract-classes-declare-abstract-classes-methods-and-kno,SELF_REFLECTION,2,LOCAL_IDE,local,6,,1d→3d→7d→14d→30d adaptive
Java,java-interfaces,Interfaces,java-interfaces-core,Interfaces,"Define and implement interfaces, including default/static methods, for backend-style substitutions.",CORE,STRONG,java-abstract-classes,PRIMARY,Dev.java,Defining interfaces,documentation,https://dev.java/learn/interfaces/defining-interfaces/,EXACT,ARTICLE_SECTION,,,11,Defining interfaces,Defining interfaces,11,MEDIUM,VERIFIED_COVERAGE,java-interfaces-interfaces;java-interfaces-define-and-implement-interfaces-includin,SELF_REFLECTION,2,LOCAL_IDE,local,6,,1d→3d→7d→14d→30d adaptive
Java,java-composition,Composition,java-composition-core,Composition,Model has-a relationships with composition and keep UI/logic separated where it helps.,CORE,STRONG,java-interfaces,PRIMARY,Dev.java,Class design best practices,documentation,https://docs.oracle.com/javase/tutorial/java/javaOO/objectcreation.html,EXACT,ARTICLE_SECTION,,,12,Creating objects / composition via fields,Creating objects / composition via fields,12,MEDIUM,VERIFIED_COVERAGE,java-composition-composition;java-composition-model-has-a-relationships-with-compositi,SELF_REFLECTION,2,LOCAL_IDE,local,6,,1d→3d→7d→14d→30d adaptive
Java,java-try-catch,try/catch,java-try-catch-core,try/catch,Handle recoverable failures with try/catch/finally without swallowing everything.,CORE,STRONG,java-composition,PRIMARY,Dev.java,Catching and handling exceptions,documentation,https://dev.java/learn/exceptions/catching-handling/,EXACT,ARTICLE_SECTION,,,24,Catching and handling exceptions,Catching and handling exceptions,24,MEDIUM,VERIFIED_COVERAGE,java-try-catch-try-catch;java-try-catch-handle-recoverable-failures-with-try-cat,SELF_REFLECTION,2,LOCAL_IDE,local,6,,1d→3d→7d→14d→30d adaptive
Java,java-checked-unchecked,Checked and unchecked,java-checked-unchecked-core,Checked and unchecked,Distinguish checked vs unchecked exceptions and choose throws vs handle.,CORE,STRONG,java-try-catch,PRIMARY,Dev.java,What is an exception?,documentation,https://dev.java/learn/exceptions/what-is-an-exception/,EXACT,ARTICLE_SECTION,,,11,what-is-an-exception,what-is-an-exception,11,MEDIUM,VERIFIED_COVERAGE,java-checked-unchecked-checked-and-unchecked;java-checked-unchecked-distinguish-checked-vs-unchecked-excepti,SELF_REFLECTION,2,LOCAL_IDE,local,6,,1d→3d→7d→14d→30d adaptive
Java,java-custom-exceptions,Custom exceptions,java-custom-exceptions-core,Custom exceptions,Define a small domain exception and throw it at an invariant boundary.,CORE,STRONG,java-checked-unchecked,PRIMARY,Dev.java,Throwing exceptions,documentation,https://dev.java/learn/exceptions/throwing/,EXACT,ARTICLE_SECTION,,,16,throwing,throwing,16,MEDIUM,VERIFIED_COVERAGE,java-custom-exceptions-custom-exceptions;java-custom-exceptions-define-a-small-domain-exception-and-thro,SELF_REFLECTION,2,LOCAL_IDE,local,6,,1d→3d→7d→14d→30d adaptive
Java,java-list,List,java-list-core,List,Choose List implementations (usually ArrayList) and use them for ordered sequences.,CORE,STRONG,java-custom-exceptions,PRIMARY,Dev.java,List interface,documentation,https://dev.java/learn/api/collections-framework/lists/,EXACT,ARTICLE_SECTION,,,16,List interface,List interface,16,MEDIUM,VERIFIED_COVERAGE,java-list-list;java-list-choose-list-implementations-usually-arra,SELF_REFLECTION,3,LOCAL_IDE,local,6,,1d→3d→7d→14d→30d adaptive
Java,java-set,Set,java-set-core,Set,Use HashSet for uniqueness and membership tests.,CORE,STRONG,java-list,PRIMARY,Dev.java,"Set, SortedSet, NavigableSet",documentation,https://dev.java/learn/api/collections-framework/sets/,EXACT,ARTICLE_SECTION,,,11,Sets,Sets,11,MEDIUM,VERIFIED_COVERAGE,java-set-set;java-set-hashset-for-uniqueness-and-membership-te,SELF_REFLECTION,2,LOCAL_IDE,local,6,,1d→3d→7d→14d→30d adaptive
Java,java-map,Map,java-map-core,Map,"Use HashMap for lookups, frequency, and grouping.",CORE,STRONG,java-set,PRIMARY,Dev.java,Maps,documentation,https://docs.oracle.com/javase/tutorial/collections/interfaces/map.html,EXACT,ARTICLE_SECTION,,,22,Map interface,Map interface,22,MEDIUM,VERIFIED_COVERAGE,java-map-map;java-map-hashmap-for-lookups-frequency-and-groupi,SELF_REFLECTION,3,LOCAL_IDE,local,6,,1d→3d→7d→14d→30d adaptive
Java,java-iteration,Iteration,java-iteration-core,Iteration,Iterate with enhanced for and Iterator; know fail-fast behavior at a high level.,CORE,STRONG,java-map,PRIMARY,Dev.java,Iterating collections,documentation,https://dev.java/learn/api/collections-framework/iterating/,EXACT,ARTICLE_SECTION,,,11,iterating,iterating,11,MEDIUM,VERIFIED_COVERAGE,java-iteration-iteration;java-iteration-iterate-with-enhanced-for-and-iterator-k,SELF_REFLECTION,2,LOCAL_IDE,local,6,,1d→3d→7d→14d→30d adaptive
Java,java-priority-queue,PriorityQueue,java-priority-queue-core,PriorityQueue,Use PriorityQueue for ordered retrieval and connect it to Comparable/Comparator and heaps.,CORE,STRONG,java-iteration,PRIMARY,Dev.java,Stacks and queues,documentation,https://dev.java/learn/api/collections-framework/stacks-queues/,EXACT,ARTICLE_SECTION,,,13,stacks-queues,stacks-queues,13,MEDIUM,VERIFIED_COVERAGE,java-priority-queue-priorityqueue;java-priority-queue-priorityqueue-for-ordered-retrieval-and,SELF_REFLECTION,2,LOCAL_IDE,local,6,,1d→3d→7d→14d→30d adaptive
Java,java-generic-types,Generic types,java-generic-types-core,Generic types,Declare generic classes and methods for type-safe containers.,CORE,STRONG,java-priority-queue,PRIMARY,Dev.java,Generics intro,documentation,https://dev.java/learn/generics/intro/,EXACT,ARTICLE_SECTION,,,22,Generics intro,Generics intro,22,MEDIUM,VERIFIED_COVERAGE,java-generic-types-generic-types;java-generic-types-declare-generic-classes-and-methods-for,SELF_REFLECTION,2,LOCAL_IDE,local,6,,1d→3d→7d→14d→30d adaptive
Java,java-generic-bounds,Bounds,java-generic-bounds-core,Bounds,Read simple upper bounds and wildcards without becoming a generics lawyer.,CORE,STRONG,java-generic-types,PRIMARY,Dev.java,Wildcards,documentation,https://dev.java/learn/generics/wildcards/,EXACT,ARTICLE_SECTION,,,20,wildcards,wildcards,20,MEDIUM,VERIFIED_COVERAGE,java-generic-bounds-bounds;java-generic-bounds-read-simple-upper-bounds-and-wildcards-w,SELF_REFLECTION,2,LOCAL_IDE,local,6,,1d→3d→7d→14d→30d adaptive
Java,java-comparable-comparator,Comparable and Comparator,java-comparable-comparator-core,Comparable and Comparator,"Order objects with Comparable and Comparator, including multi-field and lambda comparators.",CORE,STRONG,java-generic-bounds,PRIMARY,Dev.java,Writing comparators (lambdas),documentation,https://dev.java/learn/lambdas/writing-comparators/,EXACT,ARTICLE_SECTION,,,15,Writing comparators (lambdas),Writing comparators (lambdas),15,MEDIUM,VERIFIED_COVERAGE,java-comparable-comparator-comparable-and-comparator;java-comparable-comparator-order-objects-with-comparable-and-compar,SELF_REFLECTION,2,LOCAL_IDE,local,6,,1d→3d→7d→14d→30d adaptive
Java,java-functional-interfaces,Functional interfaces,java-functional-interfaces-core,Functional interfaces,Identify a single-abstract-method interface and name the common java.util.function types.,CORE,STRONG,java-comparable-comparator,PRIMARY,Dev.java,Functional interfaces,documentation,https://dev.java/learn/lambdas/functional-interfaces/,EXACT,ARTICLE_SECTION,,,23,functional-interfaces,functional-interfaces,23,MEDIUM,VERIFIED_COVERAGE,java-functional-interfaces-functional-interfaces;java-functional-interfaces-identify-a-single-abstract-method-interf,SELF_REFLECTION,2,LOCAL_IDE,local,6,,1d→3d→7d→14d→30d adaptive
Java,java-lambdas,Lambdas,java-lambdas-core,Lambdas,Write lambdas and method references for callbacks and collection APIs.,CORE,STRONG,java-functional-interfaces,PRIMARY,Dev.java,First lambdas,documentation,https://dev.java/learn/lambdas/first-lambdas/,EXACT,ARTICLE_SECTION,,,19,first-lambdas,first-lambdas,19,MEDIUM,VERIFIED_COVERAGE,java-lambdas-lambdas;java-lambdas-write-lambdas-and-method-references-for,SELF_REFLECTION,2,LOCAL_IDE,local,6,,1d→3d→7d→14d→30d adaptive
Java,java-stream-pipeline,Stream pipeline,java-stream-pipeline-core,Stream pipeline,"Build a stream pipeline: source, intermediate ops, one terminal op.",CORE,STRONG,java-lambdas,PRIMARY,Dev.java,Stream API,documentation,https://dev.java/learn/api/streams/,EXACT,ARTICLE_SECTION,,,10,Stream API,Stream API,10,MEDIUM,VERIFIED_COVERAGE,java-stream-pipeline-stream-pipeline;java-stream-pipeline-a-stream-pipeline-source-intermediate-op,SELF_REFLECTION,2,LOCAL_IDE,local,6,,1d→3d→7d→14d→30d adaptive
Java,java-stream-operations,Common operations,java-stream-operations-core,Common operations,"Use map, filter, reduce, collect, grouping, and sorting on streams.",CORE,STRONG,java-stream-pipeline,PRIMARY,Dev.java,map / filter / reduce,documentation,https://dev.java/learn/api/streams/map-filter-reduce/,EXACT,ARTICLE_SECTION,,,21,map-filter-reduce,map-filter-reduce,21,MEDIUM,VERIFIED_COVERAGE,java-stream-operations-common-operations;java-stream-operations-map-filter-reduce-collect-grouping-and-s,SELF_REFLECTION,2,LOCAL_IDE,local,6,,1d→3d→7d→14d→30d adaptive
Java,java-paths-files,Paths and files,java-paths-files-core,Paths and files,"Use Path and Files for existence checks, reading, and writing text.",CORE,STRONG,java-stream-operations,PRIMARY,Dev.java,Java I/O — file system,documentation,https://dev.java/learn/java-io/file-system/,EXACT,ARTICLE_SECTION,,,10,file-system,file-system,10,MEDIUM,VERIFIED_COVERAGE,java-paths-files-paths-and-files;java-paths-files-path-and-files-for-existence-checks-read,SELF_REFLECTION,2,LOCAL_IDE,local,6,,1d→3d→7d→14d→30d adaptive
Java,java-readers-writers,Readers and writers,java-readers-writers-core,Readers and writers,Read and write character data with readers/writers and buffered I/O; contrast byte streams.,CORE,STRONG,java-paths-files,PRIMARY,Dev.java,Reading and writing,documentation,https://dev.java/learn/java-io/reading-writing/,EXACT,ARTICLE_SECTION,,,10,reading-writing,reading-writing,10,MEDIUM,VERIFIED_COVERAGE,java-readers-writers-readers-and-writers;java-readers-writers-read-and-write-character-data-with-reade,SELF_REFLECTION,2,LOCAL_IDE,local,6,,1d→3d→7d→14d→30d adaptive
Java,java-junit-basics,JUnit basics,java-junit-basics-core,JUnit basics,Run a JUnit test class and explain why tests exist.,CORE,STRONG,java-readers-writers,PRIMARY,University of Helsinki,Helsinki Part 6 — Introduction to testing,interactive_tutorial,https://java-programming.mooc.fi/part-6/3-introduction-to-testing/,EXACT,ARTICLE_SECTION,,,20,3-introduction-to-testing,3-introduction-to-testing,20,MEDIUM,VERIFIED_COVERAGE,java-junit-basics-junit-basics;java-junit-basics-run-a-junit-test-class-and-explain-why-t,SELF_REFLECTION,2,LOCAL_IDE,local,6,,1d→3d→7d→14d→30d adaptive
Java,java-assertions,Assertions,java-assertions-core,Assertions,"Use JUnit assertions for return values and thrown exceptions, including boundaries.",CORE,STRONG,java-junit-basics,PRIMARY,JUnit,JUnit 5 User Guide,documentation,https://junit.org/junit5/docs/current/user-guide/,EXACT,ARTICLE_SECTION,,,10,user-guide,user-guide,10,MEDIUM,VERIFIED_COVERAGE,java-assertions-assertions;java-assertions-junit-assertions-for-return-values-and-t,SELF_REFLECTION,2,LOCAL_IDE,local,6,,1d→3d→7d→14d→30d adaptive
Java,java-threads,Threads,java-threads-core,Threads,Start work on another thread (Runnable/Executor) and contrast process vs thread.,CORE,STRONG,java-assertions,PRIMARY,Oracle,Oracle concurrency tutorial,documentation,https://docs.oracle.com/javase/tutorial/essential/concurrency/,EXACT,ARTICLE_SECTION,,,10,concurrency,concurrency,10,MEDIUM,VERIFIED_COVERAGE,java-threads-threads;java-threads-start-work-on-another-thread-runnable-ex,SELF_REFLECTION,2,LOCAL_IDE,local,6,,1d→3d→7d→14d→30d adaptive
Java,java-synchronization-basics,Synchronization basics,java-synchronization-basics-core,Synchronization basics,Demonstrate a race and fix it with synchronized/locking; explain visibility at a high level.,CORE,STRONG,java-threads,PRIMARY,Oracle,Oracle concurrency tutorial,documentation,https://docs.oracle.com/javase/tutorial/essential/concurrency/,EXACT,ARTICLE_SECTION,,,10,concurrency,concurrency,10,MEDIUM,VERIFIED_COVERAGE,java-synchronization-basics-synchronization-basics;java-synchronization-basics-demonstrate-a-race-and-fix-it-with-synch,SELF_REFLECTION,2,LOCAL_IDE,local,6,,1d→3d→7d→14d→30d adaptive
Java,java-bytecode,Bytecode,java-bytecode-core,Bytecode,Explain .class as JVM bytecode and inspect it lightly with javap.,CORE,STRONG,java-synchronization-basics,PRIMARY,Dev.java,javap — Core JDK tools,documentation,https://dev.java/learn/jvm/tools/core/javap/,EXACT,ARTICLE_SECTION,,,10,javap,javap,10,MEDIUM,VERIFIED_COVERAGE,java-bytecode-bytecode;java-bytecode-class-as-jvm-bytecode-and-inspect-it-lig,SELF_REFLECTION,2,LOCAL_IDE,local,6,,1d→3d→7d→14d→30d adaptive
Java,java-memory-model-basics,Memory model basics,java-memory-model-basics-core,Memory model basics,Name heap vs stack at a Java programmer level and place objects vs frames.,CORE,STRONG,java-bytecode,PRIMARY,Oracle,JLS Chapter 17 — Threads and Locks,documentation,https://docs.oracle.com/javase/specs/jls/se21/html/jls-17.html,EXACT,ARTICLE_SECTION,,,63,Chapter 17,Chapter 17,63,MEDIUM,VERIFIED_COVERAGE,java-memory-model-basics-memory-model-basics;java-memory-model-basics-name-heap-vs-stack-at-a-java-programmer,SELF_REFLECTION,2,LOCAL_IDE,local,6,,1d→3d→7d→14d→30d adaptive
Java,java-gc-intro,Garbage collection intro,java-gc-intro-core,Garbage collection intro,Explain reachability and that GC reclaims unreachable objects.,CORE,STRONG,java-memory-model-basics,PRIMARY,Dev.java,Garbage collection overview,documentation,https://dev.java/learn/jvm/tool/garbage-collection/,EXACT,ARTICLE_SECTION,,,10,garbage-collection,garbage-collection,10,MEDIUM,VERIFIED_COVERAGE,java-gc-intro-garbage-collection-intro;java-gc-intro-reachability-and-that-gc-reclaims-unreac,SELF_REFLECTION,2,LOCAL_IDE,local,6,,1d→3d→7d→14d→30d adaptive
Java,java-packages,Packages,java-packages-core,Packages,Organize classes into packages and import them.,CORE,STRONG,java-gc-intro,PRIMARY,Dev.java,Packages,documentation,https://dev.java/learn/packages/,EXACT,ARTICLE_SECTION,,,17,Packages,Packages,17,MEDIUM,VERIFIED_COVERAGE,java-packages-packages;java-packages-organize-classes-into-packages-and-impor,SELF_REFLECTION,2,LOCAL_IDE,local,6,,1d→3d→7d→14d→30d adaptive
Java,java-api-hygiene,API hygiene,java-api-hygiene-core,API hygiene,"Ship a small tidy Java project: packages, build tool awareness, naming, tests, formatting, logging/debug.",CORE,STRONG,java-packages,PRIMARY,Dev.java,Class design best practices,documentation,https://docs.oracle.com/javase/tutorial/java/package/index.html,EXACT,ARTICLE_SECTION,,,10,Packages,Packages,10,MEDIUM,VERIFIED_COVERAGE,java-api-hygiene-api-hygiene;java-api-hygiene-ship-a-small-tidy-java-project-packages,SELF_REFLECTION,2,LOCAL_IDE,local,6,,1d→3d→7d→14d→30d adaptive
DSA & Algorithms,dsa-algorithmic-thinking,Algorithmic thinking,dsa-algorithmic-thinking-core,Algorithmic thinking,"Approach problems with input/output, invariants, and worked examples before coding.",CORE,STRONG,cf-time-complexity-intro;java-method-basics,PRIMARY,GeeksforGeeks,Learn: Algorithmic thinking,documentation,https://www.geeksforgeeks.org/what-is-an-algorithm-definition-types-complexity-examples/,EXACT,ARTICLE_SECTION,,,11,Algorithm definition,Algorithm definition,11,MEDIUM,VERIFIED_COVERAGE,dsa-algorithmic-thinking-algorithmic-thinking;dsa-algorithmic-thinking-approach-problems-with-input-output-inva,SELF_REFLECTION,4,LEETCODE,https://leetcode.com/tag/array/,6,,1d→3d→7d→14d→30d adaptive
DSA & Algorithms,dsa-big-o,Big-O notation,dsa-big-o-core,Big-O notation,Read and write simple big-O for loops and nested loops.,CORE,STRONG,dsa-algorithmic-thinking,PRIMARY,GeeksforGeeks,Learn: Big-O notation,documentation,https://www.geeksforgeeks.org/analysis-algorithms-big-o-analysis/,EXACT,ARTICLE_SECTION,,,15,Big-O analysis,Big-O analysis,15,MEDIUM,VERIFIED_COVERAGE,dsa-big-o-big-o-notation;dsa-big-o-read-and-write-simple-big-o-for-loops-an,SELF_REFLECTION,4,LEETCODE,https://leetcode.com/tag/array/,6,,1d→3d→7d→14d→30d adaptive
DSA & Algorithms,dsa-best-worst-average,"Best, worst, average",dsa-best-worst-average-core,"Best, worst, average","Distinguish best, worst, and average case; default to worst-case in interviews.",CORE,STRONG,dsa-big-o,PRIMARY,GeeksforGeeks,"Learn: Best, worst, average",documentation,https://www.geeksforgeeks.org/analysis-of-algorithms-set-2-asymptotic-analysis/,EXACT,ARTICLE_SECTION,,,19,Best/worst/average,Best/worst/average,19,MEDIUM,VERIFIED_COVERAGE,dsa-best-worst-average-best-worst-average;dsa-best-worst-average-distinguish-best-worst-and-average-case,SELF_REFLECTION,4,LEETCODE,https://leetcode.com/tag/array/,6,,1d→3d→7d→14d→30d adaptive
DSA & Algorithms,dsa-array-traversal,Array traversal,dsa-array-traversal-core,Array traversal,Scan an array in linear time without unnecessary copying.,CORE,STRONG,dsa-best-worst-average;java-arrays,PRIMARY,GeeksforGeeks,Learn: Array traversal,documentation,https://www.geeksforgeeks.org/array-data-structure-guide/,EXACT,ARTICLE_SECTION,,,10,Array traversal,Array traversal,10,MEDIUM,VERIFIED_COVERAGE,dsa-array-traversal-array-traversal;dsa-array-traversal-scan-an-array-in-linear-time-without-unn,ACTION_CHECKLIST,5,LEETCODE,https://leetcode.com/tag/array/,6,,1d→3d→7d→14d→30d adaptive
DSA & Algorithms,dsa-array-insert-delete,Insertion and deletion concepts,dsa-array-insert-delete-core,Insertion and deletion concepts,Explain insert/delete cost in contiguous arrays and dynamic arrays.,CORE,STRONG,dsa-array-traversal,PRIMARY,GeeksforGeeks,Learn: Insertion and deletion concepts,documentation,https://www.geeksforgeeks.org/array-data-structure-guide/,EXACT,ARTICLE_SECTION,,,10,Array insert and delete operations,Array insert and delete operations,10,MEDIUM,VERIFIED_COVERAGE,dsa-array-insert-delete-insertion-and-deletion-concepts;dsa-array-insert-delete-insert-delete-cost-in-contiguous-arrays,SELF_REFLECTION,4,LEETCODE,https://leetcode.com/tag/array/,6,,1d→3d→7d→14d→30d adaptive
DSA & Algorithms,dsa-prefix-sums,Prefix sums,dsa-prefix-sums-core,Prefix sums,Build and query prefix sums for range-sum in O(1) after O(n) preprocess.,CORE,STRONG,dsa-array-insert-delete,PRIMARY,GeeksforGeeks,Learn: Prefix sums,documentation,https://www.geeksforgeeks.org/prefix-sum-array-implementation-applications-competitive-programming/,EXACT,ARTICLE_SECTION,,,11,Prefix sum,Prefix sum,11,MEDIUM,VERIFIED_COVERAGE,dsa-prefix-sums-prefix-sums;dsa-prefix-sums-and-query-prefix-sums-for-range-sum-in-o,SELF_REFLECTION,4,LEETCODE,https://leetcode.com/tag/array/,6,,1d→3d→7d→14d→30d adaptive
DSA & Algorithms,dsa-array-frequency,Frequency counting,dsa-array-frequency-core,Frequency counting,Count values with a fixed-size array when alphabet is bounded.,CORE,STRONG,dsa-prefix-sums,PRIMARY,GeeksforGeeks,Learn: Frequency counting,documentation,https://www.geeksforgeeks.org/counting-frequencies-of-array-elements/,EXACT,ARTICLE_SECTION,,,24,Frequency counting,Frequency counting,24,MEDIUM,VERIFIED_COVERAGE,dsa-array-frequency-frequency-counting;dsa-array-frequency-count-values-with-a-fixed-size-array-whe,SELF_REFLECTION,4,LEETCODE,https://leetcode.com/tag/array/,6,,1d→3d→7d→14d→30d adaptive
DSA & Algorithms,dsa-array-patterns,Array patterns,dsa-array-patterns-core,Array patterns,Recognize in-place scans and bridge patterns toward two pointers.,CORE,STRONG,dsa-array-frequency,PRIMARY,GeeksforGeeks,Learn: Array patterns,documentation,https://www.geeksforgeeks.org/two-pointers-technique/,EXACT,ARTICLE_SECTION,,,23,Array patterns / two pointers,Array patterns / two pointers,23,MEDIUM,VERIFIED_COVERAGE,dsa-array-patterns-array-patterns;dsa-array-patterns-recognize-in-place-scans-and-bridge-patt,ACTION_CHECKLIST,5,LEETCODE,https://leetcode.com/tag/array/,6,,1d→3d→7d→14d→30d adaptive
DSA & Algorithms,dsa-string-manipulation,String manipulation,dsa-string-manipulation-core,String manipulation,Transform strings with clear index logic; treat as char sequences.,CORE,STRONG,dsa-array-patterns;java-strings,PRIMARY,GeeksforGeeks,Learn: String manipulation,documentation,https://www.geeksforgeeks.org/string-data-structure/,EXACT,ARTICLE_SECTION,,,10,String basics,String basics,10,MEDIUM,VERIFIED_COVERAGE,dsa-string-manipulation-string-manipulation;dsa-string-manipulation-transform-strings-with-clear-index-logic,ACTION_CHECKLIST,5,LEETCODE,https://leetcode.com/tag/string/,6,,1d→3d→7d→14d→30d adaptive
DSA & Algorithms,dsa-string-frequency,String frequency,dsa-string-frequency-core,String frequency,Count characters or tokens for anagram and frequency problems.,CORE,STRONG,dsa-string-manipulation,PRIMARY,GeeksforGeeks,Learn: String frequency,documentation,https://www.geeksforgeeks.org/string-data-structure/,EXACT,ARTICLE_SECTION,,,10,Strings,Strings,10,MEDIUM,VERIFIED_COVERAGE,dsa-string-frequency-string-frequency;dsa-string-frequency-count-characters-or-tokens-for-anagram-a,SELF_REFLECTION,4,LEETCODE,https://leetcode.com/tag/string/,6,,1d→3d→7d→14d→30d adaptive
DSA & Algorithms,dsa-character-processing,Character processing,dsa-character-processing-core,Character processing,"Classify and map characters: case, digits, ASCII offsets.",CORE,STRONG,dsa-string-frequency,PRIMARY,GeeksforGeeks,Learn: Character processing,documentation,https://www.geeksforgeeks.org/data-structures/,EXACT,ARTICLE_SECTION,,,20,Data structures overview,Data structures overview,20,MEDIUM,VERIFIED_COVERAGE,dsa-character-processing-character-processing;dsa-character-processing-classify-and-map-characters-case-digits,SELF_REFLECTION,4,LEETCODE,https://leetcode.com/tag/array/,6,,1d→3d→7d→14d→30d adaptive
DSA & Algorithms,dsa-string-patterns,String patterns,dsa-string-patterns-core,String patterns,Apply common string interview patterns as array-like problems.,CORE,STRONG,dsa-character-processing,PRIMARY,GeeksforGeeks,Learn: String patterns,documentation,https://www.geeksforgeeks.org/string-data-structure/,EXACT,ARTICLE_SECTION,,,10,Strings,Strings,10,MEDIUM,VERIFIED_COVERAGE,dsa-string-patterns-string-patterns;dsa-string-patterns-common-string-interview-patterns-as-arra,SELF_REFLECTION,4,LEETCODE,https://leetcode.com/tag/string/,6,,1d→3d→7d→14d→30d adaptive
DSA & Algorithms,dsa-hash-map,Hash map,dsa-hash-map-core,Hash map,Use HashMap for expected O(1) keyed lookup and counting.,CORE,STRONG,dsa-string-patterns;java-map;java-set,PRIMARY,GeeksforGeeks,Learn: Hash map,documentation,https://docs.oracle.com/javase/tutorial/collections/implementations/map.html,EXACT,ARTICLE_SECTION,,,10,Map implementations / HashMap,Map implementations / HashMap,10,MEDIUM,VERIFIED_COVERAGE,dsa-hash-map-hash-map;dsa-hash-map-hashmap-for-expected-o-1-keyed-lookup-an,ACTION_CHECKLIST,5,LEETCODE,https://leetcode.com/tag/hash-table/,6,,1d→3d→7d→14d→30d adaptive
DSA & Algorithms,dsa-hash-set,Hash set,dsa-hash-set-core,Hash set,Use HashSet for O(1) expected membership tests.,CORE,STRONG,dsa-hash-map,PRIMARY,GeeksforGeeks,Learn: Hash set,documentation,https://www.geeksforgeeks.org/hashset-in-java/,EXACT,ARTICLE_SECTION,,,13,HashSet,HashSet,13,MEDIUM,VERIFIED_COVERAGE,dsa-hash-set-hash-set;dsa-hash-set-hashset-for-o-1-expected-membership-test,SELF_REFLECTION,4,LEETCODE,https://leetcode.com/tag/hash-table/,6,,1d→3d→7d→14d→30d adaptive
DSA & Algorithms,dsa-frequency-maps,Frequency maps,dsa-frequency-maps-core,Frequency maps,Count with HashMap when alphabet is large or keys are non-char.,CORE,STRONG,dsa-hash-set,PRIMARY,GeeksforGeeks,Learn: Frequency maps,documentation,https://www.geeksforgeeks.org/data-structures/,EXACT,ARTICLE_SECTION,,,20,Data structures overview,Data structures overview,20,MEDIUM,VERIFIED_COVERAGE,dsa-frequency-maps-frequency-maps;dsa-frequency-maps-count-with-hashmap-when-alphabet-is-larg,SELF_REFLECTION,4,LEETCODE,https://leetcode.com/tag/hash-table/,6,,1d→3d→7d→14d→30d adaptive
DSA & Algorithms,dsa-lookup-patterns,Lookup patterns,dsa-lookup-patterns-core,Lookup patterns,"Apply complement lookup, seen-set, and index-map patterns.",CORE,STRONG,dsa-frequency-maps,PRIMARY,GeeksforGeeks,Learn: Lookup patterns,documentation,https://www.geeksforgeeks.org/check-if-pair-with-given-sum-exists-in-array/,EXACT,ARTICLE_SECTION,,,33,Pair with given sum / complement lookup,Pair with given sum / complement lookup,33,MEDIUM,VERIFIED_COVERAGE,dsa-lookup-patterns-lookup-patterns;dsa-lookup-patterns-complement-lookup-seen-set-and-index-map,SELF_REFLECTION,4,LEETCODE,https://leetcode.com/tag/array/,6,,1d→3d→7d→14d→30d adaptive
DSA & Algorithms,dsa-two-pointers-opposite,Opposite-direction pointers,dsa-two-pointers-opposite-core,Opposite-direction pointers,Move pointers from both ends on sorted or monotonic data.,CORE,STRONG,dsa-lookup-patterns;java-arrays,PRIMARY,GeeksforGeeks,Learn: Opposite-direction pointers,documentation,https://www.geeksforgeeks.org/two-pointers-technique/,EXACT,ARTICLE_SECTION,,,23,Two pointers,Two pointers,23,MEDIUM,VERIFIED_COVERAGE,dsa-two-pointers-opposite-opposite-direction-pointers;dsa-two-pointers-opposite-move-pointers-from-both-ends-on-sorted-o,SELF_REFLECTION,4,LEETCODE,https://leetcode.com/tag/two-pointers/,6,,1d→3d→7d→14d→30d adaptive
DSA & Algorithms,dsa-two-pointers-same,Same-direction pointers,dsa-two-pointers-same-core,Same-direction pointers,Advance read/write or slow/fast indexes in one direction.,CORE,STRONG,dsa-two-pointers-opposite,PRIMARY,GeeksforGeeks,Learn: Same-direction pointers,documentation,https://www.geeksforgeeks.org/two-pointers-technique/,EXACT,ARTICLE_SECTION,,,23,Two pointers,Two pointers,23,MEDIUM,VERIFIED_COVERAGE,dsa-two-pointers-same-same-direction-pointers;dsa-two-pointers-same-advance-read-write-or-slow-fast-indexes,SELF_REFLECTION,4,LEETCODE,https://leetcode.com/tag/two-pointers/,6,,1d→3d→7d→14d→30d adaptive
DSA & Algorithms,dsa-two-pointers-partition,Partition-style patterns,dsa-two-pointers-partition-core,Partition-style patterns,Partition arrays around a pivot or multi-way condition.,CORE,STRONG,dsa-two-pointers-same,PRIMARY,GeeksforGeeks,Learn: Partition-style patterns,documentation,https://www.geeksforgeeks.org/two-pointers-technique/,EXACT,ARTICLE_SECTION,,,23,Two pointers,Two pointers,23,MEDIUM,VERIFIED_COVERAGE,dsa-two-pointers-partition-partition-style-patterns;dsa-two-pointers-partition-partition-arrays-around-a-pivot-or-multi,SELF_REFLECTION,4,LEETCODE,https://leetcode.com/tag/two-pointers/,6,,1d→3d→7d→14d→30d adaptive
DSA & Algorithms,dsa-window-fixed,Fixed window,dsa-window-fixed-core,Fixed window,Maintain a window of fixed length k while scanning.,CORE,STRONG,dsa-two-pointers-partition;java-arrays;java-map,PRIMARY,GeeksforGeeks,Learn: Fixed window,documentation,https://www.geeksforgeeks.org/data-structures/,EXACT,ARTICLE_SECTION,,,20,Data structures overview,Data structures overview,20,MEDIUM,VERIFIED_COVERAGE,dsa-window-fixed-fixed-window;dsa-window-fixed-maintain-a-window-of-fixed-length-k-whil,SELF_REFLECTION,4,LEETCODE,https://leetcode.com/tag/array/,6,,1d→3d→7d→14d→30d adaptive
DSA & Algorithms,dsa-window-variable,Variable window,dsa-window-variable-core,Variable window,Grow and shrink window to satisfy at-most / at-least constraints.,CORE,STRONG,dsa-window-fixed,PRIMARY,GeeksforGeeks,Learn: Variable window,documentation,https://www.geeksforgeeks.org/data-structures/,EXACT,ARTICLE_SECTION,,,20,Data structures overview,Data structures overview,20,MEDIUM,VERIFIED_COVERAGE,dsa-window-variable-variable-window;dsa-window-variable-grow-and-shrink-window-to-satisfy-at-mos,SELF_REFLECTION,4,LEETCODE,https://leetcode.com/tag/array/,6,,1d→3d→7d→14d→30d adaptive
DSA & Algorithms,dsa-window-frequency,Frequency window state,dsa-window-frequency-core,Frequency window state,Track counts or distinct values inside a sliding window.,CORE,STRONG,dsa-window-variable,PRIMARY,GeeksforGeeks,Learn: Frequency window state,documentation,https://www.geeksforgeeks.org/data-structures/,EXACT,ARTICLE_SECTION,,,20,Data structures overview,Data structures overview,20,MEDIUM,VERIFIED_COVERAGE,dsa-window-frequency-frequency-window-state;dsa-window-frequency-track-counts-or-distinct-values-inside-a,SELF_REFLECTION,4,LEETCODE,https://leetcode.com/tag/array/,6,,1d→3d→7d→14d→30d adaptive
DSA & Algorithms,dsa-singly-linked-list,Singly linked list,dsa-singly-linked-list-core,Singly linked list,Represent a singly linked list with Node references.,CORE,STRONG,dsa-window-frequency;java-classes-objects;java-references,PRIMARY,GeeksforGeeks,Learn: Singly linked list,documentation,https://www.geeksforgeeks.org/linked-list-set-1-introduction/,EXACT,ARTICLE_SECTION,,,10,Singly linked list introduction,Singly linked list introduction,10,MEDIUM,VERIFIED_COVERAGE,dsa-singly-linked-list-singly-linked-list;dsa-singly-linked-list-represent-a-singly-linked-list-with-node,ACTION_CHECKLIST,5,LEETCODE,https://leetcode.com/tag/linked-list/,6,,1d→3d→7d→14d→30d adaptive
DSA & Algorithms,dsa-list-operations,List operations,dsa-list-operations-core,List operations,"Insert, delete, and find by walking next pointers.",CORE,STRONG,dsa-singly-linked-list,PRIMARY,GeeksforGeeks,Learn: List operations,documentation,https://www.geeksforgeeks.org/data-structures/,EXACT,ARTICLE_SECTION,,,20,Data structures overview,Data structures overview,20,MEDIUM,VERIFIED_COVERAGE,dsa-list-operations-list-operations;dsa-list-operations-insert-delete-and-find-by-walking-next-p,SELF_REFLECTION,4,LEETCODE,https://leetcode.com/tag/array/,6,,1d→3d→7d→14d→30d adaptive
DSA & Algorithms,dsa-list-reversal,Reversal,dsa-list-reversal-core,Reversal,Reverse a singly linked list iteratively in O(n) O(1).,CORE,STRONG,dsa-list-operations,PRIMARY,GeeksforGeeks,Learn: Reversal,documentation,https://www.geeksforgeeks.org/data-structures/,EXACT,ARTICLE_SECTION,,,20,Data structures overview,Data structures overview,20,MEDIUM,VERIFIED_COVERAGE,dsa-list-reversal-reversal;dsa-list-reversal-reverse-a-singly-linked-list-iteratively,SELF_REFLECTION,4,LEETCODE,https://leetcode.com/tag/array/,6,,1d→3d→7d→14d→30d adaptive
DSA & Algorithms,dsa-fast-slow,Fast and slow pointers,dsa-fast-slow-core,Fast and slow pointers,Use slow (+1) and fast (+2) pointers on linked lists.,CORE,STRONG,dsa-list-reversal,PRIMARY,GeeksforGeeks,Learn: Fast and slow pointers,documentation,https://www.geeksforgeeks.org/data-structures/,EXACT,ARTICLE_SECTION,,,20,Data structures overview,Data structures overview,20,MEDIUM,VERIFIED_COVERAGE,dsa-fast-slow-fast-and-slow-pointers;dsa-fast-slow-slow-1-and-fast-2-pointers-on-linked-lis,SELF_REFLECTION,4,LEETCODE,https://leetcode.com/tag/array/,6,,1d→3d→7d→14d→30d adaptive
DSA & Algorithms,dsa-cycle-detection,Cycle detection,dsa-cycle-detection-core,Cycle detection,Detect a cycle with Floyd's fast/slow algorithm.,CORE,STRONG,dsa-fast-slow,PRIMARY,GeeksforGeeks,Learn: Cycle detection,documentation,https://www.geeksforgeeks.org/data-structures/,EXACT,ARTICLE_SECTION,,,20,Data structures overview,Data structures overview,20,MEDIUM,VERIFIED_COVERAGE,dsa-cycle-detection-cycle-detection;dsa-cycle-detection-detect-a-cycle-with-floyd-s-fast-slow-al,SELF_REFLECTION,4,LEETCODE,https://leetcode.com/tag/array/,6,,1d→3d→7d→14d→30d adaptive
DSA & Algorithms,dsa-list-merge,Merge patterns,dsa-list-merge-core,Merge patterns,Merge two sorted lists and apply merge patterns.,CORE,STRONG,dsa-cycle-detection,PRIMARY,GeeksforGeeks,Learn: Merge patterns,documentation,https://www.geeksforgeeks.org/data-structures/,EXACT,ARTICLE_SECTION,,,20,Data structures overview,Data structures overview,20,MEDIUM,VERIFIED_COVERAGE,dsa-list-merge-merge-patterns;dsa-list-merge-merge-two-sorted-lists-and-apply-merge-p,SELF_REFLECTION,4,LEETCODE,https://leetcode.com/tag/array/,6,,1d→3d→7d→14d→30d adaptive
DSA & Algorithms,dsa-stack-fundamentals,Stack fundamentals,dsa-stack-fundamentals-core,Stack fundamentals,Use LIFO for matching and nested structure.,CORE,STRONG,dsa-list-merge;java-classes-objects;java-references;java-list,PRIMARY,GeeksforGeeks,Learn: Stack fundamentals,documentation,https://www.geeksforgeeks.org/stack-data-structure/,EXACT,ARTICLE_SECTION,,,10,Stack,Stack,10,MEDIUM,VERIFIED_COVERAGE,dsa-stack-fundamentals-stack-fundamentals;dsa-stack-fundamentals-lifo-for-matching-and-nested-structure,ACTION_CHECKLIST,4,LEETCODE,https://leetcode.com/tag/stack/,6,,1d→3d→7d→14d→30d adaptive
DSA & Algorithms,dsa-monotonic-stack,Monotonic stack,dsa-monotonic-stack-core,Monotonic stack,Maintain an increasing or decreasing stack.,CORE,STRONG,dsa-stack-fundamentals,PRIMARY,GeeksforGeeks,Learn: Monotonic stack,documentation,https://www.geeksforgeeks.org/stack-data-structure/,EXACT,ARTICLE_SECTION,,,10,Stack,Stack,10,MEDIUM,VERIFIED_COVERAGE,dsa-monotonic-stack-monotonic-stack;dsa-monotonic-stack-maintain-an-increasing-or-decreasing-sta,SELF_REFLECTION,4,LEETCODE,https://leetcode.com/tag/stack/,6,,1d→3d→7d→14d→30d adaptive
DSA & Algorithms,dsa-queue-deque,Queue and deque,dsa-queue-deque-core,Queue and deque,Use FIFO and double-ended queues.,CORE,STRONG,dsa-monotonic-stack;java-classes-objects;java-references;java-list,PRIMARY,GeeksforGeeks,Learn: Queue and deque,documentation,https://www.geeksforgeeks.org/queue-data-structure/,EXACT,ARTICLE_SECTION,,,10,Queue,Queue,10,MEDIUM,VERIFIED_COVERAGE,dsa-queue-deque-queue-and-deque;dsa-queue-deque-fifo-and-double-ended-queues,ACTION_CHECKLIST,3,LEETCODE,https://leetcode.com/tag/queue/,6,,1d→3d→7d→14d→30d adaptive
DSA & Algorithms,dsa-queue-bfs-relationship,BFS relationship,dsa-queue-bfs-relationship-core,BFS relationship,Explain why BFS uses a queue.,CORE,STRONG,dsa-queue-deque,PRIMARY,GeeksforGeeks,Learn: BFS relationship,documentation,https://www.geeksforgeeks.org/queue-data-structure/,EXACT,ARTICLE_SECTION,,,10,Queue,Queue,10,MEDIUM,VERIFIED_COVERAGE,dsa-queue-bfs-relationship-bfs-relationship;dsa-queue-bfs-relationship-why-bfs-uses-a-queue,SELF_REFLECTION,3,LEETCODE,https://leetcode.com/tag/queue/,6,,1d→3d→7d→14d→30d adaptive
DSA & Algorithms,dsa-recursion-model,Recursion model,dsa-recursion-model-core,Recursion model,Write recursive functions with a clear base case.,CORE,STRONG,dsa-queue-bfs-relationship;java-method-basics,PRIMARY,GeeksforGeeks,Learn: Recursion model,documentation,https://www.geeksforgeeks.org/introduction-to-recursion-data-structure-and-algorithm-tutorials/,EXACT,ARTICLE_SECTION,,,26,Recursion,Recursion,26,MEDIUM,VERIFIED_COVERAGE,dsa-recursion-model-recursion-model;dsa-recursion-model-write-recursive-functions-with-a-clear-b,ACTION_CHECKLIST,4,LEETCODE,https://leetcode.com/tag/recursion/,6,,1d→3d→7d→14d→30d adaptive
DSA & Algorithms,dsa-call-stack,Call stack,dsa-call-stack-core,Call stack,Trace frames on the call stack.,CORE,STRONG,dsa-recursion-model,PRIMARY,GeeksforGeeks,Learn: Call stack,documentation,https://www.geeksforgeeks.org/stack-data-structure/,EXACT,ARTICLE_SECTION,,,10,Stack,Stack,10,MEDIUM,VERIFIED_COVERAGE,dsa-call-stack-call-stack;dsa-call-stack-trace-frames-on-the-call-stack,SELF_REFLECTION,4,LEETCODE,https://leetcode.com/tag/stack/,6,,1d→3d→7d→14d→30d adaptive
DSA & Algorithms,dsa-recursive-trees,Recursive tree problems,dsa-recursive-trees-core,Recursive tree problems,Recurse on a branching structure.,CORE,STRONG,dsa-call-stack,PRIMARY,GeeksforGeeks,Learn: Recursive tree problems,documentation,https://www.geeksforgeeks.org/binary-tree-data-structure/,EXACT,ARTICLE_SECTION,,,10,Trees,Trees,10,MEDIUM,VERIFIED_COVERAGE,dsa-recursive-trees-recursive-tree-problems;dsa-recursive-trees-recurse-on-a-branching-structure,SELF_REFLECTION,5,LEETCODE,https://leetcode.com/tag/tree/,6,,1d→3d→7d→14d→30d adaptive
DSA & Algorithms,dsa-recursion-to-iteration,Recursion to iteration,dsa-recursion-to-iteration-core,Recursion to iteration,Rewrite simple recursion as a loop or explicit stack.,CORE,STRONG,dsa-recursive-trees,PRIMARY,GeeksforGeeks,Learn: Recursion to iteration,documentation,https://www.geeksforgeeks.org/introduction-to-recursion-data-structure-and-algorithm-tutorials/,EXACT,ARTICLE_SECTION,,,26,Recursion,Recursion,26,MEDIUM,VERIFIED_COVERAGE,dsa-recursion-to-iteration-recursion-to-iteration;dsa-recursion-to-iteration-rewrite-simple-recursion-as-a-loop-or-ex,SELF_REFLECTION,4,LEETCODE,https://leetcode.com/tag/array/,6,,1d→3d→7d→14d→30d adaptive
DSA & Algorithms,dsa-subsets,Subsets,dsa-subsets-core,Subsets,Generate subsets by choose/skip.,CORE,STRONG,dsa-recursion-to-iteration,PRIMARY,GeeksforGeeks,Learn: Subsets,documentation,https://www.geeksforgeeks.org/data-structures/,EXACT,ARTICLE_SECTION,,,20,Data structures overview,Data structures overview,20,MEDIUM,VERIFIED_COVERAGE,dsa-subsets-subsets;dsa-subsets-generate-subsets-by-choose-skip,SELF_REFLECTION,4,LEETCODE,https://leetcode.com/tag/array/,6,,1d→3d→7d→14d→30d adaptive
DSA & Algorithms,dsa-permutations,Permutations,dsa-permutations-core,Permutations,Generate permutations by swapping or used-flags.,CORE,STRONG,dsa-subsets,PRIMARY,GeeksforGeeks,Learn: Permutations,documentation,https://www.geeksforgeeks.org/write-a-c-program-to-print-all-permutations-of-a-given-string/,EXACT,ARTICLE_SECTION,,,12,Print all permutations,Print all permutations,12,MEDIUM,VERIFIED_COVERAGE,dsa-permutations-permutations;dsa-permutations-generate-permutations-by-swapping-or-use,SELF_REFLECTION,4,LEETCODE,https://leetcode.com/tag/array/,6,,1d→3d→7d→14d→30d adaptive
DSA & Algorithms,dsa-combinations,Combinations,dsa-combinations-core,Combinations,Generate combinations with an index cursor.,CORE,STRONG,dsa-permutations,PRIMARY,GeeksforGeeks,Learn: Combinations,documentation,https://www.geeksforgeeks.org/data-structures/,EXACT,ARTICLE_SECTION,,,20,Data structures overview,Data structures overview,20,MEDIUM,VERIFIED_COVERAGE,dsa-combinations-combinations;dsa-combinations-generate-combinations-with-an-index-curs,SELF_REFLECTION,4,LEETCODE,https://leetcode.com/tag/array/,6,,1d→3d→7d→14d→30d adaptive
DSA & Algorithms,dsa-constraint-search,Constraint search,dsa-constraint-search-core,Constraint search,Prune when a partial assignment cannot work.,CORE,STRONG,dsa-combinations,PRIMARY,GeeksforGeeks,Learn: Constraint search,documentation,https://www.geeksforgeeks.org/binary-search/,EXACT,ARTICLE_SECTION,,,26,Binary search,Binary search,26,MEDIUM,VERIFIED_COVERAGE,dsa-constraint-search-constraint-search;dsa-constraint-search-prune-when-a-partial-assignment-cannot-w,SELF_REFLECTION,4,LEETCODE,https://leetcode.com/tag/array/,6,,1d→3d→7d→14d→30d adaptive
DSA & Algorithms,dsa-bubble-sort,Bubble sort,dsa-bubble-sort-core,Bubble sort,Explain bubble sort and its cost.,CORE,STRONG,dsa-constraint-search;java-arrays,PRIMARY,GeeksforGeeks,Learn: Bubble sort,documentation,https://www.geeksforgeeks.org/bubble-sort/,EXACT,ARTICLE_SECTION,,,16,Bubble sort,Bubble sort,16,MEDIUM,VERIFIED_COVERAGE,dsa-bubble-sort-bubble-sort;dsa-bubble-sort-bubble-sort-and-its-cost,SELF_REFLECTION,4,LEETCODE,https://leetcode.com/tag/sorting/,6,,1d→3d→7d→14d→30d adaptive
DSA & Algorithms,dsa-selection-sort,Selection sort,dsa-selection-sort-core,Selection sort,Explain selection sort and its cost.,CORE,STRONG,dsa-bubble-sort,PRIMARY,GeeksforGeeks,Learn: Selection sort,documentation,https://www.geeksforgeeks.org/selection-sort/,EXACT,ARTICLE_SECTION,,,17,Selection sort,Selection sort,17,MEDIUM,VERIFIED_COVERAGE,dsa-selection-sort-selection-sort;dsa-selection-sort-selection-sort-and-its-cost,SELF_REFLECTION,4,LEETCODE,https://leetcode.com/tag/sorting/,6,,1d→3d→7d→14d→30d adaptive
DSA & Algorithms,dsa-insertion-sort,Insertion sort,dsa-insertion-sort-core,Insertion sort,Explain insertion sort and when it is useful.,CORE,STRONG,dsa-selection-sort,PRIMARY,GeeksforGeeks,Learn: Insertion sort,documentation,https://www.geeksforgeeks.org/insertion-sort/,EXACT,ARTICLE_SECTION,,,17,Insertion sort,Insertion sort,17,MEDIUM,VERIFIED_COVERAGE,dsa-insertion-sort-insertion-sort;dsa-insertion-sort-insertion-sort-and-when-it-is-useful,SELF_REFLECTION,4,LEETCODE,https://leetcode.com/tag/sorting/,6,,1d→3d→7d→14d→30d adaptive
DSA & Algorithms,dsa-merge-sort,Merge sort,dsa-merge-sort-core,Merge sort,Explain divide-and-conquer merge sort.,CORE,STRONG,dsa-insertion-sort,PRIMARY,GeeksforGeeks,Learn: Merge sort,documentation,https://www.geeksforgeeks.org/merge-sort/,EXACT,ARTICLE_SECTION,,,23,Merge sort,Merge sort,23,MEDIUM,VERIFIED_COVERAGE,dsa-merge-sort-merge-sort;dsa-merge-sort-divide-and-conquer-merge-sort,SELF_REFLECTION,4,LEETCODE,https://leetcode.com/tag/sorting/,6,,1d→3d→7d→14d→30d adaptive
DSA & Algorithms,dsa-quick-sort,Quick sort,dsa-quick-sort-core,Quick sort,Explain quicksort and pivot partitioning.,CORE,STRONG,dsa-merge-sort,PRIMARY,GeeksforGeeks,Learn: Quick sort,documentation,https://www.geeksforgeeks.org/quick-sort/,EXACT,ARTICLE_SECTION,,,22,Quick sort,Quick sort,22,MEDIUM,VERIFIED_COVERAGE,dsa-quick-sort-quick-sort;dsa-quick-sort-quicksort-and-pivot-partitioning,SELF_REFLECTION,4,LEETCODE,https://leetcode.com/tag/sorting/,6,,1d→3d→7d→14d→30d adaptive
DSA & Algorithms,dsa-heap-sort,Heap sort,dsa-heap-sort-core,Heap sort,Explain heapsort at a conceptual level.,CORE,STRONG,dsa-quick-sort,PRIMARY,GeeksforGeeks,Learn: Heap sort,documentation,https://www.geeksforgeeks.org/heap-sort/,EXACT,ARTICLE_SECTION,,,20,Heap sort,Heap sort,20,MEDIUM,VERIFIED_COVERAGE,dsa-heap-sort-heap-sort;dsa-heap-sort-heapsort-at-a-conceptual-level,SELF_REFLECTION,4,LEETCODE,https://leetcode.com/tag/heap-priority-queue/,6,,1d→3d→7d→14d→30d adaptive
DSA & Algorithms,dsa-counting-radix,Counting and radix concepts,dsa-counting-radix-core,Counting and radix concepts,Explain non-comparison sorts at V1 depth.,CORE,STRONG,dsa-heap-sort,PRIMARY,GeeksforGeeks,Learn: Counting and radix concepts,documentation,https://www.geeksforgeeks.org/radix-sort/,EXACT,ARTICLE_SECTION,,,29,Radix sort,Radix sort,29,MEDIUM,VERIFIED_COVERAGE,dsa-counting-radix-counting-and-radix-concepts;dsa-counting-radix-non-comparison-sorts-at-v1-depth,SELF_REFLECTION,4,LEETCODE,https://leetcode.com/tag/array/,6,,1d→3d→7d→14d→30d adaptive
DSA & Algorithms,dsa-sort-stability,Stability,dsa-sort-stability-core,Stability,Define stable sorting.,CORE,STRONG,dsa-counting-radix,PRIMARY,GeeksforGeeks,Learn: Stability,documentation,https://www.geeksforgeeks.org/sorting-algorithms/,EXACT,ARTICLE_SECTION,,,10,Sorting,Sorting,10,MEDIUM,VERIFIED_COVERAGE,dsa-sort-stability-stability;dsa-sort-stability-define-stable-sorting,SELF_REFLECTION,4,LEETCODE,https://leetcode.com/tag/sorting/,6,,1d→3d→7d→14d→30d adaptive
DSA & Algorithms,dsa-sort-complexity,Complexity comparison,dsa-sort-complexity-core,Complexity comparison,"Compare common sorts by time, space, and stability.",CORE,STRONG,dsa-sort-stability,PRIMARY,GeeksforGeeks,Learn: Complexity comparison,documentation,https://www.geeksforgeeks.org/time-complexities-of-all-sorting-algorithms/,EXACT,ARTICLE_SECTION,,,10,Time complexities of sorting algorithms,Time complexities of sorting algorithms,10,MEDIUM,VERIFIED_COVERAGE,dsa-sort-complexity-complexity-comparison;dsa-sort-complexity-compare-common-sorts-by-time-space-and-s,SELF_REFLECTION,4,LEETCODE,https://leetcode.com/tag/sorting/,6,,1d→3d→7d→14d→30d adaptive
DSA & Algorithms,dsa-binary-search-classic,Classic search,dsa-binary-search-classic-core,Classic search,Search a sorted array.,CORE,STRONG,dsa-sort-complexity;java-arrays,PRIMARY,GeeksforGeeks,Learn: Classic search,documentation,https://www.geeksforgeeks.org/binary-search/,EXACT,ARTICLE_SECTION,,,26,Binary search,Binary search,26,MEDIUM,VERIFIED_COVERAGE,dsa-binary-search-classic-classic-search;dsa-binary-search-classic-search-a-sorted-array,ACTION_CHECKLIST,7,LEETCODE,https://leetcode.com/tag/binary-search/,6,,1d→3d→7d→14d→30d adaptive
DSA & Algorithms,dsa-binary-search-boundaries,Boundaries,dsa-binary-search-boundaries-core,Boundaries,Get low/high updates right.,CORE,STRONG,dsa-binary-search-classic,PRIMARY,GeeksforGeeks,Learn: Boundaries,documentation,https://www.geeksforgeeks.org/binary-search/,EXACT,ARTICLE_SECTION,,,26,Binary search bounds / low-high updates,Binary search bounds / low-high updates,26,MEDIUM,VERIFIED_COVERAGE,dsa-binary-search-boundaries-boundaries;dsa-binary-search-boundaries-get-low-high-updates-right,ACTION_CHECKLIST,5,LEETCODE,https://leetcode.com/tag/binary-search/,6,,1d→3d→7d→14d→30d adaptive
DSA & Algorithms,dsa-first-last-occurrence,First and last occurrence,dsa-first-last-occurrence-core,First and last occurrence,Find leftmost or rightmost match.,CORE,STRONG,dsa-binary-search-boundaries,PRIMARY,GeeksforGeeks,Learn: First and last occurrence,documentation,https://www.geeksforgeeks.org/data-structures/,EXACT,ARTICLE_SECTION,,,20,Data structures overview,Data structures overview,20,MEDIUM,VERIFIED_COVERAGE,dsa-first-last-occurrence-first-and-last-occurrence;dsa-first-last-occurrence-find-leftmost-or-rightmost-match,SELF_REFLECTION,4,LEETCODE,https://leetcode.com/tag/array/,6,,1d→3d→7d→14d→30d adaptive
DSA & Algorithms,dsa-search-on-answer,Search on the answer,dsa-search-on-answer-core,Search on the answer,Binary search a monotonic predicate.,CORE,STRONG,dsa-first-last-occurrence,PRIMARY,GeeksforGeeks,Learn: Search on the answer,documentation,https://www.geeksforgeeks.org/binary-search/,EXACT,ARTICLE_SECTION,,,26,Binary search,Binary search,26,MEDIUM,VERIFIED_COVERAGE,dsa-search-on-answer-search-on-the-answer;dsa-search-on-answer-binary-search-a-monotonic-predicate,SELF_REFLECTION,4,LEETCODE,https://leetcode.com/tag/array/,6,,1d→3d→7d→14d→30d adaptive
DSA & Algorithms,dsa-rotated-arrays,Rotated arrays,dsa-rotated-arrays-core,Rotated arrays,Search in a rotated sorted array.,CORE,STRONG,dsa-search-on-answer,PRIMARY,GeeksforGeeks,Learn: Rotated arrays,documentation,https://www.geeksforgeeks.org/array-data-structure-guide/,EXACT,ARTICLE_SECTION,,,10,Arrays,Arrays,10,MEDIUM,VERIFIED_COVERAGE,dsa-rotated-arrays-rotated-arrays;dsa-rotated-arrays-search-in-a-rotated-sorted-array,SELF_REFLECTION,4,LEETCODE,https://leetcode.com/tag/array/,6,,1d→3d→7d→14d→30d adaptive
DSA & Algorithms,dsa-tree-terminology,Tree terminology,dsa-tree-terminology-core,Tree terminology,"Use root, child, parent, leaf, depth, and height correctly before writing tree code.",CORE,STRONG,dsa-rotated-arrays;java-classes-objects;java-references,PRIMARY,GeeksforGeeks,Learn: Tree terminology,documentation,https://www.geeksforgeeks.org/binary-tree-data-structure/,EXACT,ARTICLE_SECTION,,,10,Trees,Trees,10,MEDIUM,VERIFIED_COVERAGE,dsa-tree-terminology-tree-terminology;dsa-tree-terminology-root-child-parent-leaf-depth-and-height,SELF_REFLECTION,5,LEETCODE,https://leetcode.com/tag/tree/,6,,1d→3d→7d→14d→30d adaptive
DSA & Algorithms,dsa-binary-trees,Binary trees,dsa-binary-trees-core,Binary trees,Represent a binary tree with a Java node class using left/right references.,CORE,STRONG,dsa-tree-terminology,PRIMARY,GeeksforGeeks,Learn: Binary trees,documentation,https://www.geeksforgeeks.org/binary-tree-data-structure/,EXACT,ARTICLE_SECTION,,,10,Binary tree,Binary tree,10,MEDIUM,VERIFIED_COVERAGE,dsa-binary-trees-binary-trees;dsa-binary-trees-represent-a-binary-tree-with-a-java-node,ACTION_CHECKLIST,6,LEETCODE,https://leetcode.com/tag/tree/,6,,1d→3d→7d→14d→30d adaptive
DSA & Algorithms,dsa-tree-dfs,DFS traversals,dsa-tree-dfs-core,DFS traversals,"Perform preorder, inorder, and postorder DFS on a binary tree.",CORE,STRONG,dsa-binary-trees,PRIMARY,GeeksforGeeks,Learn: DFS traversals,documentation,https://www.geeksforgeeks.org/binary-tree-data-structure/,EXACT,ARTICLE_SECTION,,,10,Trees,Trees,10,MEDIUM,VERIFIED_COVERAGE,dsa-tree-dfs-dfs-traversals;dsa-tree-dfs-perform-preorder-inorder-and-postorder-d,SELF_REFLECTION,5,LEETCODE,https://leetcode.com/tag/tree/,6,,1d→3d→7d→14d→30d adaptive
DSA & Algorithms,dsa-tree-bfs,BFS / level order,dsa-tree-bfs-core,BFS / level order,Traverse a binary tree level by level with a queue.,CORE,STRONG,dsa-tree-dfs,PRIMARY,GeeksforGeeks,Learn: BFS / level order,documentation,https://www.geeksforgeeks.org/binary-tree-data-structure/,EXACT,ARTICLE_SECTION,,,10,Trees,Trees,10,MEDIUM,VERIFIED_COVERAGE,dsa-tree-bfs-bfs-level-order;dsa-tree-bfs-traverse-a-binary-tree-level-by-level-wi,SELF_REFLECTION,5,LEETCODE,https://leetcode.com/tag/tree/,6,,1d→3d→7d→14d→30d adaptive
DSA & Algorithms,dsa-tree-height,Height and depth,dsa-tree-height-core,Height and depth,Compute height and depth recursively and reason about balanced vs skewed trees.,CORE,STRONG,dsa-tree-bfs,PRIMARY,GeeksforGeeks,Learn: Height and depth,documentation,https://www.geeksforgeeks.org/binary-tree-data-structure/,EXACT,ARTICLE_SECTION,,,10,Trees,Trees,10,MEDIUM,VERIFIED_COVERAGE,dsa-tree-height-height-and-depth;dsa-tree-height-compute-height-and-depth-recursively-and,SELF_REFLECTION,5,LEETCODE,https://leetcode.com/tag/tree/,6,,1d→3d→7d→14d→30d adaptive
DSA & Algorithms,dsa-tree-paths,Path problems,dsa-tree-paths-core,Path problems,Accumulate values along root-to-leaf or node-to-node paths with DFS backtracking.,CORE,STRONG,dsa-tree-height,PRIMARY,GeeksforGeeks,Learn: Path problems,documentation,https://www.geeksforgeeks.org/binary-tree-data-structure/,EXACT,ARTICLE_SECTION,,,10,Trees,Trees,10,MEDIUM,VERIFIED_COVERAGE,dsa-tree-paths-path-problems;dsa-tree-paths-accumulate-values-along-root-to-leaf-or,SELF_REFLECTION,5,LEETCODE,https://leetcode.com/tag/tree/,6,,1d→3d→7d→14d→30d adaptive
DSA & Algorithms,dsa-tree-construction,Construction,dsa-tree-construction-core,Construction,Rebuild a binary tree from preorder and inorder traversals at V1 depth.,CORE,STRONG,dsa-tree-paths,PRIMARY,GeeksforGeeks,Learn: Construction,documentation,https://www.geeksforgeeks.org/binary-tree-data-structure/,EXACT,ARTICLE_SECTION,,,10,Trees,Trees,10,MEDIUM,VERIFIED_COVERAGE,dsa-tree-construction-construction;dsa-tree-construction-rebuild-a-binary-tree-from-preorder-and,SELF_REFLECTION,5,LEETCODE,https://leetcode.com/tag/tree/,6,,1d→3d→7d→14d→30d adaptive
DSA & Algorithms,dsa-bst-search,BST search,dsa-bst-search-core,BST search,Search a BST using the ordering invariant left < node < right.,CORE,STRONG,dsa-tree-construction;java-classes-objects;java-references,PRIMARY,GeeksforGeeks,Learn: BST search,documentation,https://www.geeksforgeeks.org/binary-search-tree-set-1-search-and-insertion/,EXACT,ARTICLE_SECTION,,,21,BST search,BST search,21,MEDIUM,VERIFIED_COVERAGE,dsa-bst-search-bst-search;dsa-bst-search-search-a-bst-using-the-ordering-invarian,SELF_REFLECTION,5,LEETCODE,https://leetcode.com/tag/tree/,6,,1d→3d→7d→14d→30d adaptive
DSA & Algorithms,dsa-bst-insert,BST insertion,dsa-bst-insert-core,BST insertion,Insert into a BST while preserving ordering.,CORE,STRONG,dsa-bst-search,PRIMARY,GeeksforGeeks,Learn: BST insertion,documentation,https://www.geeksforgeeks.org/binary-search-tree-set-1-search-and-insertion/,EXACT,ARTICLE_SECTION,,,21,BST insert,BST insert,21,MEDIUM,VERIFIED_COVERAGE,dsa-bst-insert-bst-insertion;dsa-bst-insert-insert-into-a-bst-while-preserving-order,SELF_REFLECTION,5,LEETCODE,https://leetcode.com/tag/tree/,6,,1d→3d→7d→14d→30d adaptive
DSA & Algorithms,dsa-bst-delete,BST deletion,dsa-bst-delete-core,BST deletion,Delete a BST node including the two-child case via successor or predecessor.,CORE,STRONG,dsa-bst-insert,PRIMARY,GeeksforGeeks,Learn: BST deletion,documentation,https://www.geeksforgeeks.org/binary-search-tree-set-2-delete/,EXACT,ARTICLE_SECTION,,,29,BST delete,BST delete,29,MEDIUM,VERIFIED_COVERAGE,dsa-bst-delete-bst-deletion;dsa-bst-delete-delete-a-bst-node-including-the-two-chil,SELF_REFLECTION,5,LEETCODE,https://leetcode.com/tag/tree/,6,,1d→3d→7d→14d→30d adaptive
DSA & Algorithms,dsa-bst-validate,BST validation,dsa-bst-validate-core,BST validation,"Validate BST property with global min/max bounds, not just local checks.",CORE,STRONG,dsa-bst-delete,PRIMARY,GeeksforGeeks,Learn: BST validation,documentation,https://www.geeksforgeeks.org/a-program-to-check-if-a-binary-tree-is-bst-or-not/,EXACT,ARTICLE_SECTION,,,38,Validate BST,Validate BST,38,MEDIUM,VERIFIED_COVERAGE,dsa-bst-validate-bst-validation;dsa-bst-validate-validate-bst-property-with-global-min-ma,SELF_REFLECTION,5,LEETCODE,https://leetcode.com/tag/tree/,6,,1d→3d→7d→14d→30d adaptive
DSA & Algorithms,dsa-bst-ordered-properties,Ordered properties,dsa-bst-ordered-properties-core,Ordered properties,Use inorder traversal of a BST as a sorted sequence and find order statistics.,CORE,STRONG,dsa-bst-validate,PRIMARY,GeeksforGeeks,Learn: Ordered properties,documentation,https://www.geeksforgeeks.org/binary-tree-data-structure/,EXACT,ARTICLE_SECTION,,,10,Trees,Trees,10,MEDIUM,VERIFIED_COVERAGE,dsa-bst-ordered-properties-ordered-properties;dsa-bst-ordered-properties-inorder-traversal-of-a-bst-as-a-sorted-s,SELF_REFLECTION,5,LEETCODE,https://leetcode.com/tag/tree/,6,,1d→3d→7d→14d→30d adaptive
DSA & Algorithms,dsa-heap-structure,Heap structure,dsa-heap-structure-core,Heap structure,Explain a binary heap as a complete tree stored in an array with heap-order property.,CORE,STRONG,dsa-bst-ordered-properties;java-priority-queue;java-comparable-comparator,PRIMARY,GeeksforGeeks,Learn: Heap structure,documentation,https://www.geeksforgeeks.org/heap-data-structure/,EXACT,ARTICLE_SECTION,,,10,Heap,Heap,10,MEDIUM,VERIFIED_COVERAGE,dsa-heap-structure-heap-structure;dsa-heap-structure-a-binary-heap-as-a-complete-tree-stored,SELF_REFLECTION,4,LEETCODE,https://leetcode.com/tag/heap-priority-queue/,6,,1d→3d→7d→14d→30d adaptive
DSA & Algorithms,dsa-priority-queue,Priority queue,dsa-priority-queue-core,Priority queue,Use PriorityQueue as a priority ADT and contrast with BST for dynamic extrema.,CORE,STRONG,dsa-heap-structure,PRIMARY,GeeksforGeeks,Learn: Priority queue,documentation,https://www.geeksforgeeks.org/heap-data-structure/,EXACT,ARTICLE_SECTION,,,10,Heap,Heap,10,MEDIUM,VERIFIED_COVERAGE,dsa-priority-queue-priority-queue;dsa-priority-queue-priorityqueue-as-a-priority-adt-and-cont,SELF_REFLECTION,3,LEETCODE,https://leetcode.com/tag/queue/,6,,1d→3d→7d→14d→30d adaptive
DSA & Algorithms,dsa-heapify,Heapify,dsa-heapify-core,Heapify,Build a heap with sift-up insert and sift-down heapify; know Floyd O(n) build.,CORE,STRONG,dsa-priority-queue,PRIMARY,GeeksforGeeks,Learn: Heapify,documentation,https://www.geeksforgeeks.org/heap-sort/,EXACT,ARTICLE_SECTION,,,20,Heapify / heap,Heapify / heap,20,MEDIUM,VERIFIED_COVERAGE,dsa-heapify-heapify;dsa-heapify-a-heap-with-sift-up-insert-and-sift-down,SELF_REFLECTION,4,LEETCODE,https://leetcode.com/tag/heap-priority-queue/,6,,1d→3d→7d→14d→30d adaptive
DSA & Algorithms,dsa-top-k,Top-K,dsa-top-k-core,Top-K,Select top K elements with a size-k heap choosing min vs max heap correctly.,CORE,STRONG,dsa-heapify,PRIMARY,GeeksforGeeks,Learn: Top-K,documentation,https://www.geeksforgeeks.org/k-largestor-smallest-elements-in-an-array/,EXACT,ARTICLE_SECTION,,,34,Top-K / heap selection,Top-K / heap selection,34,MEDIUM,VERIFIED_COVERAGE,dsa-top-k-top-k;dsa-top-k-select-top-k-elements-with-a-size-k-heap,SELF_REFLECTION,4,LEETCODE,https://leetcode.com/tag/array/,6,,1d→3d→7d→14d→30d adaptive
DSA & Algorithms,dsa-heap-scheduling,Scheduling patterns,dsa-heap-scheduling-core,Scheduling patterns,Use heaps for scheduling and greedy time/priority patterns.,CORE,STRONG,dsa-top-k,PRIMARY,GeeksforGeeks,Learn: Scheduling patterns,documentation,https://www.geeksforgeeks.org/heap-data-structure/,EXACT,ARTICLE_SECTION,,,10,Heap,Heap,10,MEDIUM,VERIFIED_COVERAGE,dsa-heap-scheduling-scheduling-patterns;dsa-heap-scheduling-heaps-for-scheduling-and-greedy-time-pri,SELF_REFLECTION,4,LEETCODE,https://leetcode.com/tag/heap-priority-queue/,6,,1d→3d→7d→14d→30d adaptive
DSA & Algorithms,dsa-graph-representations,Graph representations,dsa-graph-representations-core,Graph representations,Build adjacency-list graph representations in Java before running graph algorithms.,CORE,STRONG,dsa-heap-scheduling;java-list;java-map;java-classes-objects;java-references,PRIMARY,GeeksforGeeks,Learn: Graph representations,documentation,https://www.geeksforgeeks.org/graph-data-structure-and-algorithms/,EXACT,ARTICLE_SECTION,,,10,Graphs,Graphs,10,MEDIUM,VERIFIED_COVERAGE,dsa-graph-representations-graph-representations;dsa-graph-representations-adjacency-list-graph-representations-in,SELF_REFLECTION,4,LEETCODE,https://leetcode.com/tag/graph/,6,,1d→3d→7d→14d→30d adaptive
DSA & Algorithms,dsa-graph-bfs,Graph BFS,dsa-graph-bfs-core,Graph BFS,Traverse a graph with BFS using a queue after building an adjacency list.,CORE,STRONG,dsa-graph-representations,PRIMARY,GeeksforGeeks,Learn: Graph BFS,documentation,https://www.geeksforgeeks.org/breadth-first-search-or-bfs-for-a-graph/,EXACT,ARTICLE_SECTION,,,30,BFS,BFS,30,MEDIUM,VERIFIED_COVERAGE,dsa-graph-bfs-graph-bfs;dsa-graph-bfs-traverse-a-graph-with-bfs-using-a-queue,ACTION_CHECKLIST,4,LEETCODE,https://leetcode.com/tag/breadth-first-search/,6,,1d→3d→7d→14d→30d adaptive
DSA & Algorithms,dsa-graph-dfs,Graph DFS,dsa-graph-dfs-core,Graph DFS,Traverse a graph with DFS recursively or with an explicit stack.,CORE,STRONG,dsa-graph-bfs,PRIMARY,GeeksforGeeks,Learn: Graph DFS,documentation,https://www.geeksforgeeks.org/depth-first-search-or-dfs-for-a-graph/,EXACT,ARTICLE_SECTION,,,29,DFS,DFS,29,MEDIUM,VERIFIED_COVERAGE,dsa-graph-dfs-graph-dfs;dsa-graph-dfs-traverse-a-graph-with-dfs-recursively-or,ACTION_CHECKLIST,4,LEETCODE,https://leetcode.com/tag/depth-first-search/,6,,1d→3d→7d→14d→30d adaptive
DSA & Algorithms,dsa-connected-components,Connected components,dsa-connected-components-core,Connected components,Count or label connected components in undirected graphs with BFS/DFS.,CORE,STRONG,dsa-graph-dfs,PRIMARY,GeeksforGeeks,Learn: Connected components,documentation,https://www.geeksforgeeks.org/data-structures/,EXACT,ARTICLE_SECTION,,,20,Data structures overview,Data structures overview,20,MEDIUM,VERIFIED_COVERAGE,dsa-connected-components-connected-components;dsa-connected-components-count-or-label-connected-components-in-u,SELF_REFLECTION,4,LEETCODE,https://leetcode.com/tag/array/,6,,1d→3d→7d→14d→30d adaptive
DSA & Algorithms,dsa-graph-cycle,Cycle detection,dsa-graph-cycle-core,Cycle detection,Detect cycles in undirected and directed graphs at V1 depth.,CORE,STRONG,dsa-connected-components,PRIMARY,GeeksforGeeks,Learn: Cycle detection,documentation,https://www.geeksforgeeks.org/graph-data-structure-and-algorithms/,EXACT,ARTICLE_SECTION,,,10,Graphs,Graphs,10,MEDIUM,VERIFIED_COVERAGE,dsa-graph-cycle-cycle-detection;dsa-graph-cycle-detect-cycles-in-undirected-and-directed,SELF_REFLECTION,4,LEETCODE,https://leetcode.com/tag/graph/,6,,1d→3d→7d→14d→30d adaptive
DSA & Algorithms,dsa-bipartite,Bipartite graphs,dsa-bipartite-core,Bipartite graphs,Check bipartiteness with two-color BFS or DFS.,CORE,STRONG,dsa-graph-cycle,PRIMARY,GeeksforGeeks,Learn: Bipartite graphs,documentation,https://www.geeksforgeeks.org/graph-data-structure-and-algorithms/,EXACT,ARTICLE_SECTION,,,10,Graphs,Graphs,10,MEDIUM,VERIFIED_COVERAGE,dsa-bipartite-bipartite-graphs;dsa-bipartite-check-bipartiteness-with-two-color-bfs-o,SELF_REFLECTION,4,LEETCODE,https://leetcode.com/tag/graph/,6,,1d→3d→7d→14d→30d adaptive
DSA & Algorithms,dsa-topological-sort,Topological sorting,dsa-topological-sort-core,Topological sorting,Produce topological order of a DAG with Kahn's algorithm and DFS finishing order; detect cycles.,CORE,STRONG,dsa-bipartite;java-list;java-map;java-classes-objects;java-references,PRIMARY,GeeksforGeeks,Learn: Topological sorting,documentation,https://www.geeksforgeeks.org/sorting-algorithms/,EXACT,ARTICLE_SECTION,,,10,Sorting,Sorting,10,MEDIUM,VERIFIED_COVERAGE,dsa-topological-sort-topological-sorting;dsa-topological-sort-produce-topological-order-of-a-dag-with,SELF_REFLECTION,4,LEETCODE,https://leetcode.com/tag/sorting/,6,,1d→3d→7d→14d→30d adaptive
DSA & Algorithms,dsa-union-find,Union-Find,dsa-union-find-core,Union-Find,Implement disjoint set union with path compression and union by rank.,CORE,STRONG,dsa-topological-sort;java-list;java-map;java-classes-objects;java-references,PRIMARY,GeeksforGeeks,Learn: Union-Find,documentation,https://www.geeksforgeeks.org/introduction-to-disjoint-set-data-structure-or-union-find-algorithm/,EXACT,ARTICLE_SECTION,,,17,Union-Find,Union-Find,17,MEDIUM,VERIFIED_COVERAGE,dsa-union-find-union-find;dsa-union-find-disjoint-set-union-with-path-compression,SELF_REFLECTION,4,LEETCODE,https://leetcode.com/tag/array/,6,,1d→3d→7d→14d→30d adaptive
DSA & Algorithms,dsa-unweighted-shortest,Unweighted shortest paths,dsa-unweighted-shortest-core,Unweighted shortest paths,Compute unweighted shortest paths with BFS and contrast with weighted Dijkstra.,CORE,STRONG,dsa-union-find;java-list;java-map;java-classes-objects;java-references;java-priority-queue,PRIMARY,GeeksforGeeks,Learn: Unweighted shortest paths,documentation,https://www.geeksforgeeks.org/data-structures/,EXACT,ARTICLE_SECTION,,,20,Data structures overview,Data structures overview,20,MEDIUM,VERIFIED_COVERAGE,dsa-unweighted-shortest-unweighted-shortest-paths;dsa-unweighted-shortest-compute-unweighted-shortest-paths-with-b,SELF_REFLECTION,4,LEETCODE,https://leetcode.com/tag/array/,6,,1d→3d→7d→14d→30d adaptive
DSA & Algorithms,dsa-dijkstra,Dijkstra,dsa-dijkstra-core,Dijkstra,Run Dijkstra's algorithm for non-negative weighted shortest paths with a min-heap.,CORE,STRONG,dsa-unweighted-shortest,PRIMARY,GeeksforGeeks,Learn: Dijkstra,documentation,https://www.geeksforgeeks.org/data-structures/,EXACT,ARTICLE_SECTION,,,20,Data structures overview,Data structures overview,20,MEDIUM,VERIFIED_COVERAGE,dsa-dijkstra-dijkstra;dsa-dijkstra-run-dijkstra-s-algorithm-for-non-negativ,SELF_REFLECTION,4,LEETCODE,https://leetcode.com/tag/array/,6,,1d→3d→7d→14d→30d adaptive
DSA & Algorithms,dsa-mst,MST,dsa-mst-core,MST,Explain a minimum spanning tree and contrast Kruskal vs Prim at a high level.,CORE,STRONG,dsa-dijkstra;java-list;java-map;java-classes-objects;java-references,PRIMARY,GeeksforGeeks,Learn: MST,documentation,https://www.geeksforgeeks.org/data-structures/,EXACT,ARTICLE_SECTION,,,20,Data structures overview,Data structures overview,20,MEDIUM,VERIFIED_COVERAGE,dsa-mst-mst;dsa-mst-a-minimum-spanning-tree-and-contrast-kru,SELF_REFLECTION,4,LEETCODE,https://leetcode.com/tag/array/,6,,1d→3d→7d→14d→30d adaptive
DSA & Algorithms,dsa-greedy-reasoning,Greedy reasoning,dsa-greedy-reasoning-core,Greedy reasoning,Identify when a locally optimal choice can be globally optimal — and when it cannot.,CORE,STRONG,dsa-mst,PRIMARY,GeeksforGeeks,Learn: Greedy reasoning,documentation,https://www.geeksforgeeks.org/greedy-algorithms/,EXACT,ARTICLE_SECTION,,,10,Greedy,Greedy,10,MEDIUM,VERIFIED_COVERAGE,dsa-greedy-reasoning-greedy-reasoning;dsa-greedy-reasoning-identify-when-a-locally-optimal-choice-c,SELF_REFLECTION,4,LEETCODE,https://leetcode.com/tag/greedy/,6,,1d→3d→7d→14d→30d adaptive
DSA & Algorithms,dsa-greedy-exchange,Exchange / intuitive proof,dsa-greedy-exchange-core,Exchange / intuitive proof,Justify a greedy choice with an intuitive exchange argument.,CORE,STRONG,dsa-greedy-reasoning,PRIMARY,GeeksforGeeks,Learn: Exchange / intuitive proof,documentation,https://www.geeksforgeeks.org/greedy-algorithms/,EXACT,ARTICLE_SECTION,,,10,Greedy,Greedy,10,MEDIUM,VERIFIED_COVERAGE,dsa-greedy-exchange-exchange-intuitive-proof;dsa-greedy-exchange-justify-a-greedy-choice-with-an-intuitiv,SELF_REFLECTION,4,LEETCODE,https://leetcode.com/tag/greedy/,6,,1d→3d→7d→14d→30d adaptive
DSA & Algorithms,dsa-interval-problems,Interval problems,dsa-interval-problems-core,Interval problems,Solve interval overlap and merging with sort + greedy scan.,CORE,STRONG,dsa-greedy-exchange,PRIMARY,GeeksforGeeks,Learn: Interval problems,documentation,https://www.geeksforgeeks.org/data-structures/,EXACT,ARTICLE_SECTION,,,20,Data structures overview,Data structures overview,20,MEDIUM,VERIFIED_COVERAGE,dsa-interval-problems-interval-problems;dsa-interval-problems-solve-interval-overlap-and-merging-with,SELF_REFLECTION,4,LEETCODE,https://leetcode.com/tag/array/,6,,1d→3d→7d→14d→30d adaptive
DSA & Algorithms,dsa-greedy-scheduling,Scheduling,dsa-greedy-scheduling-core,Scheduling,Apply greedy scheduling patterns with the correct sort key.,CORE,STRONG,dsa-interval-problems,PRIMARY,GeeksforGeeks,Learn: Scheduling,documentation,https://www.geeksforgeeks.org/greedy-algorithms/,EXACT,ARTICLE_SECTION,,,10,Greedy,Greedy,10,MEDIUM,VERIFIED_COVERAGE,dsa-greedy-scheduling-scheduling;dsa-greedy-scheduling-greedy-scheduling-patterns-with-the-corr,SELF_REFLECTION,4,LEETCODE,https://leetcode.com/tag/greedy/,6,,1d→3d→7d→14d→30d adaptive
DSA & Algorithms,dsa-greedy-patterns,Classic greedy patterns,dsa-greedy-patterns-core,Classic greedy patterns,Recognize classic greedy patterns and classify greedy vs DP.,CORE,STRONG,dsa-greedy-scheduling,PRIMARY,GeeksforGeeks,Learn: Classic greedy patterns,documentation,https://www.geeksforgeeks.org/greedy-algorithms/,EXACT,ARTICLE_SECTION,,,10,Greedy,Greedy,10,MEDIUM,VERIFIED_COVERAGE,dsa-greedy-patterns-classic-greedy-patterns;dsa-greedy-patterns-recognize-classic-greedy-patterns-and-cl,SELF_REFLECTION,4,LEETCODE,https://leetcode.com/tag/greedy/,6,,1d→3d→7d→14d→30d adaptive
DSA & Algorithms,dsa-dp-mindset,DP mindset,dsa-dp-mindset-core,DP mindset,Recognize overlapping subproblems and optimal substructure.,CORE,STRONG,dsa-greedy-patterns,PRIMARY,GeeksforGeeks,Learn: DP mindset,documentation,https://www.geeksforgeeks.org/overlapping-subproblems-property-in-dynamic-programming-dp-1/,EXACT,ARTICLE_SECTION,,,22,Overlapping subproblems,Overlapping subproblems,22,MEDIUM,VERIFIED_COVERAGE,dsa-dp-mindset-dp-mindset;dsa-dp-mindset-recognize-overlapping-subproblems-and-op,SELF_REFLECTION,5,LEETCODE,https://leetcode.com/tag/dynamic-programming/,6,,1d→3d→7d→14d→30d adaptive
DSA & Algorithms,dsa-memoization,Memoization,dsa-memoization-core,Memoization,Cache recursive DP results top-down in Java.,CORE,STRONG,dsa-dp-mindset,PRIMARY,GeeksforGeeks,Learn: Memoization,documentation,https://www.geeksforgeeks.org/memoization-1d-2d-and-3d/,EXACT,ARTICLE_SECTION,,,58,Memoization,Memoization,58,MEDIUM,VERIFIED_COVERAGE,dsa-memoization-memoization;dsa-memoization-cache-recursive-dp-results-top-down-in-j,SELF_REFLECTION,4,LEETCODE,https://leetcode.com/tag/array/,6,,1d→3d→7d→14d→30d adaptive
DSA & Algorithms,dsa-tabulation,Tabulation,dsa-tabulation-core,Tabulation,Fill a DP table bottom-up with correct iteration order.,CORE,STRONG,dsa-memoization,PRIMARY,GeeksforGeeks,Learn: Tabulation,documentation,https://www.geeksforgeeks.org/data-structures/,EXACT,ARTICLE_SECTION,,,20,Data structures overview,Data structures overview,20,MEDIUM,VERIFIED_COVERAGE,dsa-tabulation-tabulation;dsa-tabulation-fill-a-dp-table-bottom-up-with-correct-i,SELF_REFLECTION,4,LEETCODE,https://leetcode.com/tag/array/,6,,1d→3d→7d→14d→30d adaptive
DSA & Algorithms,dsa-dp-state,State definition,dsa-dp-state-core,State definition,Choose a DP state that uniquely describes a subproblem.,CORE,STRONG,dsa-tabulation,PRIMARY,GeeksforGeeks,Learn: State definition,documentation,https://www.geeksforgeeks.org/overlapping-subproblems-property-in-dynamic-programming-dp-1/,EXACT,ARTICLE_SECTION,,,22,Overlapping subproblems / DP state thinking,Overlapping subproblems / DP state thinking,22,MEDIUM,VERIFIED_COVERAGE,dsa-dp-state-state-definition;dsa-dp-state-choose-a-dp-state-that-uniquely-describe,SELF_REFLECTION,5,LEETCODE,https://leetcode.com/tag/dynamic-programming/,6,,1d→3d→7d→14d→30d adaptive
DSA & Algorithms,dsa-dp-transition,Transition,dsa-dp-transition-core,Transition,Write recurrence transitions between DP states.,CORE,STRONG,dsa-dp-state,PRIMARY,GeeksforGeeks,Learn: Transition,documentation,https://www.geeksforgeeks.org/tabulation-vs-memoization/,EXACT,ARTICLE_SECTION,,,19,Tabulation vs memoization transitions,Tabulation vs memoization transitions,19,MEDIUM,VERIFIED_COVERAGE,dsa-dp-transition-transition;dsa-dp-transition-write-recurrence-transitions-between-dp,SELF_REFLECTION,5,LEETCODE,https://leetcode.com/tag/dynamic-programming/,6,,1d→3d→7d→14d→30d adaptive
DSA & Algorithms,dsa-dp-1d,1D DP,dsa-dp-1d-core,1D DP,Solve linear 1D DP families in Java.,CORE,STRONG,dsa-dp-transition,PRIMARY,GeeksforGeeks,Learn: 1D DP,documentation,https://www.geeksforgeeks.org/introduction-to-dynamic-programming-data-structures-and-algorithm-tutorials/,EXACT,ARTICLE_SECTION,,,27,1D DP,1D DP,27,MEDIUM,VERIFIED_COVERAGE,dsa-dp-1d-1d-dp;dsa-dp-1d-solve-linear-1d-dp-families-in-java,ACTION_CHECKLIST,6,LEETCODE,https://leetcode.com/tag/dynamic-programming/,6,,1d→3d→7d→14d→30d adaptive
DSA & Algorithms,dsa-dp-2d,2D DP,dsa-dp-2d-core,2D DP,Fill DP tables over two indices.,CORE,STRONG,dsa-dp-1d,PRIMARY,GeeksforGeeks,Learn: 2D DP,documentation,https://www.geeksforgeeks.org/dynamic-programming/,EXACT,ARTICLE_SECTION,,,10,2D DP overview,2D DP overview,10,MEDIUM,VERIFIED_COVERAGE,dsa-dp-2d-2d-dp;dsa-dp-2d-fill-dp-tables-over-two-indices,ACTION_CHECKLIST,5,LEETCODE,https://leetcode.com/tag/dynamic-programming/,6,,1d→3d→7d→14d→30d adaptive
DSA & Algorithms,dsa-subsequence-dp,Subsequence DP,dsa-subsequence-dp-core,Subsequence DP,Handle LCS/LIS-style subsequence DP states.,CORE,STRONG,dsa-dp-2d,PRIMARY,GeeksforGeeks,Learn: Subsequence DP,documentation,https://www.geeksforgeeks.org/longest-common-subsequence-dp-4/,EXACT,ARTICLE_SECTION,,,52,LCS,LCS,52,MEDIUM,VERIFIED_COVERAGE,dsa-subsequence-dp-subsequence-dp;dsa-subsequence-dp-handle-lcs-lis-style-subsequence-dp-stat,SELF_REFLECTION,5,LEETCODE,https://leetcode.com/tag/dynamic-programming/,6,,1d→3d→7d→14d→30d adaptive
DSA & Algorithms,dsa-knapsack,Knapsack,dsa-knapsack-core,Knapsack,Use 0/1 knapsack as a DP template; name unbounded variant.,CORE,STRONG,dsa-subsequence-dp,PRIMARY,GeeksforGeeks,Learn: Knapsack,documentation,https://www.geeksforgeeks.org/0-1-knapsack-problem-dp-10/,EXACT,ARTICLE_SECTION,,,38,0/1 Knapsack,0/1 Knapsack,38,MEDIUM,VERIFIED_COVERAGE,dsa-knapsack-knapsack;dsa-knapsack-0-1-knapsack-as-a-dp-template-name-unbou,SELF_REFLECTION,4,LEETCODE,https://leetcode.com/tag/array/,6,,1d→3d→7d→14d→30d adaptive
DSA & Algorithms,dsa-grid-dp,Grid DP,dsa-grid-dp-core,Grid DP,"DP on grids: path counts, min cost, with obstacles.",CORE,STRONG,dsa-knapsack,PRIMARY,GeeksforGeeks,Learn: Grid DP,documentation,https://www.geeksforgeeks.org/unique-paths-in-a-grid-with-obstacles/,EXACT,ARTICLE_SECTION,,,46,Grid DP paths,Grid DP paths,46,MEDIUM,VERIFIED_COVERAGE,dsa-grid-dp-grid-dp;dsa-grid-dp-dp-on-grids-path-counts-min-cost-with-ob,SELF_REFLECTION,5,LEETCODE,https://leetcode.com/tag/dynamic-programming/,6,,1d→3d→7d→14d→30d adaptive
DSA & Algorithms,dsa-interval-dp,Interval DP concepts,dsa-interval-dp-core,Interval DP concepts,Explain DP on intervals at a conceptual level.,CORE,STRONG,dsa-grid-dp,PRIMARY,GeeksforGeeks,Learn: Interval DP concepts,documentation,https://www.geeksforgeeks.org/matrix-chain-multiplication-dp-8/,EXACT,ARTICLE_SECTION,,,33,Matrix chain / interval DP,Matrix chain / interval DP,33,MEDIUM,VERIFIED_COVERAGE,dsa-interval-dp-interval-dp-concepts;dsa-interval-dp-dp-on-intervals-at-a-conceptual-level,SELF_REFLECTION,5,LEETCODE,https://leetcode.com/tag/dynamic-programming/,6,,1d→3d→7d→14d→30d adaptive
DSA & Algorithms,dsa-dp-optimization,DP optimization,dsa-dp-optimization-core,DP optimization,Name space/time DP optimizations at V1 depth.,CORE,STRONG,dsa-interval-dp,PRIMARY,GeeksforGeeks,Learn: DP optimization,documentation,https://www.geeksforgeeks.org/space-optimization-using-bit-manipulations/,EXACT,ARTICLE_SECTION,,,22,Space optimization notes for DP,Space optimization notes for DP,22,MEDIUM,VERIFIED_COVERAGE,dsa-dp-optimization-dp-optimization;dsa-dp-optimization-name-space-time-dp-optimizations-at-v1-d,SELF_REFLECTION,5,LEETCODE,https://leetcode.com/tag/dynamic-programming/,6,,1d→3d→7d→14d→30d adaptive
DSA & Algorithms,dsa-tries,Tries,dsa-tries-core,Tries,Implement a trie for prefix search in Java.,CORE,STRONG,dsa-dp-optimization,PRIMARY,GeeksforGeeks,Learn: Tries,documentation,https://www.geeksforgeeks.org/trie-insert-and-search/,EXACT,ARTICLE_SECTION,,,37,Trie,Trie,37,MEDIUM,VERIFIED_COVERAGE,dsa-tries-tries;dsa-tries-a-trie-for-prefix-search-in-java,SELF_REFLECTION,3,LEETCODE,https://leetcode.com/tag/trie/,6,,1d→3d→7d→14d→30d adaptive
DSA & Algorithms,dsa-bit-manipulation,Bit manipulation,dsa-bit-manipulation-core,Bit manipulation,Use AND/OR/XOR/shifts for interview bit tricks in Java.,CORE,STRONG,dsa-tries,PRIMARY,GeeksforGeeks,Learn: Bit manipulation,documentation,https://www.geeksforgeeks.org/bits-manipulation-important-tactics/,EXACT,ARTICLE_SECTION,,,28,Bit manipulation,Bit manipulation,28,MEDIUM,VERIFIED_COVERAGE,dsa-bit-manipulation-bit-manipulation;dsa-bit-manipulation-and-or-xor-shifts-for-interview-bit-tric,SELF_REFLECTION,3,LEETCODE,https://leetcode.com/tag/bit-manipulation/,6,,1d→3d→7d→14d→30d adaptive
DSA & Algorithms,dsa-segment-tree-concept,Segment tree concept,dsa-segment-tree-concept-core,Segment tree concept,Explain segment tree range queries; implement via Core Skills if coding.,CORE,STRONG,dsa-bit-manipulation,PRIMARY,GeeksforGeeks,Learn: Segment tree concept,documentation,https://www.geeksforgeeks.org/segment-tree-set-1-sum-of-given-range/,EXACT,ARTICLE_SECTION,,,49,Segment tree range queries,Segment tree range queries,49,MEDIUM,VERIFIED_COVERAGE,dsa-segment-tree-concept-segment-tree-concept;dsa-segment-tree-concept-segment-tree-range-queries-implement-via,SELF_REFLECTION,5,LEETCODE,https://leetcode.com/tag/tree/,6,,1d→3d→7d→14d→30d adaptive
DSA & Algorithms,dsa-advanced-graphs,Advanced graph concepts,dsa-advanced-graphs-core,Advanced graph concepts,"Recognize SCC, bridges, articulation points — not CP encyclopedia.",CORE,STRONG,dsa-segment-tree-concept,PRIMARY,GeeksforGeeks,Learn: Advanced graph concepts,documentation,https://www.geeksforgeeks.org/graph-data-structure-and-algorithms/,EXACT,ARTICLE_SECTION,,,10,Graphs,Graphs,10,MEDIUM,VERIFIED_COVERAGE,dsa-advanced-graphs-advanced-graph-concepts;dsa-advanced-graphs-recognize-scc-bridges-articulation-point,SELF_REFLECTION,4,LEETCODE,https://leetcode.com/tag/graph/,6,,1d→3d→7d→14d→30d adaptive
DSA & Algorithms,dsa-advanced-dp,Advanced DP,dsa-advanced-dp-core,Advanced DP,"Recognize digit DP, tree DP, bitmask DP by name.",CORE,STRONG,dsa-advanced-graphs,PRIMARY,GeeksforGeeks,Learn: Advanced DP,documentation,https://www.geeksforgeeks.org/bitmasking-and-dynamic-programming-set-1-count-ways-to-assign-unique-cap-to-every-person/,EXACT,ARTICLE_SECTION,,,45,Bitmask DP,Bitmask DP,45,MEDIUM,VERIFIED_COVERAGE,dsa-advanced-dp-advanced-dp;dsa-advanced-dp-recognize-digit-dp-tree-dp-bitmask-dp-by,SELF_REFLECTION,5,LEETCODE,https://leetcode.com/tag/dynamic-programming/,6,,1d→3d→7d→14d→30d adaptive
DSA & Algorithms,dsa-pattern-selection,Pattern selection,dsa-pattern-selection-core,Pattern selection,"Classify unseen prompts: hash, two pointers, window, graph, DP, greedy.",CORE,STRONG,dsa-advanced-dp,PRIMARY,GeeksforGeeks,Learn: Pattern selection,documentation,https://www.geeksforgeeks.org/data-structures/,EXACT,ARTICLE_SECTION,,,20,Data structures overview,Data structures overview,20,MEDIUM,VERIFIED_COVERAGE,dsa-pattern-selection-pattern-selection;dsa-pattern-selection-classify-unseen-prompts-hash-two-pointer,SELF_REFLECTION,4,LEETCODE,https://leetcode.com/tag/array/,6,,1d→3d→7d→14d→30d adaptive
DSA & Algorithms,dsa-interview-hygiene,Interview hygiene,dsa-interview-hygiene-core,Interview hygiene,"Present Java solutions with complexity, edges, and clear narration.",CORE,STRONG,dsa-pattern-selection,PRIMARY,GeeksforGeeks,Learn: Interview hygiene,documentation,https://www.techinterviewhandbook.org/coding-interview-techniques/,EXACT,ARTICLE_SECTION,,,25,Coding interview techniques,Coding interview techniques,25,MEDIUM,VERIFIED_COVERAGE,dsa-interview-hygiene-interview-hygiene;dsa-interview-hygiene-present-java-solutions-with-complexity-e,SELF_REFLECTION,4,LEETCODE,https://leetcode.com/tag/array/,6,,1d→3d→7d→14d→30d adaptive
Software Engineering,se-sdlc,SDLC overview,se-sdlc-core,SDLC overview,Describe the software development lifecycle phases and why they exist.,CORE,WORKING_KNOWLEDGE,,PRIMARY,IBM,Software Development Lifecycle (IBM),documentation,https://www.ibm.com/topics/software-development-lifecycle,EXACT,ARTICLE_SECTION,,,22,SDLC overview,SDLC overview,22,MEDIUM,VERIFIED_COVERAGE,se-sdlc-sdlc-overview;se-sdlc-describe-the-software-development-lifecy,ACTION_CHECKLIST,3,,,9,,1d→3d→7d→14d→30d adaptive
Software Engineering,se-requirements,Requirements & scope,se-requirements-core,Requirements & scope,Turn a vague ask into testable requirements and out-of-scope notes.,CORE,WORKING_KNOWLEDGE,se-sdlc,PRIMARY,IBM,IBM: Requirements & scope,documentation,https://www.geeksforgeeks.org/software-engineering-requirements-engineering-process/,EXACT,ARTICLE_SECTION,,,20,Requirements engineering process,Requirements engineering process,20,MEDIUM,VERIFIED_COVERAGE,se-requirements-requirements-scope;se-requirements-turn-a-vague-ask-into-testable-requireme,ACTION_CHECKLIST,3,,,9,,1d→3d→7d→14d→30d adaptive
Software Engineering,se-versioning,Semantic versioning,se-versioning-core,Semantic versioning,Apply SemVer to library changes without breaking consumers accidentally.,CORE,WORKING_KNOWLEDGE,se-sdlc,PRIMARY,SemVer,SemVer: Semantic versioning,documentation,https://semver.org/,EXACT,ARTICLE_SECTION,,,20,SemVer: Semantic versioning,SemVer: Semantic versioning,20,MEDIUM,VERIFIED_COVERAGE,se-versioning-semantic-versioning;se-versioning-semver-to-library-changes-without-breaki,ACTION_CHECKLIST,3,,,9,,1d→3d→7d→14d→30d adaptive
Software Engineering,se-solid-srp,SOLID — Single Responsibility,se-solid-srp-core,SOLID — Single Responsibility,Keep modules focused on one reason to change.,CORE,WORKING_KNOWLEDGE,se-sdlc,PRIMARY,DigitalOcean,SOLID principles (DigitalOcean),documentation,https://blog.cleancoder.com/uncle-bob/2014/05/08/SingleReponsibilityPrinciple.html,EXACT,ARTICLE_SECTION,,,17,Single Responsibility Principle,Single Responsibility Principle,17,MEDIUM,VERIFIED_COVERAGE,se-solid-srp-solid-single-responsibility;se-solid-srp-keep-modules-focused-on-one-reason-to-ch,ACTION_CHECKLIST,3,,,9,,1d→3d→7d→14d→30d adaptive
Software Engineering,se-solid-ocp,SOLID — Open/Closed,se-solid-ocp-core,SOLID — Open/Closed,Extend behavior without rewriting stable cores.,CORE,WORKING_KNOWLEDGE,se-solid-srp,PRIMARY,DigitalOcean,SOLID principles (DigitalOcean),documentation,https://blog.cleancoder.com/uncle-bob/2014/05/12/TheOpenClosedPrinciple.html,EXACT,ARTICLE_SECTION,,,15,Open Closed Principle,Open Closed Principle,15,MEDIUM,VERIFIED_COVERAGE,se-solid-ocp-solid-open-closed;se-solid-ocp-extend-behavior-without-rewriting-stable,ACTION_CHECKLIST,3,,,9,,1d→3d→7d→14d→30d adaptive
Software Engineering,se-testing-pyramid,Testing pyramid,se-testing-pyramid-core,Testing pyramid,Choose unit vs integration vs E2E tests with cost/confidence tradeoffs.,CORE,WORKING_KNOWLEDGE,se-sdlc,PRIMARY,Martin Fowler,Martin Fowler: Testing pyramid,documentation,https://martinfowler.com/articles/practical-test-pyramid.html,EXACT,ARTICLE_SECTION,,,75,practical-test-pyramid.html,practical-test-pyramid.html,75,MEDIUM,VERIFIED_COVERAGE,se-testing-pyramid-testing-pyramid;se-testing-pyramid-choose-unit-vs-integration-vs-e2e-tests,ACTION_CHECKLIST,3,,,9,,1d→3d→7d→14d→30d adaptive
Software Engineering,se-unit-tests,Unit testing basics,se-unit-tests-core,Unit testing basics,Write focused unit tests for pure functions and edge cases.,CORE,WORKING_KNOWLEDGE,se-testing-pyramid,PRIMARY,pytest,pytest: Unit testing basics,documentation,https://docs.pytest.org/en/stable/,EXACT,ARTICLE_SECTION,,,10,stable,stable,10,MEDIUM,VERIFIED_COVERAGE,se-unit-tests-unit-testing-basics;se-unit-tests-write-focused-unit-tests-for-pure-functi,ACTION_CHECKLIST,3,,,9,,1d→3d→7d→14d→30d adaptive
Software Engineering,se-api-design,API design basics,se-api-design-core,API design basics,Design resource-oriented HTTP APIs with clear errors.,CORE,WORKING_KNOWLEDGE,se-requirements,PRIMARY,restfulapi.net,restfulapi.net: API design basics,documentation,https://restfulapi.net/,EXACT,ARTICLE_SECTION,,,16,restfulapi.net: API design basics,restfulapi.net: API design basics,16,MEDIUM,VERIFIED_COVERAGE,se-api-design-api-design-basics;se-api-design-design-resource-oriented-http-apis-with,ACTION_CHECKLIST,3,,,9,,1d→3d→7d→14d→30d adaptive
Software Engineering,se-code-review,Code review habits,se-code-review-core,Code review habits,"Review diffs for correctness, clarity, and risk — not style nitpicks only.",ALWAYS_ON,WORKING_KNOWLEDGE,se-unit-tests,PRIMARY,Google,Google: Code review habits,documentation,https://google.github.io/eng-practices/review/,EXACT,ARTICLE_SECTION,,,10,review,review,10,MEDIUM,VERIFIED_COVERAGE,se-code-review-code-review-habits;se-code-review-review-diffs-for-correctness-clarity-and,ACTION_CHECKLIST,3,,,9,,1d→3d→7d→14d→30d adaptive
Software Engineering,se-ci-basics,CI basics,se-ci-basics-core,CI basics,Run tests automatically on every push.,CORE,WORKING_KNOWLEDGE,se-unit-tests,PRIMARY,GitHub Docs,GitHub Docs: CI basics,documentation,https://docs.github.com/en/actions/get-started/understand-github-actions,EXACT,ARTICLE_SECTION,,,12,understand-github-actions,understand-github-actions,12,MEDIUM,VERIFIED_COVERAGE,se-ci-basics-ci-basics;se-ci-basics-run-tests-automatically-on-every-push,ACTION_CHECKLIST,3,,,9,,1d→3d→7d→14d→30d adaptive
Backend & Databases,db-sql-select,SQL SELECT,db-sql-select-core,SQL SELECT,"Query rows with SELECT, WHERE, ORDER BY.",CORE,WORKING_KNOWLEDGE,,PRIMARY,SQLite,SQLite: SQL SELECT,documentation,https://www.sqlite.org/lang_select.html,EXACT,ARTICLE_SECTION,,,53,lang_select.html,lang_select.html,53,MEDIUM,VERIFIED_COVERAGE,db-sql-select-sql-select;db-sql-select-query-rows-with-select-where-order-by,ACTION_CHECKLIST,2,LOCAL_IDE,local,9,SQL CRUD App,1d→3d→7d→14d→30d adaptive
Backend & Databases,db-sql-joins,SQL JOINs,db-sql-joins-core,SQL JOINs,Combine tables with INNER/LEFT joins correctly.,CORE,WORKING_KNOWLEDGE,db-sql-select,PRIMARY,SQLite,SQLite: SQL JOINs,documentation,https://www.sqlite.org/lang_select.html,EXACT,ARTICLE_SECTION,,,53,lang_select.html,lang_select.html,53,MEDIUM,VERIFIED_COVERAGE,db-sql-joins-sql-joins;db-sql-joins-combine-tables-with-inner-left-joins-cor,ACTION_CHECKLIST,2,LOCAL_IDE,local,9,,1d→3d→7d→14d→30d adaptive
Backend & Databases,db-indexes,Indexes & query plans,db-indexes-core,Indexes & query plans,Explain when an index helps and when it hurts.,CORE,WORKING_KNOWLEDGE,db-sql-select,PRIMARY,SQLite,SQLite: Indexes & query plans,documentation,https://www.sqlite.org/queryplanner.html,EXACT,ARTICLE_SECTION,,,31,queryplanner.html,queryplanner.html,31,MEDIUM,VERIFIED_COVERAGE,db-indexes-indexes-query-plans;db-indexes-when-an-index-helps-and-when-it-hurts,ACTION_CHECKLIST,2,LOCAL_IDE,local,9,,1d→3d→7d→14d→30d adaptive
Backend & Databases,db-transactions,Transactions,db-transactions-core,Transactions,Use BEGIN/COMMIT/ROLLBACK for atomic updates.,CORE,WORKING_KNOWLEDGE,db-sql-select,PRIMARY,SQLite,SQLite: Transactions,documentation,https://www.sqlite.org/lang_transaction.html,EXACT,ARTICLE_SECTION,,,13,lang_transaction.html,lang_transaction.html,13,MEDIUM,VERIFIED_COVERAGE,db-transactions-transactions;db-transactions-begin-commit-rollback-for-atomic-updates,ACTION_CHECKLIST,2,LOCAL_IDE,local,9,,1d→3d→7d→14d→30d adaptive
Backend & Databases,db-schema-design,Schema design basics,db-schema-design-core,Schema design basics,"Model entities, keys, and relationships without premature complexity.",CORE,WORKING_KNOWLEDGE,db-sql-joins,PRIMARY,PostgreSQL,PostgreSQL: Schema design basics,documentation,https://www.postgresql.org/docs/current/ddl.html,EXACT,ARTICLE_SECTION,,,10,ddl.html,ddl.html,10,MEDIUM,VERIFIED_COVERAGE,db-schema-design-schema-design-basics;db-schema-design-model-entities-keys-and-relationships-wi,ACTION_CHECKLIST,2,LOCAL_IDE,local,9,,1d→3d→7d→14d→30d adaptive
Backend & Databases,be-http,HTTP fundamentals,be-http-core,HTTP fundamentals,"Explain methods, status codes, headers, and idempotency.",CORE,WORKING_KNOWLEDGE,,PRIMARY,MDN,MDN: HTTP fundamentals,documentation,https://developer.mozilla.org/en-US/docs/Web/HTTP/Overview,EXACT,ARTICLE_SECTION,,,18,Overview,Overview,18,MEDIUM,VERIFIED_COVERAGE,be-http-http-fundamentals;be-http-methods-status-codes-headers-and-idempot,ACTION_CHECKLIST,2,LOCAL_IDE,local,9,,1d→3d→7d→14d→30d adaptive
Backend & Databases,be-rest,REST resources,be-rest-core,REST resources,Model collections/items with consistent URLs and verbs.,CORE,WORKING_KNOWLEDGE,be-http,PRIMARY,restfulapi.net,restfulapi.net: REST resources,documentation,https://restfulapi.net/rest-architectural-constraints/,EXACT,ARTICLE_SECTION,,,11,rest-architectural-constraints,rest-architectural-constraints,11,MEDIUM,VERIFIED_COVERAGE,be-rest-rest-resources;be-rest-model-collections-items-with-consistent,ACTION_CHECKLIST,2,LOCAL_IDE,local,9,,1d→3d→7d→14d→30d adaptive
Backend & Databases,be-json,JSON APIs,be-json-core,JSON APIs,Serialize request/response bodies and validate shapes.,CORE,WORKING_KNOWLEDGE,be-http,PRIMARY,json.org,json.org: JSON APIs,documentation,https://www.json.org/json-en.html,EXACT,ARTICLE_SECTION,,,10,JSON grammar and values,JSON grammar and values,10,MEDIUM,VERIFIED_COVERAGE,be-json-json-apis;be-json-serialize-request-response-bodies-and-va,ACTION_CHECKLIST,2,LOCAL_IDE,local,9,,1d→3d→7d→14d→30d adaptive
Backend & Databases,be-fastapi-intro,FastAPI intro,be-fastapi-intro-core,FastAPI intro,Build a tiny FastAPI app with typed routes.,CORE,WORKING_KNOWLEDGE,be-rest;be-json,PRIMARY,FastAPI,FastAPI: FastAPI intro,documentation,https://fastapi.tiangolo.com/tutorial/first-steps/,EXACT,ARTICLE_SECTION,,,18,first-steps,first-steps,18,MEDIUM,VERIFIED_COVERAGE,be-fastapi-intro-fastapi-intro;be-fastapi-intro-a-tiny-fastapi-app-with-typed-routes,ACTION_CHECKLIST,2,LOCAL_IDE,local,9,Classical ML Project,1d→3d→7d→14d→30d adaptive
Backend & Databases,be-auth-basics,Auth basics,be-auth-basics-core,Auth basics,Distinguish authentication vs authorization; hash passwords.,CORE,WORKING_KNOWLEDGE,be-fastapi-intro,PRIMARY,FastAPI,FastAPI: Auth basics,documentation,https://fastapi.tiangolo.com/tutorial/security/,EXACT,ARTICLE_SECTION,,,10,security,security,10,MEDIUM,VERIFIED_COVERAGE,be-auth-basics-auth-basics;be-auth-basics-distinguish-authentication-vs-authorizat,ACTION_CHECKLIST,2,LOCAL_IDE,local,9,,1d→3d→7d→14d→30d adaptive
Backend & Databases,be-errors,API error handling,be-errors-core,API error handling,Return structured errors without leaking internals.,CORE,WORKING_KNOWLEDGE,be-fastapi-intro,PRIMARY,FastAPI,FastAPI: API error handling,documentation,https://fastapi.tiangolo.com/tutorial/handling-errors/,EXACT,ARTICLE_SECTION,,,18,handling-errors,handling-errors,18,MEDIUM,VERIFIED_COVERAGE,be-errors-api-error-handling;be-errors-return-structured-errors-without-leaking,ACTION_CHECKLIST,2,LOCAL_IDE,local,9,,1d→3d→7d→14d→30d adaptive
Backend & Databases,be-persistence,API + SQL persistence,be-persistence-core,API + SQL persistence,Wire a FastAPI route to SQL CRUD.,CORE,WORKING_KNOWLEDGE,be-fastapi-intro;db-sql-select,PRIMARY,FastAPI,FastAPI: API + SQL persistence,documentation,https://fastapi.tiangolo.com/tutorial/sql-databases/,EXACT,ARTICLE_SECTION,,,75,sql-databases,sql-databases,75,MEDIUM,VERIFIED_COVERAGE,be-persistence-api-sql-persistence;be-persistence-wire-a-fastapi-route-to-sql-crud,ACTION_CHECKLIST,2,LOCAL_IDE,local,9,,1d→3d→7d→14d→30d adaptive
Mathematics for ML,math-vectors,Vectors intuition,math-vectors-core,Vectors intuition,Reason about vectors as lists of numbers with direction/magnitude.,CORE,WORKING_KNOWLEDGE,,PRIMARY,Khan Academy,Khan Academy: Vectors intuition,documentation,https://mathinsight.org/vector_introduction,EXACT,ARTICLE_SECTION,,,14,Introduction to vectors,Introduction to vectors,14,MEDIUM,VERIFIED_COVERAGE,math-vectors-vectors-intuition;math-vectors-reason-about-vectors-as-lists-of-numbers,ACTION_CHECKLIST,2,OFFICIAL_EXERCISE,https://www.khanacademy.org/,9,,1d→3d→7d→14d→30d adaptive
Mathematics for ML,math-matrices,Matrices intuition,math-matrices-core,Matrices intuition,Multiply small matrices and interpret as linear maps.,CORE,WORKING_KNOWLEDGE,math-vectors,PRIMARY,Khan Academy,Khan Academy: Matrices intuition,documentation,https://mathinsight.org/matrix_introduction,EXACT,ARTICLE_SECTION,,,10,Introduction to matrices,Introduction to matrices,10,MEDIUM,VERIFIED_COVERAGE,math-matrices-matrices-intuition;math-matrices-multiply-small-matrices-and-interpret-as,ACTION_CHECKLIST,2,OFFICIAL_EXERCISE,https://www.khanacademy.org/,9,,1d→3d→7d→14d→30d adaptive
Mathematics for ML,math-probability,Probability basics,math-probability-core,Probability basics,Use probability rules for independent events and simple conditionals.,CORE,WORKING_KNOWLEDGE,,PRIMARY,Khan Academy,Khan Academy: Probability basics,documentation,https://seeing-theory.brown.edu/basic-probability/index.html,EXACT,ARTICLE_SECTION,,,10,Basic probability,Basic probability,10,MEDIUM,VERIFIED_COVERAGE,math-probability-probability-basics;math-probability-probability-rules-for-independent-events,ACTION_CHECKLIST,2,OFFICIAL_EXERCISE,https://www.khanacademy.org/,9,,1d→3d→7d→14d→30d adaptive
Mathematics for ML,math-distributions,Distributions intuition,math-distributions-core,Distributions intuition,Describe Bernoulli/Normal distributions qualitatively.,CORE,WORKING_KNOWLEDGE,math-probability,PRIMARY,Seeing Theory,Seeing Theory: Distributions intuition,documentation,https://seeing-theory.brown.edu/probability-distributions/index.html,EXACT,ARTICLE_SECTION,,,12,index.html,index.html,12,MEDIUM,VERIFIED_COVERAGE,math-distributions-distributions-intuition;math-distributions-describe-bernoulli-normal-distributions,ACTION_CHECKLIST,2,OFFICIAL_EXERCISE,https://www.khanacademy.org/,9,,1d→3d→7d→14d→30d adaptive
Mathematics for ML,math-stats-summary,Summary statistics,math-stats-summary-core,Summary statistics,Compute mean/variance and interpret them.,CORE,WORKING_KNOWLEDGE,math-probability,PRIMARY,Khan Academy,Khan Academy: Summary statistics,documentation,https://openstax.org/books/introductory-statistics/pages/2-5-measures-of-the-center-of-the-data,EXACT,ARTICLE_SECTION,,,21,Measures of the center of the data,Measures of the center of the data,21,MEDIUM,VERIFIED_COVERAGE,math-stats-summary-summary-statistics;math-stats-summary-compute-mean-variance-and-interpret-them,ACTION_CHECKLIST,2,OFFICIAL_EXERCISE,https://www.khanacademy.org/,9,,1d→3d→7d→14d→30d adaptive
Mathematics for ML,math-gradient-intuition,Gradient intuition,math-gradient-intuition-core,Gradient intuition,Explain gradient as direction of steepest ascent for loss surfaces.,CORE,WORKING_KNOWLEDGE,math-vectors,PRIMARY,Khan Academy,Khan Academy: Gradient intuition,documentation,https://openstax.org/books/calculus-volume-3/pages/4-6-directional-derivatives-and-the-gradient,EXACT,ARTICLE_SECTION,,,75,Directional derivatives and the gradient,Directional derivatives and the gradient,75,MEDIUM,VERIFIED_COVERAGE,math-gradient-intuition-gradient-intuition;math-gradient-intuition-gradient-as-direction-of-steepest-ascent,ACTION_CHECKLIST,2,OFFICIAL_EXERCISE,https://www.khanacademy.org/,9,,1d→3d→7d→14d→30d adaptive
Machine Learning,ml-what-is-ml,What is machine learning,ml-what-is-ml-core,What is machine learning,Distinguish supervised/unsupervised learning and typical tasks.,CORE,WORKING_KNOWLEDGE,math-probability,PRIMARY,scikit-learn,Getting Started — scikit-learn,documentation,https://scikit-learn.org/stable/getting_started.html,EXACT,ARTICLE_SECTION,,,14,Getting Started,Getting Started,14,MEDIUM,VERIFIED_COVERAGE,ml-what-is-ml-what-is-machine-learning;ml-what-is-ml-distinguish-supervised-unsupervised-lear,ACTION_CHECKLIST,2,LOCAL_IDE,local,9,,1d→3d→7d→14d→30d adaptive
Machine Learning,ml-features-labels,Features & labels,ml-features-labels-core,Features & labels,Frame tabular problems with features X and label y.,CORE,WORKING_KNOWLEDGE,ml-what-is-ml,PRIMARY,scikit-learn,scikit-learn: Features & labels,documentation,https://scikit-learn.org/stable/getting_started.html,EXACT,ARTICLE_SECTION,,,14,Getting started — features and estimators,Getting started — features and estimators,14,MEDIUM,VERIFIED_COVERAGE,ml-features-labels-features-labels;ml-features-labels-frame-tabular-problems-with-features-x-a,ACTION_CHECKLIST,2,LOCAL_IDE,local,9,,1d→3d→7d→14d→30d adaptive
Machine Learning,ml-train-test,Train/test split,ml-train-test-core,Train/test split,"Split data to estimate generalization, avoid leakage.",CORE,WORKING_KNOWLEDGE,ml-features-labels,PRIMARY,scikit-learn,scikit-learn: Train/test split,documentation,https://scikit-learn.org/stable/modules/cross_validation.html,EXACT,ARTICLE_SECTION,,,42,cross_validation.html,cross_validation.html,42,MEDIUM,VERIFIED_COVERAGE,ml-train-test-train-test-split;ml-train-test-split-data-to-estimate-generalization-av,ACTION_CHECKLIST,2,LOCAL_IDE,local,9,,1d→3d→7d→14d→30d adaptive
Machine Learning,ml-linear-regression,Linear regression,ml-linear-regression-core,Linear regression,Fit and interpret a linear regressor.,CORE,WORKING_KNOWLEDGE,ml-train-test;math-vectors,PRIMARY,scikit-learn,scikit-learn: Linear regression,documentation,https://scikit-learn.org/stable/modules/linear_model.html,EXACT,ARTICLE_SECTION,,,60,linear_model.html,linear_model.html,60,MEDIUM,VERIFIED_COVERAGE,ml-linear-regression-linear-regression;ml-linear-regression-fit-and-interpret-a-linear-regressor,ACTION_CHECKLIST,2,LOCAL_IDE,local,9,,1d→3d→7d→14d→30d adaptive
Machine Learning,ml-classification,Classification basics,ml-classification-core,Classification basics,Train a classifier and read a confusion matrix.,CORE,STRONG,ml-train-test,PRIMARY,scikit-learn,scikit-learn: Classification basics,documentation,https://scikit-learn.org/stable/modules/tree.html,EXACT,ARTICLE_SECTION,,,30,Decision Trees classification,Decision Trees classification,30,MEDIUM,VERIFIED_COVERAGE,ml-classification-classification-basics;ml-classification-train-a-classifier-and-read-a-confusion,ACTION_CHECKLIST,2,LOCAL_IDE,local,9,,1d→3d→7d→14d→30d adaptive
Machine Learning,ml-metrics,ML metrics,ml-metrics-core,ML metrics,Choose accuracy/precision/recall/F1 appropriately.,CORE,STRONG,ml-classification,PRIMARY,scikit-learn,scikit-learn: ML metrics,documentation,https://scikit-learn.org/stable/modules/model_evaluation.html,EXACT,ARTICLE_SECTION,,,75,model_evaluation.html,model_evaluation.html,75,MEDIUM,VERIFIED_COVERAGE,ml-metrics-ml-metrics;ml-metrics-choose-accuracy-precision-recall-f1-appr,ACTION_CHECKLIST,2,LOCAL_IDE,local,9,,1d→3d→7d→14d→30d adaptive
Machine Learning,ml-overfitting,Overfitting & regularization,ml-overfitting-core,Overfitting & regularization,Detect overfitting and apply simple regularization.,CORE,STRONG,ml-metrics,PRIMARY,scikit-learn,scikit-learn: Overfitting & regularization,documentation,https://scikit-learn.org/stable/modules/linear_model.html#ridge-regression,EXACT,ARTICLE_SECTION,,,60,ridge-regression,ridge-regression,60,MEDIUM,VERIFIED_COVERAGE,ml-overfitting-overfitting-regularization;ml-overfitting-detect-overfitting-and-apply-simple-regu,ACTION_CHECKLIST,2,LOCAL_IDE,local,9,,1d→3d→7d→14d→30d adaptive
Machine Learning,ml-sklearn-pipeline,sklearn Pipeline,ml-sklearn-pipeline-core,sklearn Pipeline,Compose preprocessing + model in a Pipeline.,CORE,STRONG,ml-overfitting,PRIMARY,scikit-learn,scikit-learn: sklearn Pipeline,documentation,https://scikit-learn.org/stable/modules/compose.html,EXACT,ARTICLE_SECTION,,,24,compose.html,compose.html,24,MEDIUM,VERIFIED_COVERAGE,ml-sklearn-pipeline-sklearn-pipeline;ml-sklearn-pipeline-compose-preprocessing-model-in-a-pipelin,ACTION_CHECKLIST,2,LOCAL_IDE,local,9,Classical ML Project,1d→3d→7d→14d→30d adaptive
Machine Learning,ml-types-of-ml,Types of machine learning,ml-types-of-ml-lesson,Types of machine learning,"Distinguish supervised, unsupervised, and reinforcement settings with one example each",CORE,AWARENESS,ml-what-is-ml,PRIMARY,Google Developers,Supervised learning (ML Crash Course),documentation,https://raw.githubusercontent.com/d2l-ai/d2l-en/master/chapter_introduction/index.md,EXACT,FULL_SINGLE_PAGE,,,18,FULL_SINGLE_PAGE,FULL_SINGLE_PAGE,18,MEDIUM,VERIFIED_COVERAGE,supervised-vs-unsupervised;reinforcement-awareness;task-examples,RECALL,1,SELF_CHECK,,5,,1d→3d→7d→14d→30d adaptive
Machine Learning,ml-validation-split,Validation split,ml-validation-split-lesson,Validation split,Explain why train/test alone leaks decisions; carve out a validation set,CORE,MECHANICS,ml-train-test,PRIMARY,scikit-learn,Cross-validation: evaluating estimator performance,documentation,https://scikit-learn.org/stable/modules/cross_validation.html,EXACT,FULL_SINGLE_PAGE,,,15,FULL_SINGLE_PAGE,FULL_SINGLE_PAGE,15,MEDIUM,VERIFIED_COVERAGE,why-validation;split-ratios;leakage-warning,TRACE,1,SELF_CHECK,,5,,1d→3d→7d→14d→30d adaptive
Machine Learning,ml-loss-intuition,Cost & loss intuition,ml-loss-intuition-lesson,Cost & loss intuition,Interpret a loss surface; explain why squared error punishes large misses,CORE,INTUITION,ml-linear-regression,PRIMARY,scikit-learn,Linear model — OLS cost,documentation,https://scikit-learn.org/stable/modules/linear_model.html#ordinary-least-squares,EXACT,FULL_SINGLE_PAGE,,,20,FULL_SINGLE_PAGE,FULL_SINGLE_PAGE,20,MEDIUM,VERIFIED_COVERAGE,loss-measures-error;squared-error;minimize-loss-goal,EXPLAIN,1,SELF_CHECK,,5,,1d→3d→7d→14d→30d adaptive
Machine Learning,ml-gradient-descent-intuition,Gradient descent intuition,ml-gradient-descent-intuition-lesson,Gradient descent intuition,Descend a loss surface step by step; relate step size to learning rate,CORE,INTUITION,ml-loss-intuition;math-gradient-intuition;math-derivatives,PRIMARY,Vizuara,ML Teach by Doing Day 6: Linear Classifiers Part 1,youtube,https://www.youtube.com/watch?v=rcXcGS1M77g,EXACT,VIDEO_TIMESTAMP,00:00,26:14,26,00:00,26:14,26,HIGH,VERIFIED_COVERAGE,descent-analogy;learning-rate-role;gradient-direction,EXPLAIN,1,SELF_CHECK,,5,,1d→3d→7d→14d→30d adaptive
Machine Learning,ml-logistic-regression,Logistic regression,ml-logistic-regression-lesson,Logistic regression,Map outputs through a sigmoid to probabilities; pick thresholds deliberately,CORE,MECHANICS,ml-classification,PRIMARY,scikit-learn,Logistic regression,documentation,https://scikit-learn.org/stable/modules/linear_model.html#logistic-regression,EXACT,FULL_SINGLE_PAGE,,,30,FULL_SINGLE_PAGE,FULL_SINGLE_PAGE,30,MEDIUM,VERIFIED_COVERAGE,sigmoid-mapping;decision-threshold;log-loss-fit,TRACE,1,SELF_CHECK,,6,,1d→3d→7d→14d→30d adaptive
Machine Learning,ml-decision-trees,Decision trees,ml-decision-trees-lesson,Decision trees,Trace splits by information gain/Gini; state why trees overfit deeply grown leaves,CORE,MECHANICS,ml-classification,PRIMARY,scikit-learn,Decision Trees user guide,documentation,https://scikit-learn.org/stable/modules/tree.html,EXACT,FULL_SINGLE_PAGE,,,30,FULL_SINGLE_PAGE,FULL_SINGLE_PAGE,30,MEDIUM,VERIFIED_COVERAGE,recursive-splits;gini-entropy;tree-overfits-deep,TRACE,1,SELF_CHECK,,6,,1d→3d→7d→14d→30d adaptive
Machine Learning,ml-random-forests,Random forests,ml-random-forests-lesson,Random forests,Bootstrap + feature bagging → variance reduction; explain OOB estimates,CORE,MECHANICS,ml-decision-trees,PRIMARY,scikit-learn,Forests of randomized trees,documentation,https://scikit-learn.org/stable/modules/ensemble.html#forests-of-randomized-trees,EXACT,FULL_SINGLE_PAGE,,,25,FULL_SINGLE_PAGE,FULL_SINGLE_PAGE,25,MEDIUM,VERIFIED_COVERAGE,bootstrap-aggregation;feature-bagging;oob-estimate,TRACE,1,SELF_CHECK,,5,,1d→3d→7d→14d→30d adaptive
Machine Learning,ml-knn,K-nearest neighbors,ml-knn-lesson,K-nearest neighbors,"Classify by vote of neighbors; discuss k, distance choice, and scaling sensitivity",CORE,MECHANICS,ml-classification,PRIMARY,scikit-learn,Nearest Neighbors user guide,documentation,https://scikit-learn.org/stable/modules/neighbors.html,EXACT,FULL_SINGLE_PAGE,,,20,FULL_SINGLE_PAGE,FULL_SINGLE_PAGE,20,MEDIUM,VERIFIED_COVERAGE,distance-vote;k-choice;scaling-sensitivity,TRACE,1,SELF_CHECK,,5,,1d→3d→7d→14d→30d adaptive
Machine Learning,ml-naive-bayes,Naive Bayes,ml-naive-bayes-lesson,Naive Bayes,Apply Bayes' theorem with conditional independence; classic text baseline,CORE,MECHANICS,ml-classification;math-bayes-theorem,PRIMARY,scikit-learn,Naive Bayes user guide,documentation,https://scikit-learn.org/stable/modules/naive_bayes.html,EXACT,FULL_SINGLE_PAGE,,,25,FULL_SINGLE_PAGE,FULL_SINGLE_PAGE,25,MEDIUM,VERIFIED_COVERAGE,bayes-classifier;conditional-independence;text-spam-use,TRACE,1,SELF_CHECK,,5,,1d→3d→7d→14d→30d adaptive
Machine Learning,ml-svm,Support vector machines,ml-svm-lesson,Support vector machines,Maximum-margin intuition; kernels lift features to separate non-linear data,CORE,MECHANICS,ml-classification,PRIMARY,scikit-learn,Support Vector Machines user guide,documentation,https://scikit-learn.org/stable/modules/svm.html,EXACT,FULL_SINGLE_PAGE,,,25,FULL_SINGLE_PAGE,FULL_SINGLE_PAGE,25,MEDIUM,VERIFIED_COVERAGE,max-margin;support-vectors;kernel-trick,TRACE,1,SELF_CHECK,,5,,1d→3d→7d→14d→30d adaptive
Machine Learning,ml-confusion-matrix,Confusion matrix deep dive,ml-confusion-matrix-lesson,Confusion matrix deep dive,Derive precision/recall/F1 from TP/FP/FN/TN; choose metrics for imbalanced data,CORE,MECHANICS,ml-metrics,PRIMARY,scikit-learn,Confusion matrix,documentation,https://scikit-learn.org/stable/modules/model_evaluation.html#confusion-matrix,EXACT,FULL_SINGLE_PAGE,,,20,FULL_SINGLE_PAGE,FULL_SINGLE_PAGE,20,MEDIUM,VERIFIED_COVERAGE,tp-fp-fn-tn;precision-recall-f1;imbalance-choice,TRACE,1,SELF_CHECK,,5,,1d→3d→7d→14d→30d adaptive
Machine Learning,ml-bias-variance,Bias–variance tradeoff,ml-bias-variance-lesson,Bias–variance tradeoff,Diagnose underfit vs overfit from train/val gaps; pick remedies accordingly,CORE,INTUITION,ml-overfitting,PRIMARY,scikit-learn,Underfitting vs overfitting,documentation,https://scikit-learn.org/stable/modules/model_evaluation.html#underfitting-vs-overfitting,EXACT,FULL_SINGLE_PAGE,,,20,FULL_SINGLE_PAGE,FULL_SINGLE_PAGE,20,MEDIUM,VERIFIED_COVERAGE,bias-underfit;variance-overfit;tradeoff-diagnosis,EXPLAIN,1,SELF_CHECK,,5,,1d→3d→7d→14d→30d adaptive
Machine Learning,ml-cross-validation,Cross-validation,ml-cross-validation-lesson,Cross-validation,K-fold rotation gives robust estimates on small data; stratify classification folds,CORE,MECHANICS,ml-validation-split,PRIMARY,scikit-learn,Cross-validation guide,documentation,https://scikit-learn.org/stable/modules/cross_validation.html,EXACT,FULL_SINGLE_PAGE,,,20,FULL_SINGLE_PAGE,FULL_SINGLE_PAGE,20,MEDIUM,VERIFIED_COVERAGE,kfold-rotation;robust-small-data;stratification,TRACE,1,SELF_CHECK,,5,,1d→3d→7d→14d→30d adaptive
Machine Learning,ml-feature-scaling,Feature scaling,ml-feature-scaling-lesson,Feature scaling,Standardize/normalize so distance-based methods and gradient descent behave,CORE,MECHANICS,ds-feature-eng,PRIMARY,scikit-learn,Standardization & scaling,documentation,https://scikit-learn.org/stable/modules/preprocessing.html#standardization-or-mean-removal-and-variance-scaling,EXACT,FULL_SINGLE_PAGE,,,15,FULL_SINGLE_PAGE,FULL_SINGLE_PAGE,15,MEDIUM,VERIFIED_COVERAGE,standardize-mean-std;minmax-range;distance-methods-need-it,TRACE,1,SELF_CHECK,,5,,1d→3d→7d→14d→30d adaptive
Machine Learning,ml-encoding-categorical,Encoding categorical data,ml-encoding-categorical-lesson,Encoding categorical data,One-hot vs ordinal vs target encoding; leakage dangers in target statistics,CORE,MECHANICS,ds-feature-eng,PRIMARY,scikit-learn,Encoding categorical features,documentation,https://scikit-learn.org/stable/modules/preprocessing.html#encoding-categorical-features,EXACT,FULL_SINGLE_PAGE,,,20,FULL_SINGLE_PAGE,FULL_SINGLE_PAGE,20,MEDIUM,VERIFIED_COVERAGE,one-hot;ordinal-label;target-leakage,TRACE,1,SELF_CHECK,,5,,1d→3d→7d→14d→30d adaptive
Machine Learning,ml-ensemble-learning,Ensemble learning,ml-ensemble-learning-lesson,Ensemble learning,"Bagging cuts variance, boosting cuts bias, stacking blends strengths",CORE,INTUITION,ml-random-forests,PRIMARY,scikit-learn,Ensembles user guide overview,documentation,https://scikit-learn.org/stable/modules/ensemble.html,EXACT,FULL_SINGLE_PAGE,,,20,FULL_SINGLE_PAGE,FULL_SINGLE_PAGE,20,MEDIUM,VERIFIED_COVERAGE,bagging-vs-boosting;stacking-blend;diversity-source,EXPLAIN,1,SELF_CHECK,,5,,1d→3d→7d→14d→30d adaptive
Machine Learning,ml-end-to-end-workflow,End-to-end ML workflow,ml-end-to-end-workflow-lesson,End-to-end ML workflow,Frame problem → data → features → model → validate → iterate: the full loop once,CORE,APPLICATION,ml-sklearn-pipeline;ml-cross-validation,PRIMARY,Google Developers,ML workflow checklist,documentation,https://developers.google.com/machine-learning/crash-course/production-ml-systems,EXACT,FULL_SINGLE_PAGE,,,35,FULL_SINGLE_PAGE,FULL_SINGLE_PAGE,35,MEDIUM,VERIFIED_COVERAGE,frame-problem;production-monitoring-awareness,SOLVE,1,NOTEBOOK,,7,,1d→3d→7d→14d→30d adaptive
Machine Learning,ml-ridge-lasso,Ridge & Lasso regularization,ml-ridge-lasso-lesson,Ridge & Lasso regularization,Constrain linear weights with L2/L1 penalties; pick via validation,CORE,MECHANICS,ml-linear-regression,PRIMARY,scikit-learn,Linear Models — Ridge/Lasso,documentation,https://scikit-learn.org/stable/modules/linear_model.html,EXACT,ARTICLE_SECTION,,,30,above; content inspection pending,above; content inspection pending,30,MEDIUM,VERIFIED_COVERAGE,ridge-l2;lasso-l1,TRACE,1,SELF_CHECK,,6,,1d→3d→7d→14d→30d adaptive
Machine Learning,ml-roc-auc,ROC curves & AUC,ml-roc-auc-lesson,ROC curves & AUC,Read TPR/FPR across thresholds; compare models with AUC and PR curves,CORE,MECHANICS,ml-confusion-matrix,PRIMARY,scikit-learn,Model Evaluation — ROC/AUC,documentation,https://scikit-learn.org/stable/modules/model_evaluation.html,EXACT,ARTICLE_SECTION,,,25,above; content inspection pending,above; content inspection pending,25,MEDIUM,VERIFIED_COVERAGE,roc-curve;auc-score,TRACE,1,SELF_CHECK,,5,,1d→3d→7d→14d→30d adaptive
Machine Learning,ml-regression-metrics,Regression metrics,ml-regression-metrics-lesson,Regression metrics,Interpret MAE vs MSE vs RMSE vs R² and when each misleads,CORE,MECHANICS,ml-loss-intuition,PRIMARY,scikit-learn,Model Evaluation — Regression metrics,documentation,https://scikit-learn.org/stable/modules/model_evaluation.html,EXACT,ARTICLE_SECTION,,,20,above; content inspection pending,above; content inspection pending,20,MEDIUM,VERIFIED_COVERAGE,mae-mse-rmse;r2-score,TRACE,1,SELF_CHECK,,5,,1d→3d→7d→14d→30d adaptive
Machine Learning,ml-grid-search,Hyperparameter search,ml-grid-search-lesson,Hyperparameter search,Grid vs randomized search with cross-validation and validation curves,CORE,MECHANICS,ml-cross-validation,PRIMARY,scikit-learn,Grid Search & Randomized Search,documentation,https://scikit-learn.org/stable/modules/grid_search.html,EXACT,ARTICLE_SECTION,,,25,above; content inspection pending,above; content inspection pending,25,MEDIUM,VERIFIED_COVERAGE,grid-search;randomized-search,TRACE,1,SELF_CHECK,,5,,1d→3d→7d→14d→30d adaptive
Machine Learning,ml-kmeans,K-means clustering,ml-kmeans-lesson,K-means clustering,Iterative centroid assignment; elbow/silhouette choice of k,CORE,MECHANICS,ml-feature-scaling,PRIMARY,scikit-learn,Clustering — K-means,documentation,https://scikit-learn.org/stable/modules/clustering.html,EXACT,ARTICLE_SECTION,,,25,above; content inspection pending,above; content inspection pending,25,MEDIUM,VERIFIED_COVERAGE,centroid-iteration;inertia-elbow,TRACE,1,SELF_CHECK,,5,,1d→3d→7d→14d→30d adaptive
Machine Learning,ml-hierarchical-dbscan,Hierarchical clustering & DBSCAN,ml-hierarchical-dbscan-lesson,Hierarchical clustering & DBSCAN,Dendrograms vs density reachability; noise handling without fixed k,CORE,MECHANICS,ml-kmeans,PRIMARY,scikit-learn,Clustering — Hierarchical & DBSCAN,documentation,https://scikit-learn.org/stable/modules/clustering.html,EXACT,ARTICLE_SECTION,,,25,above; content inspection pending,above; content inspection pending,25,MEDIUM,VERIFIED_COVERAGE,agglomerative-linkage;dbscan-density;silhouette,TRACE,1,SELF_CHECK,,5,,1d→3d→7d→14d→30d adaptive
Machine Learning,ml-pca,Principal component analysis,ml-pca-lesson,Principal component analysis,Project onto top-variance directions; explained variance & whitening,CORE,MECHANICS,ml-feature-scaling;math-matrices,PRIMARY,scikit-learn,Decompositions — PCA,documentation,https://scikit-learn.org/stable/modules/decomposition.html,EXACT,ARTICLE_SECTION,,,30,above; content inspection pending,above; content inspection pending,30,MEDIUM,VERIFIED_COVERAGE,variance-directions;projection-reconstruction,TRACE,1,SELF_CHECK,,6,,1d→3d→7d→14d→30d adaptive
Machine Learning,ml-anomaly-awareness,Anomaly detection awareness,ml-anomaly-awareness-lesson,Anomaly detection awareness,Novelty vs outlier detection settings; when unsupervised flags fail,CORE,MECHANICS,ml-kmeans,PRIMARY,scikit-learn,Novelty & Outlier Detection,documentation,https://scikit-learn.org/stable/modules/neighbors.html,EXACT,ARTICLE_SECTION,,,20,above; content inspection pending,above; content inspection pending,20,MEDIUM,VERIFIED_COVERAGE,novelty-outlier,TRACE,1,SELF_CHECK,,5,,1d→3d→7d→14d→30d adaptive
Machine Learning,ml-gradient-boosting,Gradient boosting,ml-gradient-boosting-lesson,Gradient boosting,Fit trees to residual gradients stage-wise; learning-rate/shallow-depth,CORE,MECHANICS,ml-random-forests,PRIMARY,scikit-learn,Ensembles — Gradient Boosting,documentation,https://scikit-learn.org/stable/modules/ensemble.html,EXACT,ARTICLE_SECTION,,,30,above; content inspection pending,above; content inspection pending,30,MEDIUM,VERIFIED_COVERAGE,stagewise-residuals;shallow-lr-tuning,TRACE,1,SELF_CHECK,,6,,1d→3d→7d→14d→30d adaptive
Machine Learning,ml-feature-importance,Feature importance,ml-feature-importance-lesson,Feature importance,Impurity importances vs permutation importance; correlation pitfalls,CORE,MECHANICS,ml-random-forests,PRIMARY,scikit-learn,Permutation Importance,documentation,https://scikit-learn.org/stable/modules/permutation_importance.html,EXACT,ARTICLE_SECTION,,,20,above; content inspection pending,above; content inspection pending,20,MEDIUM,VERIFIED_COVERAGE,impurity-importance;permutation-importance,TRACE,1,SELF_CHECK,,5,,1d→3d→7d→14d→30d adaptive
Other,devops-awareness,DevOps awareness,devops-awareness-core,DevOps awareness,"DevOps connects build, release, run with automation and observability.",OPTIONAL,AWARENESS,,PRIMARY,12-Factor,12-Factor: DevOps awareness,documentation,https://12factor.net/,EXACT,ARTICLE_SECTION,,,10,12-Factor: DevOps awareness,12-Factor: DevOps awareness,10,MEDIUM,VERIFIED_COVERAGE,devops-awareness-devops-awareness;devops-awareness-devops-connects-build-release-run-with-a,ACTION_CHECKLIST,3,,,5,,1d→3d→7d→14d→30d adaptive
Other,devops-path,DevOps learning path,devops-path-core,DevOps learning path,Sketch a personal learning path into DevOps after core ML/backend.,OPTIONAL,AWARENESS,devops-awareness,PRIMARY,12-Factor,12-Factor: DevOps learning path,documentation,https://12factor.net/,EXACT,ARTICLE_SECTION,,,10,12-Factor: DevOps learning path,12-Factor: DevOps learning path,10,MEDIUM,VERIFIED_COVERAGE,devops-path-devops-learning-path;devops-path-sketch-a-personal-learning-path-into-dev,ACTION_CHECKLIST,3,,,5,,1d→3d→7d→14d→30d adaptive
Other,sysdesign-awareness,System Design awareness,sysdesign-awareness-core,System Design awareness,"System design trades latency, consistency, and cost at scale.",OPTIONAL,AWARENESS,,PRIMARY,System Design Primer,System Design Primer: System Design awareness,documentation,https://github.com/donnemartin/system-design-primer,EXACT,ARTICLE_SECTION,,,67,system-design-primer,system-design-primer,67,MEDIUM,VERIFIED_COVERAGE,sysdesign-awareness-system-design-awareness;sysdesign-awareness-system-design-trades-latency-consistency,ACTION_CHECKLIST,3,,,5,,1d→3d→7d→14d→30d adaptive
Other,sysdesign-path,System Design learning path,sysdesign-path-core,System Design learning path,Sketch a personal learning path into System Design after core ML/backend.,OPTIONAL,AWARENESS,sysdesign-awareness,PRIMARY,System Design Primer,System Design Primer: System Design learning path,documentation,https://github.com/donnemartin/system-design-primer,EXACT,ARTICLE_SECTION,,,67,system-design-primer,system-design-primer,67,MEDIUM,VERIFIED_COVERAGE,sysdesign-path-system-design-learning-path;sysdesign-path-sketch-a-personal-learning-path-into-sys,ACTION_CHECKLIST,3,,,5,,1d→3d→7d→14d→30d adaptive
Python,py-syntax,Python syntax & tooling,py-syntax-core,Python syntax & tooling,Write and run Python scripts with venv and pip.,CORE,STRONG,cf-command-line,PRIMARY,Python Software Foundation,Python Docs: Python syntax & tooling,documentation,https://docs.python.org/3/tutorial/index.html,EXACT,ARTICLE_SECTION,,,11,index.html,index.html,11,MEDIUM,VERIFIED_COVERAGE,py-syntax-python-syntax-tooling;py-syntax-write-and-run-python-scripts-with-venv-a,ACTION_CHECKLIST,2,LOCAL_IDE,local,9,,1d→3d→7d→14d→30d adaptive
Python,py-data-structures,Python data structures,py-data-structures-core,Python data structures,"Use lists, dicts, sets, and comprehensions fluently.",CORE,STRONG,py-syntax,PRIMARY,Python Software Foundation,Python Docs: Python data structures,documentation,https://docs.python.org/3/tutorial/datastructures.html,EXACT,ARTICLE_SECTION,,,31,datastructures.html,datastructures.html,31,MEDIUM,VERIFIED_COVERAGE,py-data-structures-python-data-structures;py-data-structures-lists-dicts-sets-and-comprehensions-flue,ACTION_CHECKLIST,2,LOCAL_IDE,local,9,,1d→3d→7d→14d→30d adaptive
Python,py-functions-modules,Functions & modules,py-functions-modules-core,Functions & modules,Organize code into functions and importable modules.,CORE,STRONG,py-data-structures,PRIMARY,Python Software Foundation,Python Docs: Functions & modules,documentation,https://docs.python.org/3/tutorial/modules.html,EXACT,ARTICLE_SECTION,,,27,modules.html,modules.html,27,MEDIUM,VERIFIED_COVERAGE,py-functions-modules-functions-modules;py-functions-modules-organize-code-into-functions-and-importa,ACTION_CHECKLIST,2,LOCAL_IDE,local,9,,1d→3d→7d→14d→30d adaptive
Python,py-oop,Python OOP,py-oop-core,Python OOP,Model problems with classes and composition.,CORE,STRONG,py-functions-modules,PRIMARY,Python Software Foundation,Python Docs: Python OOP,documentation,https://docs.python.org/3/tutorial/classes.html,EXACT,ARTICLE_SECTION,,,39,classes.html,classes.html,39,MEDIUM,VERIFIED_COVERAGE,py-oop-python-oop;py-oop-model-problems-with-classes-and-composit,ACTION_CHECKLIST,2,LOCAL_IDE,local,9,,1d→3d→7d→14d→30d adaptive
Python,py-testing,pytest for Python,py-testing-core,pytest for Python,Write and run pytest unit tests.,CORE,STRONG,py-functions-modules;se-unit-tests,PRIMARY,pytest,pytest: pytest for Python,documentation,https://docs.pytest.org/en/stable/,EXACT,ARTICLE_SECTION,,,10,stable,stable,10,MEDIUM,VERIFIED_COVERAGE,py-testing-pytest-for-python;py-testing-write-and-run-pytest-unit-tests,ACTION_CHECKLIST,2,LOCAL_IDE,local,9,,1d→3d→7d→14d→30d adaptive
Web Development,web-html-basics,HTML basics,web-html-basics-core,HTML basics,Structure documents with semantic HTML elements.,SPECIALIZATION,WORKING_KNOWLEDGE,,PRIMARY,MDN,MDN: HTML basics,documentation,https://developer.mozilla.org/en-US/docs/Learn_web_development/Core/Structuring_content,EXACT,ARTICLE_SECTION,,,14,Structuring_content,Structuring_content,14,MEDIUM,VERIFIED_COVERAGE,web-html-basics-html-basics;web-html-basics-structure-documents-with-semantic-html-e,ACTION_CHECKLIST,2,OFFICIAL_EXERCISE,https://developer.mozilla.org/,9,,1d→3d→7d→14d→30d adaptive
Web Development,web-css-basics,CSS basics,web-css-basics-core,CSS basics,"Style layouts with CSS selectors, box model, and flexbox.",SPECIALIZATION,WORKING_KNOWLEDGE,web-html-basics,PRIMARY,MDN,MDN: CSS basics,documentation,https://developer.mozilla.org/en-US/docs/Learn_web_development/Core/Styling_basics,EXACT,ARTICLE_SECTION,,,14,Styling_basics,Styling_basics,14,MEDIUM,VERIFIED_COVERAGE,web-css-basics-css-basics;web-css-basics-style-layouts-with-css-selectors-box-mod,ACTION_CHECKLIST,2,OFFICIAL_EXERCISE,https://developer.mozilla.org/,9,,1d→3d→7d→14d→30d adaptive
Web Development,web-responsive,Responsive design,web-responsive-core,Responsive design,Make layouts adapt across viewports with media queries.,SPECIALIZATION,WORKING_KNOWLEDGE,web-css-basics,PRIMARY,MDN,MDN: Responsive design,documentation,https://developer.mozilla.org/en-US/docs/Learn_web_development/Core/CSS_layout/Responsive_Design,EXACT,ARTICLE_SECTION,,,26,Responsive_Design,Responsive_Design,26,MEDIUM,VERIFIED_COVERAGE,web-responsive-responsive-design;web-responsive-make-layouts-adapt-across-viewports-with,ACTION_CHECKLIST,2,OFFICIAL_EXERCISE,https://developer.mozilla.org/,9,,1d→3d→7d→14d→30d adaptive
Web Development,web-js-basics,JavaScript basics,web-js-basics-core,JavaScript basics,"Use JS variables, functions, DOM events for interactive pages.",SPECIALIZATION,WORKING_KNOWLEDGE,web-html-basics,PRIMARY,MDN,MDN: JavaScript basics,documentation,https://developer.mozilla.org/en-US/docs/Learn_web_development/Core/Scripting,EXACT,ARTICLE_SECTION,,,15,Scripting,Scripting,15,MEDIUM,VERIFIED_COVERAGE,web-js-basics-javascript-basics;web-js-basics-js-variables-functions-dom-events-for-in,ACTION_CHECKLIST,2,OFFICIAL_EXERCISE,https://developer.mozilla.org/,9,,1d→3d→7d→14d→30d adaptive
Web Development,web-ts-intro,TypeScript intro,web-ts-intro-core,TypeScript intro,Add static types to JavaScript modules.,SPECIALIZATION,WORKING_KNOWLEDGE,web-js-basics,PRIMARY,TypeScript,TypeScript: TypeScript intro,documentation,https://www.typescriptlang.org/docs/handbook/typescript-from-scratch.html,EXACT,ARTICLE_SECTION,,,14,typescript-from-scratch.html,typescript-from-scratch.html,14,MEDIUM,VERIFIED_COVERAGE,web-ts-intro-typescript-intro;web-ts-intro-add-static-types-to-javascript-modules,ACTION_CHECKLIST,2,OFFICIAL_EXERCISE,https://developer.mozilla.org/,9,,1d→3d→7d→14d→30d adaptive
Web Development,web-react-intro,React intro,web-react-intro-core,React intro,"Build UI with components, props, and state.",SPECIALIZATION,WORKING_KNOWLEDGE,web-js-basics,PRIMARY,React,React: React intro,documentation,https://react.dev/learn,EXACT,ARTICLE_SECTION,,,19,learn,learn,19,MEDIUM,VERIFIED_COVERAGE,web-react-intro-react-intro;web-react-intro-ui-with-components-props-and-state,ACTION_CHECKLIST,2,OFFICIAL_EXERCISE,https://developer.mozilla.org/,9,Fullstack Todo,1d→3d→7d→14d→30d adaptive
Web Development,web-nextjs-intro,Next.js intro,web-nextjs-intro-core,Next.js intro,Create a Next.js app with routing and data fetching.,SPECIALIZATION,WORKING_KNOWLEDGE,web-react-intro,PRIMARY,Next.js,Next.js: Next.js intro,documentation,https://nextjs.org/docs/app/getting-started,EXACT,ARTICLE_SECTION,,,10,getting-started,getting-started,10,MEDIUM,VERIFIED_COVERAGE,web-nextjs-intro-next-js-intro;web-nextjs-intro-a-next-js-app-with-routing-and-data-fetc,ACTION_CHECKLIST,2,OFFICIAL_EXERCISE,https://developer.mozilla.org/,9,,1d→3d→7d→14d→30d adaptive
Web Development,web-forms-a11y,Forms & accessibility,web-forms-a11y-core,Forms & accessibility,Build accessible forms with labels and keyboard support.,SPECIALIZATION,WORKING_KNOWLEDGE,web-html-basics;web-css-basics,PRIMARY,MDN,MDN: Forms & accessibility,documentation,https://developer.mozilla.org/en-US/docs/Learn_web_development/Extensions/Forms,EXACT,ARTICLE_SECTION,,,12,Forms,Forms,12,MEDIUM,VERIFIED_COVERAGE,web-forms-a11y-forms-accessibility;web-forms-a11y-accessible-forms-with-labels-and-keyboar,ACTION_CHECKLIST,2,OFFICIAL_EXERCISE,https://developer.mozilla.org/,9,,1d→3d→7d→14d→30d adaptive
Networking,net-internet-basics,Internet basics,net-internet-basics-core,Internet basics,Explain how clients reach servers over the internet.,SPECIALIZATION,WORKING_KNOWLEDGE,,PRIMARY,MDN,MDN: Internet basics,documentation,https://developer.mozilla.org/en-US/docs/Learn_web_development/Howto/Web_mechanics/How_does_the_Internet_work,EXACT,ARTICLE_SECTION,,,13,How_does_the_Internet_work,How_does_the_Internet_work,13,MEDIUM,VERIFIED_COVERAGE,net-internet-basics-internet-basics;net-internet-basics-how-clients-reach-servers-over-the-inter,ACTION_CHECKLIST,3,,,9,,1d→3d→7d→14d→30d adaptive
Networking,net-dns,DNS,net-dns-core,DNS,Resolve hostnames to IP addresses.,SPECIALIZATION,WORKING_KNOWLEDGE,net-internet-basics,PRIMARY,MDN,MDN: DNS,documentation,https://developer.mozilla.org/en-US/docs/Learn_web_development/Howto/Web_mechanics/What_is_a_domain_name,EXACT,ARTICLE_SECTION,,,13,What is a domain name / DNS,What is a domain name / DNS,13,MEDIUM,VERIFIED_COVERAGE,net-dns-dns;net-dns-resolve-hostnames-to-ip-addresses,ACTION_CHECKLIST,3,,,9,,1d→3d→7d→14d→30d adaptive
Networking,net-tcp-udp,TCP vs UDP,net-tcp-udp-core,TCP vs UDP,Contrast reliable streams vs datagrams.,SPECIALIZATION,WORKING_KNOWLEDGE,net-internet-basics,PRIMARY,MDN,MDN: TCP vs UDP,documentation,https://www.geeksforgeeks.org/differences-between-tcp-and-udp/,EXACT,ARTICLE_SECTION,,,10,Differences between TCP and UDP,Differences between TCP and UDP,10,MEDIUM,VERIFIED_COVERAGE,net-tcp-udp-tcp-vs-udp;net-tcp-udp-contrast-reliable-streams-vs-datagrams,ACTION_CHECKLIST,3,,,9,,1d→3d→7d→14d→30d adaptive
Networking,net-http,HTTP deep dive,net-http-core,HTTP deep dive,"Use methods, headers, status codes, and caching headers correctly.",SPECIALIZATION,WORKING_KNOWLEDGE,net-internet-basics;be-http,PRIMARY,MDN,MDN: HTTP deep dive,documentation,https://developer.mozilla.org/en-US/docs/Web/HTTP,EXACT,ARTICLE_SECTION,,,15,HTTP,HTTP,15,MEDIUM,VERIFIED_COVERAGE,net-http-http-deep-dive;net-http-methods-headers-status-codes-and-caching,ACTION_CHECKLIST,3,,,9,,1d→3d→7d→14d→30d adaptive
Networking,net-https-tls,HTTPS & TLS,net-https-tls-core,HTTPS & TLS,Explain certificates and encrypted transport.,SPECIALIZATION,WORKING_KNOWLEDGE,net-http,PRIMARY,MDN,MDN: HTTPS & TLS,documentation,https://developer.mozilla.org/en-US/docs/Glossary/TLS,EXACT,ARTICLE_SECTION,,,10,TLS,TLS,10,MEDIUM,VERIFIED_COVERAGE,net-https-tls-https-tls;net-https-tls-certificates-and-encrypted-transport,ACTION_CHECKLIST,3,,,9,,1d→3d→7d→14d→30d adaptive
Networking,net-websockets,WebSockets,net-websockets-core,WebSockets,Use persistent bidirectional channels when needed.,SPECIALIZATION,WORKING_KNOWLEDGE,net-http,PRIMARY,MDN,MDN: WebSockets,documentation,https://developer.mozilla.org/en-US/docs/Web/API/WebSockets_API,EXACT,ARTICLE_SECTION,,,11,WebSockets_API,WebSockets_API,11,MEDIUM,VERIFIED_COVERAGE,net-websockets-websockets;net-websockets-persistent-bidirectional-channels-when-n,ACTION_CHECKLIST,3,,,9,,1d→3d→7d→14d→30d adaptive
DevOps / Platform,ops-docker-intro,Docker intro,ops-docker-intro-core,Docker intro,Build and run containers from Dockerfiles.,SPECIALIZATION,WORKING_KNOWLEDGE,cf-shell,PRIMARY,Docker,Docker: Docker intro,documentation,https://docs.docker.com/get-started/,EXACT,ARTICLE_SECTION,,,11,get-started,get-started,11,MEDIUM,VERIFIED_COVERAGE,ops-docker-intro-docker-intro;ops-docker-intro-and-run-containers-from-dockerfiles,ACTION_CHECKLIST,3,,,9,Dockerized Service;ML Deployment Project,1d→3d→7d→14d→30d adaptive
DevOps / Platform,ops-compose,Docker Compose,ops-compose-core,Docker Compose,Orchestrate multi-service local stacks.,SPECIALIZATION,WORKING_KNOWLEDGE,ops-docker-intro,PRIMARY,Docker,Docker: Docker Compose,documentation,https://docs.docker.com/compose/,EXACT,ARTICLE_SECTION,,,11,compose,compose,11,MEDIUM,VERIFIED_COVERAGE,ops-compose-docker-compose;ops-compose-orchestrate-multi-service-local-stacks,ACTION_CHECKLIST,3,,,9,,1d→3d→7d→14d→30d adaptive
DevOps / Platform,ops-ci-github-actions,GitHub Actions CI,ops-ci-github-actions-core,GitHub Actions CI,Automate test/build on push.,SPECIALIZATION,WORKING_KNOWLEDGE,se-ci-basics,PRIMARY,GitHub,GitHub: GitHub Actions CI,documentation,https://docs.github.com/en/actions,EXACT,ARTICLE_SECTION,,,10,actions,actions,10,MEDIUM,VERIFIED_COVERAGE,ops-ci-github-actions-github-actions-ci;ops-ci-github-actions-automate-test-build-on-push,ACTION_CHECKLIST,3,,,9,,1d→3d→7d→14d→30d adaptive
DevOps / Platform,ops-linux-services,Linux services basics,ops-linux-services-core,Linux services basics,Manage long-running services and logs.,SPECIALIZATION,WORKING_KNOWLEDGE,cf-linux-processes,PRIMARY,man7,man7: Linux services basics,documentation,https://man7.org/linux/man-pages/man1/systemctl.1.html,EXACT,ARTICLE_SECTION,,,75,systemctl.1.html,systemctl.1.html,75,MEDIUM,VERIFIED_COVERAGE,ops-linux-services-linux-services-basics;ops-linux-services-manage-long-running-services-and-logs,ACTION_CHECKLIST,3,,,9,,1d→3d→7d→14d→30d adaptive
DevOps / Platform,ops-k8s-awareness,Kubernetes awareness,ops-k8s-awareness-core,Kubernetes awareness,"Explain pods, services, and deployments at awareness level.",OPTIONAL,AWARENESS,ops-docker-intro;ops-compose,PRIMARY,Kubernetes,Kubernetes: Kubernetes awareness,documentation,https://kubernetes.io/docs/concepts/overview/,EXACT,ARTICLE_SECTION,,,14,overview,overview,14,MEDIUM,VERIFIED_COVERAGE,ops-k8s-awareness-kubernetes-awareness;ops-k8s-awareness-pods-services-and-deployments-at-awarene,ACTION_CHECKLIST,3,,,9,,1d→3d→7d→14d→30d adaptive
DevOps / Platform,ops-observability,Observability basics,ops-observability-core,Observability basics,"Use logs, metrics, and traces for runtime insight.",SPECIALIZATION,WORKING_KNOWLEDGE,ops-docker-intro,PRIMARY,OpenTelemetry,OpenTelemetry: Observability basics,documentation,https://opentelemetry.io/docs/concepts/observability-primer/,EXACT,ARTICLE_SECTION,,,11,observability-primer,observability-primer,11,MEDIUM,VERIFIED_COVERAGE,ops-observability-observability-basics;ops-observability-logs-metrics-and-traces-for-runtime-insi,ACTION_CHECKLIST,3,,,9,,1d→3d→7d→14d→30d adaptive
Data Science,ds-numpy,NumPy foundations,ds-numpy-core,NumPy foundations,Manipulate arrays with NumPy.,SPECIALIZATION,WORKING_KNOWLEDGE,math-vectors,PRIMARY,NumPy,NumPy: NumPy foundations,documentation,https://numpy.org/doc/stable/user/absolute_beginners.html,EXACT,ARTICLE_SECTION,,,56,absolute_beginners.html,absolute_beginners.html,56,MEDIUM,VERIFIED_COVERAGE,ds-numpy-numpy-foundations;ds-numpy-manipulate-arrays-with-numpy,ACTION_CHECKLIST,2,LOCAL_IDE,local,9,,1d→3d→7d→14d→30d adaptive
Data Science,ds-pandas,Pandas foundations,ds-pandas-core,Pandas foundations,Load and transform tabular data with Pandas.,SPECIALIZATION,WORKING_KNOWLEDGE,ds-numpy,PRIMARY,Pandas,Pandas: Pandas foundations,documentation,https://pandas.pydata.org/docs/getting_started/intro_tutorials/01_table_oriented.html,EXACT,ARTICLE_SECTION,,,10,What kind of data does pandas handle,What kind of data does pandas handle,10,MEDIUM,VERIFIED_COVERAGE,ds-pandas-pandas-foundations;ds-pandas-load-and-transform-tabular-data-with-pan,ACTION_CHECKLIST,2,LOCAL_IDE,local,9,,1d→3d→7d→14d→30d adaptive
Data Science,ds-eda,Exploratory data analysis,ds-eda-core,Exploratory data analysis,Explore distributions and relationships before modeling.,SPECIALIZATION,WORKING_KNOWLEDGE,ds-pandas;math-stats-summary,PRIMARY,Pandas,Pandas: Exploratory data analysis,documentation,https://pandas.pydata.org/docs/user_guide/10min.html,EXACT,ARTICLE_SECTION,,,36,10 minutes to pandas,10 minutes to pandas,36,MEDIUM,VERIFIED_COVERAGE,ds-eda-exploratory-data-analysis;ds-eda-explore-distributions-and-relationships,ACTION_CHECKLIST,2,LOCAL_IDE,local,9,Data Analysis Project,1d→3d→7d→14d→30d adaptive
Data Science,ds-feature-eng,Feature engineering,ds-feature-eng-core,Feature engineering,Create usable features without leakage.,SPECIALIZATION,WORKING_KNOWLEDGE,ds-eda,PRIMARY,scikit-learn,scikit-learn: Feature engineering,documentation,https://scikit-learn.org/stable/modules/preprocessing.html,EXACT,ARTICLE_SECTION,,,49,preprocessing.html,preprocessing.html,49,MEDIUM,VERIFIED_COVERAGE,ds-feature-eng-feature-engineering;ds-feature-eng-usable-features-without-leakage,ACTION_CHECKLIST,2,LOCAL_IDE,local,9,,1d→3d→7d→14d→30d adaptive
Data Science,ds-sql-analytics,SQL for analytics,ds-sql-analytics-core,SQL for analytics,Answer analytical questions with SQL aggregations.,SPECIALIZATION,WORKING_KNOWLEDGE,db-sql-select;ds-pandas,PRIMARY,PostgreSQL,PostgreSQL: SQL for analytics,documentation,https://www.postgresql.org/docs/current/tutorial-agg.html,EXACT,ARTICLE_SECTION,,,10,Aggregate functions,Aggregate functions,10,MEDIUM,VERIFIED_COVERAGE,ds-sql-analytics-sql-for-analytics;ds-sql-analytics-answer-analytical-questions-with-sql-agg,ACTION_CHECKLIST,2,LOCAL_IDE,local,9,,1d→3d→7d→14d→30d adaptive
Deep Learning,dl-nn-basics,Neural network basics,dl-nn-basics-core,Neural network basics,"Explain layers, activations, and forward pass.",SPECIALIZATION,DEEP,ml-sklearn-pipeline;math-gradient-intuition;dl-perceptron,PRIMARY,PyTorch,PyTorch Basics Intro,documentation,https://cs231n.github.io/neural-networks-1/,EXACT,ARTICLE_SECTION,,,32,Neural Networks Part 1 — architecture,Neural Networks Part 1 — architecture,32,MEDIUM,VERIFIED_COVERAGE,dl-nn-basics-neural-network-basics;dl-nn-basics-layers-activations-and-forward-pass,ACTION_CHECKLIST,3,,,9,Deep Learning Mini-Project,1d→3d→7d→14d→30d adaptive
Deep Learning,dl-backprop,Backpropagation intuition,dl-backprop-core,Backpropagation intuition,Relate loss gradients to parameter updates.,SPECIALIZATION,DEEP,dl-nn-basics;dl-computational-graphs,PRIMARY,PyTorch,Automatic Differentiation with torch.autograd,documentation,https://cs231n.github.io/optimization-2/,EXACT,ARTICLE_SECTION,,,31,Backpropagation and gradient computation,Backpropagation and gradient computation,31,MEDIUM,VERIFIED_COVERAGE,dl-backprop-backpropagation-intuition;dl-backprop-relate-loss-gradients-to-parameter-updat,ACTION_CHECKLIST,3,,,9,,1d→3d→7d→14d→30d adaptive
Deep Learning,dl-cnn,CNN basics,dl-cnn-core,CNN basics,Use convolutions for spatial data.,SPECIALIZATION,DEEP,dl-nn-basics;dl-cnn-foundations,PRIMARY,PyTorch,Training a Classifier (CIFAR10),documentation,https://cs231n.github.io/convolutional-networks/,EXACT,ARTICLE_SECTION,,,57,Convolutional Neural Networks,Convolutional Neural Networks,57,MEDIUM,VERIFIED_COVERAGE,dl-cnn-cnn-basics;dl-cnn-convolutions-for-spatial-data,ACTION_CHECKLIST,3,,,9,,1d→3d→7d→14d→30d adaptive
Deep Learning,dl-transformers-intro,Transformers intro,dl-transformers-intro-core,Transformers intro,Explain attention and transformer blocks at working level.,SPECIALIZATION,DEEP,dl-nn-basics;dl-transformers-foundations,PRIMARY,Hugging Face,Hugging Face: Transformers intro,documentation,https://huggingface.co/learn/nlp-course/chapter1/4,EXACT,ARTICLE_SECTION,,,18,4,4,18,MEDIUM,VERIFIED_COVERAGE,dl-transformers-intro-transformers-intro;dl-transformers-intro-attention-and-transformer-blocks-at-work,ACTION_CHECKLIST,3,,,9,,1d→3d→7d→14d→30d adaptive
Generative AI / LLMs,genai-embeddings,Embeddings & semantic search,genai-embeddings-core,Embeddings & semantic search,Embed text and retrieve similar chunks.,SPECIALIZATION,DEEP,dl-transformers-intro,PRIMARY,OpenAI,OpenAI: Embeddings & semantic search,documentation,https://platform.openai.com/docs/guides/embeddings,EXACT,ARTICLE_SECTION,,,35,embeddings,embeddings,35,MEDIUM,VERIFIED_COVERAGE,genai-embeddings-embeddings-semantic-search;genai-embeddings-embed-text-and-retrieve-similar-chunks,ACTION_CHECKLIST,3,,,9,,1d→3d→7d→14d→30d adaptive
Generative AI / LLMs,genai-rag,RAG systems,genai-rag-core,RAG systems,Retrieve context and ground LLM answers.,SPECIALIZATION,DEEP,genai-embeddings;be-fastapi-intro;genai-chunking-retrieval,PRIMARY,DeepLearning.AI,DeepLearning.AI: RAG systems,documentation,https://python.langchain.com/docs/concepts/rag/,EXACT,ARTICLE_SECTION,,,14,RAG concepts,RAG concepts,14,MEDIUM,VERIFIED_COVERAGE,genai-rag-rag-systems;genai-rag-retrieve-context-and-ground-llm-answers,ACTION_CHECKLIST,3,,,9,RAG Application,1d→3d→7d→14d→30d adaptive
Generative AI / LLMs,genai-agents,Tool-using agents,genai-agents-core,Tool-using agents,Orchestrate tools with guarded agent loops.,SPECIALIZATION,DEEP,genai-rag;ai-eng-agent-loops,PRIMARY,OpenAI,OpenAI: Tool-using agents,documentation,https://platform.openai.com/docs/guides/function-calling,EXACT,ARTICLE_SECTION,,,75,function-calling,function-calling,75,MEDIUM,VERIFIED_COVERAGE,genai-agents-tool-using-agents;genai-agents-orchestrate-tools-with-guarded-agent-loo,ACTION_CHECKLIST,3,,,9,AI Agent System,1d→3d→7d→14d→30d adaptive
Generative AI / LLMs,genai-eval,LLM evaluation,genai-eval-core,LLM evaluation,Evaluate answer quality with explicit rubrics.,SPECIALIZATION,DEEP,genai-rag,PRIMARY,OpenAI,OpenAI Evals guide,documentation,https://platform.openai.com/docs/guides/evals,EXACT,ARTICLE_SECTION,,,42,Evals,Evals,42,MEDIUM,VERIFIED_COVERAGE,genai-eval-llm-evaluation;genai-eval-evaluate-answer-quality-with-explicit-ru,ACTION_CHECKLIST,3,,,9,AI Agent System,1d→3d→7d→14d→30d adaptive
Generative AI / LLMs,genai-what-is-lm,What is a language model?,genai-what-is-lm-lesson,What is a language model?,Probability distribution over next tokens; sampling makes it generative,CORE,INTUITION,nlp-sequence-modeling,PRIMARY,Hugging Face LLM Course,What language models are,documentation,https://raw.githubusercontent.com/d2l-ai/d2l-en/master/chapter_recurrent-neural-networks/language-model.md,EXACT,FULL_SINGLE_PAGE,,,20,FULL_SINGLE_PAGE,FULL_SINGLE_PAGE,20,MEDIUM,VERIFIED_COVERAGE,next-token-dist;sampling-generates,EXPLAIN,1,SELF_CHECK,,5,,1d→3d→7d→14d→30d adaptive
Generative AI / LLMs,genai-next-token-prediction,Next-token prediction,genai-next-token-prediction-lesson,Next-token prediction,Train loop of masking/predicting; emergent capability framing,CORE,MECHANICS,genai-what-is-lm,PRIMARY,Hugging Face LLM Course,Next-token objective,documentation,https://raw.githubusercontent.com/d2l-ai/d2l-en/master/chapter_recurrent-neural-networks/language-model.md,EXACT,FULL_SINGLE_PAGE,,,20,FULL_SINGLE_PAGE,FULL_SINGLE_PAGE,20,MEDIUM,VERIFIED_COVERAGE,,TRACE,1,SELF_CHECK,,5,,1d→3d→7d→14d→30d adaptive
Generative AI / LLMs,genai-tokenization-llm,LLM tokenization,genai-tokenization-llm-lesson,LLM tokenization,BPE subwords in production LLMs; cost/context implications of token counts,CORE,MECHANICS,genai-next-token-prediction;nlp-tokenization-nlp,PRIMARY,Hugging Face LLM Course,Tokenization for LLMs,documentation,https://raw.githubusercontent.com/huggingface/course/main/chapters/en/chapter2/2.mdx,EXACT,FULL_SINGLE_PAGE,,,20,FULL_SINGLE_PAGE,FULL_SINGLE_PAGE,20,MEDIUM,VERIFIED_COVERAGE,bpe-production,TRACE,1,SELF_CHECK,,5,,1d→3d→7d→14d→30d adaptive
Generative AI / LLMs,genai-pretraining-finetuning,Pretraining → fine-tuning pipeline,genai-pretraining-finetuning-lesson,Pretraining → fine-tuning pipeline,Stages from base model to usable assistant; data mixes at each stage,CORE,MECHANICS,genai-next-token-prediction,PRIMARY,Hugging Face LLM Course,Pretraining/fine-tuning lifecycle,documentation,https://raw.githubusercontent.com/huggingface/blog/main/rlhf.md,EXACT,FULL_SINGLE_PAGE,,,25,FULL_SINGLE_PAGE,FULL_SINGLE_PAGE,25,MEDIUM,VERIFIED_COVERAGE,stage-pipeline;data-mixes,TRACE,1,SELF_CHECK,,5,,1d→3d→7d→14d→30d adaptive
Generative AI / LLMs,genai-instruction-tuning-rlhf,Instruction tuning & RLHF awareness,genai-instruction-tuning-rlhf-lesson,Instruction tuning & RLHF awareness,SFT then preference optimization; alignment vs capability distinction,CORE,AWARENESS,genai-pretraining-finetuning,PRIMARY,Hugging Face LLM Course,Instruction tuning & preference tuning,documentation,https://raw.githubusercontent.com/huggingface/blog/main/rlhf.md,EXACT,FULL_SINGLE_PAGE,,,25,FULL_SINGLE_PAGE,FULL_SINGLE_PAGE,25,MEDIUM,VERIFIED_COVERAGE,sft-on-instructions;rlhf-dpo-overview;alignment-vs-capability,RECALL,1,SELF_CHECK,,5,,1d→3d→7d→14d→30d adaptive
Generative AI / LLMs,genai-inference-parameters,Inference parameters,genai-inference-parameters-lesson,Inference parameters,Temperature/top-k/top-p steering; determinism vs creativity dial,CORE,MECHANICS,genai-what-is-lm,PRIMARY,OpenAI,Chat completion parameters,documentation,https://www.promptingguide.ai/introduction/settings,EXACT,FULL_SINGLE_PAGE,,,20,FULL_SINGLE_PAGE,FULL_SINGLE_PAGE,20,MEDIUM,VERIFIED_COVERAGE,temperature-steering;top-k-top-p;determinism-dial,TRACE,1,SELF_CHECK,,5,,1d→3d→7d→14d→30d adaptive
Generative AI / LLMs,genai-context-windows,Context windows,genai-context-windows-lesson,Context windows,Finite attention span economics; truncation strategies,CORE,MECHANICS,genai-tokenization-llm,PRIMARY,Anthropic,Context windows guidance,documentation,https://docs.anthropic.com/en/docs/build-with-claude/context-windows,EXACT,ARTICLE_SECTION,,,15,through Token usage tips end,through Token usage tips end,15,MEDIUM,VERIFIED_COVERAGE,finite-span,TRACE,1,SELF_CHECK,,5,,1d→3d→7d→14d→30d adaptive
Generative AI / LLMs,genai-prompt-engineering,Prompt engineering,genai-prompt-engineering-lesson,Prompt engineering,Role/format/examples patterns; iteration discipline and eval harnesses,CORE,APPLICATION,genai-context-windows,PRIMARY,OpenAI,Prompt engineering guide,documentation,https://www.promptingguide.ai/introduction/tips,EXACT,FULL_SINGLE_PAGE,,,25,FULL_SINGLE_PAGE,FULL_SINGLE_PAGE,25,MEDIUM,VERIFIED_COVERAGE,role-format-examples;iteration-eval;clear-instructions,SOLVE,1,NOTEBOOK,,5,,1d→3d→7d→14d→30d adaptive
Generative AI / LLMs,genai-vector-databases,Vector databases,genai-vector-databases-lesson,Vector databases,ANN indexes trade recall/latency; persistence and filtering basics,CORE,MECHANICS,genai-embeddings,PRIMARY,OpenAI,Embeddings & similarity storage,documentation,https://platform.openai.com/docs/guides/embeddings,EXACT,FULL_SINGLE_PAGE,,,25,FULL_SINGLE_PAGE,FULL_SINGLE_PAGE,25,MEDIUM,VERIFIED_COVERAGE,ann-indexes;recall-latency-tradeoff;metadata-filter,TRACE,1,SELF_CHECK,,5,,1d→3d→7d→14d→30d adaptive
Generative AI / LLMs,genai-chunking-retrieval,Chunking & retrieval,genai-chunking-retrieval-lesson,Chunking & retrieval,Split documents semantically; embed chunks; rank and rerank,CORE,MECHANICS,genai-vector-databases,PRIMARY,Hugging Face LLM Course,Retrieval-augmented generation,documentation,https://python.langchain.com/docs/tutorials/rag/,EXACT,FULL_SINGLE_PAGE,,,25,FULL_SINGLE_PAGE,FULL_SINGLE_PAGE,25,MEDIUM,VERIFIED_COVERAGE,semantic-chunking,TRACE,1,SELF_CHECK,,5,,1d→3d→7d→14d→30d adaptive
Generative AI / LLMs,genai-hallucinations-guardrails,Hallucinations & guardrails,genai-hallucinations-guardrails-lesson,Hallucinations & guardrails,"Why fluent ≠ factual; grounding, validation, refusal patterns",CORE,MECHANICS,genai-rag;genai-eval,PRIMARY,OpenAI,Production best practices,documentation,https://www.promptingguide.ai/risks,EXACT,FULL_SINGLE_PAGE,,,25,FULL_SINGLE_PAGE,FULL_SINGLE_PAGE,25,MEDIUM,VERIFIED_COVERAGE,fluent-unfactual,TRACE,1,SELF_CHECK,,5,,1d→3d→7d→14d→30d adaptive
Generative AI / LLMs,genai-lora-peft,LoRA & parameter-efficient fine-tuning,genai-lora-peft-lesson,LoRA & parameter-efficient fine-tuning,Train low-rank adapters instead of full weights; memory tradeoffs,CORE,MECHANICS,genai-pretraining-finetuning,PRIMARY,Hugging Face,PEFT / LoRA documentation,documentation,https://huggingface.co/docs/peft/index,EXACT,ARTICLE_SECTION,,,25,above; content inspection pending,above; content inspection pending,25,MEDIUM,VERIFIED_COVERAGE,low-rank-adapters;memory-tradeoffs,TRACE,1,SELF_CHECK,,5,,1d→3d→7d→14d→30d adaptive
Generative AI / LLMs,genai-production-serving,LLM serving economics,genai-production-serving-lesson,LLM serving economics,"Latency/throughput levers, KV-cache reuse, cost per token, autoscaling",CORE,MECHANICS,genai-inference-parameters,PRIMARY,vLLM,vLLM serving engine docs,documentation,https://docs.vllm.ai/en/latest/,EXACT,ARTICLE_SECTION,,,25,above; content inspection pending,above; content inspection pending,25,MEDIUM,VERIFIED_COVERAGE,throughput-latency;cost-cache,TRACE,1,SELF_CHECK,,5,,1d→3d→7d→14d→30d adaptive
MLOps,mlops-tracking,Experiment tracking,mlops-tracking-core,Experiment tracking,Track params/metrics/artifacts for experiments.,SPECIALIZATION,STRONG,ml-sklearn-pipeline,PRIMARY,MLflow,MLflow: Experiment tracking,documentation,https://mlflow.org/docs/latest/ml/tracking/,EXACT,ARTICLE_SECTION,,,22,MLflow Tracking,MLflow Tracking,22,MEDIUM,VERIFIED_COVERAGE,mlops-tracking-experiment-tracking;mlops-tracking-track-params-metrics-artifacts-for-exper,ACTION_CHECKLIST,3,,,9,,1d→3d→7d→14d→30d adaptive
MLOps,mlops-model-packaging,Model packaging,mlops-model-packaging-core,Model packaging,Package models for reproducible serving.,SPECIALIZATION,STRONG,mlops-tracking,PRIMARY,MLflow,MLflow: Model packaging,documentation,https://mlflow.org/docs/latest/ml/model/,EXACT,ARTICLE_SECTION,,,68,MLflow Models,MLflow Models,68,MEDIUM,VERIFIED_COVERAGE,mlops-model-packaging-model-packaging;mlops-model-packaging-package-models-for-reproducible-serving,ACTION_CHECKLIST,3,,,9,,1d→3d→7d→14d→30d adaptive
MLOps,mlops-serving,Model serving APIs,mlops-serving-core,Model serving APIs,Serve predictions behind an HTTP API.,SPECIALIZATION,STRONG,mlops-model-packaging;be-fastapi-intro,PRIMARY,FastAPI,FastAPI: Model serving APIs,documentation,https://fastapi.tiangolo.com/tutorial/first-steps/,EXACT,ARTICLE_SECTION,,,18,first-steps,first-steps,18,MEDIUM,VERIFIED_COVERAGE,mlops-serving-model-serving-apis;mlops-serving-serve-predictions-behind-an-http-api,ACTION_CHECKLIST,3,,,9,ML Deployment Project,1d→3d→7d→14d→30d adaptive
MLOps,mlops-monitoring,Model monitoring basics,mlops-monitoring-core,Model monitoring basics,Watch for drift and quality regressions.,SPECIALIZATION,STRONG,mlops-serving,PRIMARY,Evidently,Model monitoring overview,documentation,https://www.evidentlyai.com/ml-in-production/model-monitoring,EXACT,ARTICLE_SECTION,,,40,Model monitoring,Model monitoring,40,MEDIUM,VERIFIED_COVERAGE,mlops-monitoring-model-monitoring-basics;mlops-monitoring-watch-for-drift-and-quality-regressions,ACTION_CHECKLIST,3,,,9,,1d→3d→7d→14d→30d adaptive
AI Engineering / Agents,ai-eng-structured-output,Structured output,ai-eng-structured-output-lesson,Structured output,Schema-constrained generation; JSON modes and validation loops,CORE,MECHANICS,genai-prompt-engineering,PRIMARY,OpenAI,Structured outputs,documentation,https://platform.openai.com/docs/guides/structured-outputs,EXACT,FULL_SINGLE_PAGE,,,20,FULL_SINGLE_PAGE,FULL_SINGLE_PAGE,20,MEDIUM,VERIFIED_COVERAGE,schema-constraint;validation-retry,TRACE,1,SELF_CHECK,,5,,1d→3d→7d→14d→30d adaptive
AI Engineering / Agents,ai-eng-tool-calling,Tool calling,ai-eng-tool-calling-lesson,Tool calling,Model decides to invoke tools; request/response contract design,CORE,MECHANICS,ai-eng-structured-output,PRIMARY,OpenAI,Function/tool calling,documentation,https://platform.openai.com/docs/guides/function-calling,EXACT,FULL_SINGLE_PAGE,,,25,FULL_SINGLE_PAGE,FULL_SINGLE_PAGE,25,MEDIUM,VERIFIED_COVERAGE,tool-decision;contract-design,TRACE,1,SELF_CHECK,,5,,1d→3d→7d→14d→30d adaptive
AI Engineering / Agents,ai-eng-function-calling,Function calling patterns,ai-eng-function-calling-lesson,Function calling patterns,"Typed signatures, error surfacing, idempotency for model-invoked functions",CORE,MECHANICS,ai-eng-tool-calling,PRIMARY,Anthropic,Tool use implementation,documentation,https://docs.anthropic.com/en/docs/build-with-claude/tool-use,EXACT,FULL_SINGLE_PAGE,,,20,FULL_SINGLE_PAGE,FULL_SINGLE_PAGE,20,MEDIUM,VERIFIED_COVERAGE,typed-signatures;error-idempotency,TRACE,1,SELF_CHECK,,5,,1d→3d→7d→14d→30d adaptive
AI Engineering / Agents,ai-eng-agent-loops,Agent loops,ai-eng-agent-loops-lesson,Agent loops,Observe→think→act cycles with termination conditions; runaway-cost guards,CORE,MECHANICS,ai-eng-tool-calling,PRIMARY,Anthropic,Building effective agents,documentation,https://www.anthropic.com/engineering/building-effective-agents,EXACT,FULL_SINGLE_PAGE,,,30,FULL_SINGLE_PAGE,FULL_SINGLE_PAGE,30,MEDIUM,VERIFIED_COVERAGE,observe-think-act;termination-guards,TRACE,1,SELF_CHECK,,6,,1d→3d→7d→14d→30d adaptive
AI Engineering / Agents,ai-eng-planning-memory,Planning & memory,ai-eng-planning-memory-lesson,Planning & memory,Task decomposition strategies; short-term scratchpad vs long-term stores,CORE,MECHANICS,ai-eng-agent-loops,PRIMARY,Anthropic,Planning & memory in agent systems,documentation,https://www.anthropic.com/engineering/building-effective-agents,EXACT,FULL_SINGLE_PAGE,,,25,FULL_SINGLE_PAGE,FULL_SINGLE_PAGE,25,MEDIUM,VERIFIED_COVERAGE,task-decomposition;scratchpad-longterm,TRACE,1,SELF_CHECK,,5,,1d→3d→7d→14d→30d adaptive
AI Engineering / Agents,ai-eng-multi-agent-awareness,Multi-agent awareness,ai-eng-multi-agent-awareness-lesson,Multi-agent awareness,Role-specialized agents hand off work; coordination overhead honesty,CORE,AWARENESS,ai-eng-planning-memory,PRIMARY,Anthropic,Multi-agent orchestration awareness,documentation,https://www.anthropic.com/engineering/building-effective-agents,EXACT,ARTICLE_SECTION,,,20,through Cost/latency tradeoffs end,through Cost/latency tradeoffs end,20,MEDIUM,VERIFIED_COVERAGE,role-specialization;coordination-overhead,RECALL,1,SELF_CHECK,,5,,1d→3d→7d→14d→30d adaptive
AI Engineering / Agents,ai-eng-observability-security,Observability & security,ai-eng-observability-security-lesson,Observability & security,Tracing prompts/costs/latency; injection threats and permission scopes,CORE,MECHANICS,genai-agents,PRIMARY,OpenAI,Safety & observability strategies,documentation,https://owasp.org/www-project-top-10-for-large-language-model-applications/,EXACT,ARTICLE_SECTION,,,25,end,end,25,MEDIUM,VERIFIED_COVERAGE,trace-prompts-costs;injection-threats,TRACE,1,SELF_CHECK,,5,,1d→3d→7d→14d→30d adaptive
AI Engineering / Agents,ai-eng-production-deployment,Production deployment,ai-eng-production-deployment-lesson,Production deployment,"Versioned prompts, eval gates in CI, rollback strategy, usage monitoring",CORE,APPLICATION,ai-eng-observability-security;ops-ci-github-actions,PRIMARY,OpenAI,Production deployment checklist,documentation,https://platform.openai.com/docs/guides/production-best-practices,EXACT,FULL_SINGLE_PAGE,,,30,FULL_SINGLE_PAGE,FULL_SINGLE_PAGE,30,MEDIUM,VERIFIED_COVERAGE,versioned-prompts;ci-eval-gates;usage-monitoring,SOLVE,1,NOTEBOOK,,6,,1d→3d→7d→14d→30d adaptive
MLOps,mlops-experiment-lifecycle,ML lifecycle & reproducibility,mlops-experiment-lifecycle-lesson,ML lifecycle & reproducibility,Track params/metrics/artifacts so any run can be reproduced,CORE,MECHANICS,ml-end-to-end-workflow,PRIMARY,MLflow,MLflow Tracking,documentation,https://raw.githubusercontent.com/mlflow/mlflow/master/docs/docs/classic-ml/tracking/index.mdx,EXACT,ARTICLE_SECTION,,,25,above; content inspection pending,above; content inspection pending,25,MEDIUM,VERIFIED_COVERAGE,track-params-metrics;reproduce-run,IMPLEMENT,1,SELF_CHECK,,5,,1d→3d→7d→14d→30d adaptive
MLOps,mlops-drift-quality,Drift & data quality,mlops-drift-quality-lesson,Drift & data quality,"Training/serving skew, input vs label drift, quality gates",CORE,MECHANICS,mlops-serving,PRIMARY,MLflow,MLflow Model Evaluation,documentation,https://raw.githubusercontent.com/mlflow/mlflow/master/docs/docs/classic-ml/evaluation/index.mdx,EXACT,ARTICLE_SECTION,,,25,above; content inspection pending,above; content inspection pending,25,MEDIUM,VERIFIED_COVERAGE,skew-drift;data-quality-gates,PREDICT_OUTPUT,1,SELF_CHECK,,5,,1d→3d→7d→14d→30d adaptive
System Design,sys-scalability,Scalability basics,sys-scalability-core,Scalability basics,Scale reads/writes with caching and partitioning ideas.,SPECIALIZATION,STRONG,be-persistence;db-indexes,PRIMARY,System Design Primer,System Design Primer: Scalability basics,documentation,https://github.com/donnemartin/system-design-primer#performance-vs-scalability,EXACT,ARTICLE_SECTION,,,67,performance-vs-scalability,performance-vs-scalability,67,MEDIUM,VERIFIED_COVERAGE,sys-scalability-scalability-basics;sys-scalability-scale-reads-writes-with-caching-and-part,ACTION_CHECKLIST,3,,,9,,1d→3d→7d→14d→30d adaptive
System Design,sys-caching,Caching strategies,sys-caching-core,Caching strategies,Choose cache placement and invalidation.,SPECIALIZATION,STRONG,sys-scalability,PRIMARY,System Design Primer,System Design Primer: Caching strategies,documentation,https://github.com/donnemartin/system-design-primer#cache,EXACT,ARTICLE_SECTION,,,67,cache,cache,67,MEDIUM,VERIFIED_COVERAGE,sys-caching-caching-strategies;sys-caching-choose-cache-placement-and-invalidation,ACTION_CHECKLIST,3,,,9,,1d→3d→7d→14d→30d adaptive
System Design,sys-queues,Message queues,sys-queues-core,Message queues,Decouple producers/consumers with queues.,SPECIALIZATION,STRONG,sys-scalability,PRIMARY,System Design Primer,System Design Primer: Message queues,documentation,https://github.com/donnemartin/system-design-primer#asynchronous-processing-with-message-queues,EXACT,ARTICLE_SECTION,,,67,asynchronous-processing-with-message-queues,asynchronous-processing-with-message-queues,67,MEDIUM,VERIFIED_COVERAGE,sys-queues-message-queues;sys-queues-decouple-producers-consumers-with-queues,ACTION_CHECKLIST,3,,,9,,1d→3d→7d→14d→30d adaptive
System Design,sys-observability-design,Observability in design,sys-observability-design-core,Observability in design,Design for debuggability at scale.,SPECIALIZATION,STRONG,ops-observability;sys-scalability,PRIMARY,Google SRE,Google SRE: Observability in design,documentation,https://sre.google/sre-book/monitoring-distributed-systems/,EXACT,ARTICLE_SECTION,,,32,monitoring-distributed-systems,monitoring-distributed-systems,32,MEDIUM,VERIFIED_COVERAGE,sys-observability-design-observability-in-design;sys-observability-design-design-for-debuggability-at-scale,ACTION_CHECKLIST,3,,,9,,1d→3d→7d→14d→30d adaptive
Mathematics for ML,math-functions,Functions intuition,math-functions-lesson,Functions intuition,Understand functions as input-output mappings — the foundation for derivatives and gradients,CORE,INTUITION,math-stats-summary,PRIMARY,Khan Academy,Functions introduction,documentation,https://www.mathsisfun.com/sets/function.html,EXACT,FULL_SINGLE_PAGE,,,20,FULL_SINGLE_PAGE,FULL_SINGLE_PAGE,20,MEDIUM,VERIFIED_COVERAGE,function-input-output;evaluate-function;graph-of-function,EXPLAIN,1,SELF_CHECK,,5,,1d→3d→7d→14d→30d adaptive
Mathematics for ML,math-derivatives,Derivatives intuition,math-derivatives-lesson,Derivatives intuition,Read a derivative as instantaneous rate of change; compute simple power/rule derivatives,CORE,MECHANICS,math-functions,PRIMARY,Khan Academy,Derivatives definition and basic rules,documentation,https://tutorial.math.lamar.edu/Classes/CalcI/DefnOfDerivative.aspx,EXACT,FULL_SINGLE_PAGE,,,25,FULL_SINGLE_PAGE,FULL_SINGLE_PAGE,25,MEDIUM,VERIFIED_COVERAGE,rate-of-change;limit-definition;power-rule,TRACE,1,SELF_CHECK,,5,,1d→3d→7d→14d→30d adaptive
Mathematics for ML,math-partial-derivatives,Partial derivatives,math-partial-derivatives-lesson,Partial derivatives,Differentiate multi-variable functions one variable at a time — the seed of gradients,CORE,MECHANICS,math-derivatives,PRIMARY,Khan Academy,Partial derivatives,documentation,https://tutorial.math.lamar.edu/Classes/CalcIII/PartialDerivatives.aspx,EXACT,FULL_SINGLE_PAGE,,,25,FULL_SINGLE_PAGE,FULL_SINGLE_PAGE,25,MEDIUM,VERIFIED_COVERAGE,multivariable-function;partial-derivative-def;gradient-vector,TRACE,1,SELF_CHECK,,5,,1d→3d→7d→14d→30d adaptive
Mathematics for ML,math-conditional-probability,Conditional probability,math-conditional-probability-lesson,Conditional probability,Compute P(A|B) and reason about updated beliefs given evidence,CORE,MECHANICS,math-probability,PRIMARY,Khan Academy,Conditional probability & independence,documentation,https://www.khanacademy.org/math/statistics-probability/probability-library/conditional-probability-independence/a/conditional-probability-and-independence,EXACT,FULL_SINGLE_PAGE,,,20,FULL_SINGLE_PAGE,FULL_SINGLE_PAGE,20,MEDIUM,NEEDS_REVIEW,,TRACE,1,SELF_CHECK,,5,,1d→3d→7d→14d→30d adaptive
Mathematics for ML,math-bayes-theorem,Bayes theorem,math-bayes-theorem-lesson,Bayes theorem,Apply Bayes' rule to flip conditioning; connect to Naive Bayes classifiers,CORE,MECHANICS,math-conditional-probability,PRIMARY,Khan Academy,Bayes theorem,documentation,https://onlinestatbook.com/2/probability/bayes.html,EXACT,FULL_SINGLE_PAGE,,,20,FULL_SINGLE_PAGE,FULL_SINGLE_PAGE,20,MEDIUM,VERIFIED_COVERAGE,bayes-formula;flip-conditioning;base-rate-example,TRACE,1,SELF_CHECK,,5,,1d→3d→7d→14d→30d adaptive
Mathematics for ML,math-expectation-variance,Expectation & variance,math-expectation-variance-lesson,Expectation & variance,Compute expected value and spread; interpret them in loss and evaluation contexts,CORE,MECHANICS,math-probability,PRIMARY,Khan Academy,Expected value & variance,documentation,https://www.khanacademy.org/math/statistics-probability/random-variables-stats-library/expected-value-lib/v/expected-value-of-a-random-variable,EXACT,FULL_SINGLE_PAGE,,,20,FULL_SINGLE_PAGE,FULL_SINGLE_PAGE,20,MEDIUM,NEEDS_REVIEW,,TRACE,1,SELF_CHECK,,5,,1d→3d→7d→14d→30d adaptive
Mathematics for ML,math-dot-product-norms,Dot products & norms,math-dot-product-norms-lesson,Dot products & norms,Similarity via dot product; lengths via L2 norm; cosine intuition,CORE,MECHANICS,math-vectors,PRIMARY,D2L.ai,Linear algebra,documentation,https://raw.githubusercontent.com/d2l-ai/d2l-en/master/chapter_appendix-mathematics-for-deep-learning/geometry-linear-algebraic-ops.md,EXACT,ARTICLE_SECTION,,,20,above; content inspection pending,above; content inspection pending,20,MEDIUM,VERIFIED_COVERAGE,dot-product;norm-length,TRACE,1,SELF_CHECK,,5,,1d→3d→7d→14d→30d adaptive
Mathematics for ML,math-chain-rule,Chain rule,math-chain-rule-lesson,Chain rule,Compose derivatives through nested functions — backprop's engine,CORE,MECHANICS,math-derivatives,PRIMARY,D2L.ai,Multivariable calculus,documentation,https://raw.githubusercontent.com/d2l-ai/d2l-en/master/chapter_appendix-mathematics-for-deep-learning/multivariable-calculus.md,EXACT,ARTICLE_SECTION,,,20,above; content inspection pending,above; content inspection pending,20,MEDIUM,VERIFIED_COVERAGE,compose-derivatives;backprop-engine,TRACE,1,SELF_CHECK,,5,,1d→3d→7d→14d→30d adaptive
Mathematics for ML,math-covariance-correlation,Covariance & correlation,math-covariance-correlation-lesson,Covariance & correlation,Joint spread and normalized dependence between two variables,CORE,MECHANICS,math-expectation-variance,PRIMARY,D2L.ai,Probability & statistics,documentation,https://raw.githubusercontent.com/d2l-ai/d2l-en/master/chapter_appendix-mathematics-for-deep-learning/statistics.md,EXACT,ARTICLE_SECTION,,,20,above; content inspection pending,above; content inspection pending,20,MEDIUM,VERIFIED_COVERAGE,correlation-normalized;correlation-direction,TRACE,1,SELF_CHECK,,5,,1d→3d→7d→14d→30d adaptive
Deep Learning,dl-why-deep-learning,Why deep learning?,dl-why-deep-learning-lesson,Why deep learning?,State the problem handcrafted features could not solve; name what representation learning buys,CORE,AWARENESS,ml-end-to-end-workflow,PRIMARY,D2L.ai,Introduction (Dive into Deep Learning),documentation,https://raw.githubusercontent.com/d2l-ai/d2l-en/master/chapter_introduction/index.md,EXACT,FULL_SINGLE_PAGE,,,15,FULL_SINGLE_PAGE,FULL_SINGLE_PAGE,15,MEDIUM,VERIFIED_COVERAGE,handcrafted-limits;representation-learning;data-compute-scale,RECALL,1,SELF_CHECK,,5,,1d→3d→7d→14d→30d adaptive
Deep Learning,dl-neuron-intuition,Neuron intuition,dl-neuron-intuition-lesson,Neuron intuition,Weighted sum + nonlinearity as a tiny decision unit; connect back to linear models,CORE,INTUITION,dl-why-deep-learning;ml-logistic-regression,PRIMARY,Vizuara,Lecture 1 - Neural Network from Scratch: Coding Neurons and Layers,youtube,https://www.youtube.com/watch?v=zrKpz9-AZ_E,EXACT,VIDEO_TIMESTAMP,00:00,28:37,33,00:00,28:37,33,HIGH,VERIFIED_COVERAGE,weighted-sum-unit;biological-analogy;linear-model-link,EXPLAIN,1,SELF_CHECK,,5,,1d→3d→7d→14d→30d adaptive
Deep Learning,dl-perceptron,Perceptron,dl-perceptron-lesson,Perceptron,Trace the perceptron learning rule on toy data; state its linear-limitation result,CORE,MECHANICS,dl-neuron-intuition,PRIMARY,Vizuara,Lecture 2 - The beauty of numpy and dot product in coding neurons,youtube,https://www.youtube.com/watch?v=mK_PfqM88OY,EXACT,VIDEO_TIMESTAMP,00:00,40:21,40,00:00,40:21,40,HIGH,VERIFIED_COVERAGE,perceptron-rule;linear-separability,TRACE,1,SELF_CHECK,,5,,1d→3d→7d→14d→30d adaptive
Deep Learning,dl-activation-functions,Activation functions,dl-activation-functions-lesson,Activation functions,Compare sigmoid/tanh/ReLU families; explain why nonlinearity is non-negotiable,CORE,MECHANICS,dl-neuron-intuition,PRIMARY,Vizuara,Lecture 6 - Coding Neural Network Activation Functions from scratch,youtube,https://www.youtube.com/watch?v=SP372QpruDg,EXACT,VIDEO_TIMESTAMP,00:00,43:16,43,00:00,43:16,43,HIGH,VERIFIED_COVERAGE,nonlinearity-required;relu-family;sigmoid-tanh-saturation,TRACE,1,SELF_CHECK,,5,,1d→3d→7d→14d→30d adaptive
Deep Learning,dl-forward-propagation,Forward propagation,dl-forward-propagation-lesson,Forward propagation,Push shapes and numbers through layer-by-layer; verify output dimension reasoning,CORE,MECHANICS,dl-activation-functions,PRIMARY,D2L.ai,Forward Propagation,documentation,https://raw.githubusercontent.com/d2l-ai/d2l-en/master/chapter_multilayer-perceptrons/backprop.md,EXACT,FULL_SINGLE_PAGE,,,25,FULL_SINGLE_PAGE,FULL_SINGLE_PAGE,25,MEDIUM,VERIFIED_COVERAGE,layer-by-layer-flow;shape-bookkeeping;output-layer-role,PREDICT_OUTPUT,2,SELF_CHECK,,5,,1d→3d→7d→14d→30d adaptive
Deep Learning,dl-loss-functions-nn,Loss functions for networks,dl-loss-functions-nn-lesson,Loss functions for networks,Choose MSE vs cross-entropy deliberately; tie output activation to loss pairing,CORE,MECHANICS,dl-forward-propagation;ml-loss-intuition,PRIMARY,D2L.ai,Loss Function (Linear Regression),documentation,https://raw.githubusercontent.com/d2l-ai/d2l-en/master/chapter_linear-regression/linear-regression.md,EXACT,FULL_SINGLE_PAGE,,,20,FULL_SINGLE_PAGE,FULL_SINGLE_PAGE,20,MEDIUM,VERIFIED_COVERAGE,mse-regression;crossentropy-classification;pairing-principle,TRACE,1,SELF_CHECK,,5,,1d→3d→7d→14d→30d adaptive
Deep Learning,dl-backprop-intuition,Backpropagation intuition,dl-backprop-intuition-lesson,Backpropagation intuition,Chain rule backwards through a computational graph on paper for a 2-layer net,CORE,INTUITION,dl-loss-functions-nn;math-partial-derivatives,PRIMARY,D2L.ai,Backpropagation,documentation,https://raw.githubusercontent.com/d2l-ai/d2l-en/master/chapter_multilayer-perceptrons/backprop.md,EXACT,FULL_SINGLE_PAGE,,,30,FULL_SINGLE_PAGE,FULL_SINGLE_PAGE,30,MEDIUM,VERIFIED_COVERAGE,chain-rule-backward;credit-assignment;two-layer-handwork,EXPLAIN,1,SELF_CHECK,,6,,1d→3d→7d→14d→30d adaptive
Deep Learning,dl-computational-graphs,Computational graphs,dl-computational-graphs-lesson,Computational graphs,Represent expressions as graphs; see how autodiff generalizes backprop,CORE,MECHANICS,dl-backprop-intuition,PRIMARY,D2L.ai,Decomposing the Gradient / Computational graph,documentation,https://raw.githubusercontent.com/d2l-ai/d2l-en/master/chapter_multilayer-perceptrons/backprop.md,EXACT,FULL_SINGLE_PAGE,,,20,FULL_SINGLE_PAGE,FULL_SINGLE_PAGE,20,MEDIUM,VERIFIED_COVERAGE,nodes-as-ops;local-gradients;autodiff-generalizes,TRACE,1,SELF_CHECK,,5,,1d→3d→7d→14d→30d adaptive
Deep Learning,dl-gradient-descent-nn,Gradient descent in networks,dl-gradient-descent-nn-lesson,Gradient descent in networks,Update weights end-to-end once by hand-scale; connect LR to stability,CORE,MECHANICS,dl-computational-graphs,PRIMARY,D2L.ai,Optimization intro: gradient descent,documentation,https://raw.githubusercontent.com/d2l-ai/d2l-en/master/chapter_optimization/gd.md,EXACT,FULL_SINGLE_PAGE,,,20,FULL_SINGLE_PAGE,FULL_SINGLE_PAGE,20,MEDIUM,VERIFIED_COVERAGE,end-to-end-update;lr-stability;epoch-loop,TRACE,1,SELF_CHECK,,5,,1d→3d→7d→14d→30d adaptive
Deep Learning,dl-mlp,Multi-layer perceptrons,dl-mlp-lesson,Multi-layer perceptrons,"Build/train an MLP mentally: hidden widths, depth, parameter counting",CORE,IMPLEMENTATION,dl-gradient-descent-nn,PRIMARY,D2L.ai,Implementing an MLP from scratch,documentation,https://raw.githubusercontent.com/d2l-ai/d2l-en/master/chapter_multilayer-perceptrons/mlp-implementation.md,EXACT,FULL_SINGLE_PAGE,,,25,FULL_SINGLE_PAGE,FULL_SINGLE_PAGE,25,MEDIUM,VERIFIED_COVERAGE,hidden-width-depth;param-counting;train-from-scratch,IMPLEMENT,1,CODE_SANDBOX,,5,,1d→3d→7d→14d→30d adaptive
Deep Learning,dl-vanishing-gradients,Vanishing & exploding gradients,dl-vanishing-gradients-lesson,Vanishing & exploding gradients,Explain saturation and depth amplification; name ReLU/residuals as mitigations,CORE,INTUITION,dl-mlp,PRIMARY,D2L.ai,Numerical Stability and Initialization,documentation,https://raw.githubusercontent.com/d2l-ai/d2l-en/master/chapter_multilayer-perceptrons/numerical-stability-and-init.md,EXACT,FULL_SINGLE_PAGE,,,20,FULL_SINGLE_PAGE,FULL_SINGLE_PAGE,20,MEDIUM,VERIFIED_COVERAGE,saturation-shrink;explode-instability;mitigations,EXPLAIN,1,SELF_CHECK,,5,,1d→3d→7d→14d→30d adaptive
Deep Learning,dl-initialization,Initialization,dl-initialization-lesson,Initialization,Xavier/He scaling keeps signal variance stable at depth-one pass,CORE,MECHANICS,dl-vanishing-gradients,PRIMARY,D2L.ai,Parameter Initialization,documentation,https://raw.githubusercontent.com/d2l-ai/d2l-en/master/chapter_multilayer-perceptrons/numerical-stability-and-init.md,EXACT,FULL_SINGLE_PAGE,,,15,FULL_SINGLE_PAGE,FULL_SINGLE_PAGE,15,MEDIUM,VERIFIED_COVERAGE,variance-preservation;xavier-he;not-zero-init,TRACE,1,SELF_CHECK,,5,,1d→3d→7d→14d→30d adaptive
Deep Learning,dl-normalization,Normalization layers,dl-normalization-lesson,Normalization layers,BatchNorm steadies internal distributions; LayerNorm powers transformers,CORE,MECHANICS,dl-initialization,PRIMARY,D2L.ai,Batch Normalization,documentation,https://raw.githubusercontent.com/d2l-ai/d2l-en/master/chapter_convolutional-modern/batch-norm.md,EXACT,FULL_SINGLE_PAGE,,,20,FULL_SINGLE_PAGE,FULL_SINGLE_PAGE,20,MEDIUM,VERIFIED_COVERAGE,batchnorm-statistics;train-inference-diff;layernorm-transformers,TRACE,1,SELF_CHECK,,5,,1d→3d→7d→14d→30d adaptive
Deep Learning,dl-dropout,Dropout,dl-dropout-lesson,Dropout,Random deactivation as cheap ensembling; train vs inference mode distinction,CORE,MECHANICS,dl-mlp,PRIMARY,D2L.ai,Dropout,documentation,https://raw.githubusercontent.com/d2l-ai/d2l-en/master/chapter_multilayer-perceptrons/dropout.md,EXACT,FULL_SINGLE_PAGE,,,15,FULL_SINGLE_PAGE,FULL_SINGLE_PAGE,15,MEDIUM,VERIFIED_COVERAGE,random-deactivate;ensemble-view;scaling-inference,TRACE,1,SELF_CHECK,,5,,1d→3d→7d→14d→30d adaptive
Deep Learning,dl-optimizers-sgd,SGD & momentum,dl-optimizers-sgd-lesson,SGD & momentum,Noisy but honest steps; momentum accumulates velocity across flat regions,CORE,MECHANICS,dl-gradient-descent-nn,PRIMARY,D2L.ai,SGD & Momentum,documentation,https://raw.githubusercontent.com/d2l-ai/d2l-en/master/chapter_optimization/momentum.md,EXACT,FULL_SINGLE_PAGE,,,20,FULL_SINGLE_PAGE,FULL_SINGLE_PAGE,20,MEDIUM,VERIFIED_COVERAGE,sgd-noise;momentum-velocity,TRACE,1,SELF_CHECK,,5,,1d→3d→7d→14d→30d adaptive
Deep Learning,dl-optimizers-adam,RMSProp & Adam,dl-optimizers-adam-lesson,RMSProp & Adam,Per-parameter adaptive rates; when Adam's defaults win and when SGD generalizes better,CORE,MECHANICS,dl-optimizers-sgd,PRIMARY,D2L.ai,Adam optimizer family,documentation,https://raw.githubusercontent.com/d2l-ai/d2l-en/master/chapter_optimization/adam.md,EXACT,FULL_SINGLE_PAGE,,,20,FULL_SINGLE_PAGE,FULL_SINGLE_PAGE,20,MEDIUM,VERIFIED_COVERAGE,adaptive-per-param;rmsprop-root;adam-defaults-tradeoff,TRACE,1,SELF_CHECK,,5,,1d→3d→7d→14d→30d adaptive
Deep Learning,dl-batch-epoch-lr,"Batch size, epochs, learning rate",dl-batch-epoch-lr-lesson,"Batch size, epochs, learning rate",Trade noise/stability/throughput; schedule LR decay deliberately,CORE,MECHANICS,dl-optimizers-adam,PRIMARY,D2L.ai,Learning rate schedules,documentation,https://raw.githubusercontent.com/d2l-ai/d2l-en/master/chapter_optimization/lr-scheduler.md,EXACT,FULL_SINGLE_PAGE,,,20,FULL_SINGLE_PAGE,FULL_SINGLE_PAGE,20,MEDIUM,VERIFIED_COVERAGE,batch-size-tradeoff;epoch-definition;lr-schedules,TRACE,1,SELF_CHECK,,5,,1d→3d→7d→14d→30d adaptive
Deep Learning,dl-cnn-foundations,CNN foundations,dl-cnn-foundations-lesson,CNN foundations,Why shared weights beat dense nets on images: locality + translation structure,CORE,INTUITION,dl-batch-epoch-lr;dl-pytorch-training-loop,PRIMARY,D2L.ai,From Fully-Connected to Convolutions,documentation,https://raw.githubusercontent.com/d2l-ai/d2l-en/master/chapter_convolutional-neural-networks/why-conv.md,EXACT,FULL_SINGLE_PAGE,,,20,FULL_SINGLE_PAGE,FULL_SINGLE_PAGE,20,MEDIUM,VERIFIED_COVERAGE,locality-structure;weight-sharing;dense-inefficient,EXPLAIN,1,SELF_CHECK,,5,,1d→3d→7d→14d→30d adaptive
Deep Learning,dl-convolution-op,Convolution operation,dl-convolution-op-lesson,Convolution operation,Slide kernels over inputs; compute output sizes by hand for small cases,CORE,MECHANICS,dl-cnn-foundations,PRIMARY,D2L.ai,Convolutions for Images,documentation,https://raw.githubusercontent.com/d2l-ai/d2l-en/master/chapter_convolutional-neural-networks/conv-layer.md,EXACT,FULL_SINGLE_PAGE,,,25,FULL_SINGLE_PAGE,FULL_SINGLE_PAGE,25,MEDIUM,VERIFIED_COVERAGE,kernel-slide;output-size-formula;channels-in-out,PREDICT_OUTPUT,2,SELF_CHECK,,5,,1d→3d→7d→14d→30d adaptive
Deep Learning,dl-padding-stride,Padding & stride,dl-padding-stride-lesson,Padding & stride,Control spatial shrinkage; SAME vs VALID reasoning,CORE,MECHANICS,dl-convolution-op,PRIMARY,D2L.ai,Padding and Stride,documentation,https://raw.githubusercontent.com/d2l-ai/d2l-en/master/chapter_convolutional-neural-networks/conv-layer.md,EXACT,FULL_SINGLE_PAGE,,,15,FULL_SINGLE_PAGE,FULL_SINGLE_PAGE,15,MEDIUM,VERIFIED_COVERAGE,padding-effect;stride-downsample;same-valid,PREDICT_OUTPUT,2,SELF_CHECK,,5,,1d→3d→7d→14d→30d adaptive
Deep Learning,dl-pooling,Pooling,dl-pooling-lesson,Pooling,Downsample with max/avg; state what invariance it buys and costs,CORE,MECHANICS,dl-padding-stride,PRIMARY,D2L.ai,Pooling,documentation,https://raw.githubusercontent.com/d2l-ai/d2l-en/master/chapter_convolutional-neural-networks/pooling.md,EXACT,FULL_SINGLE_PAGE,,,15,FULL_SINGLE_PAGE,FULL_SINGLE_PAGE,15,MEDIUM,VERIFIED_COVERAGE,max-avg-pool;invariance-property;info-loss-cost,TRACE,1,SELF_CHECK,,5,,1d→3d→7d→14d→30d adaptive
Deep Learning,dl-feature-maps,Feature maps & channels,dl-feature-maps-lesson,Feature maps & channels,Stack conv layers into channel volumes; trace tensor shape end to end,CORE,MECHANICS,dl-pooling,PRIMARY,D2L.ai,LeNet: feature maps & channels in practice,documentation,https://raw.githubusercontent.com/d2l-ai/d2l-en/master/chapter_convolutional-neural-networks/lenet.md,EXACT,FULL_SINGLE_PAGE,,,20,FULL_SINGLE_PAGE,FULL_SINGLE_PAGE,20,MEDIUM,VERIFIED_COVERAGE,conv-output-volume;lenet-trace,TRACE,1,SELF_CHECK,,5,,1d→3d→7d→14d→30d adaptive
Deep Learning,dl-rnn-awareness,RNN awareness,dl-rnn-awareness-lesson,RNN awareness,Recurrence shares weights across time; name vanishing-memory failure mode,CORE,AWARENESS,dl-mlp,PRIMARY,D2L.ai,Sequence Models,documentation,https://raw.githubusercontent.com/d2l-ai/d2l-en/master/chapter_recurrent-neural-networks/sequence.md,EXACT,FULL_SINGLE_PAGE,,,15,FULL_SINGLE_PAGE,FULL_SINGLE_PAGE,15,MEDIUM,VERIFIED_COVERAGE,sequence-dependence;recurrent-state;memory-limitation,RECALL,1,SELF_CHECK,,5,,1d→3d→7d→14d→30d adaptive
Deep Learning,dl-lstm-gru,LSTM & GRU,dl-lstm-gru-lesson,LSTM & GRU,Gates as learned memory controllers; GRU as streamlined LSTM,CORE,MECHANICS,dl-rnn-awareness,PRIMARY,D2L.ai,Long Short-Term Memory (LSTM),documentation,https://raw.githubusercontent.com/d2l-ai/d2l-en/master/chapter_recurrent-modern/lstm.md,EXACT,FULL_SINGLE_PAGE,,,25,FULL_SINGLE_PAGE,FULL_SINGLE_PAGE,25,MEDIUM,VERIFIED_COVERAGE,gates-control;cell-state-highway;gru-streamlined,TRACE,1,SELF_CHECK,,5,,1d→3d→7d→14d→30d adaptive
Deep Learning,dl-attention-intuition,Attention intuition,dl-attention-intuition-lesson,Attention intuition,Query-key-value lookup replaces fixed-size bottlenecks; alignment becomes dynamic,CORE,INTUITION,dl-lstm-gru,PRIMARY,Vizuara,Transformers Explained: Attention Simplified!,youtube,https://www.youtube.com/watch?v=CLQJ9M5LZao,EXACT,VIDEO_TIMESTAMP,00:00,43:55,44,00:00,43:55,44,HIGH,VERIFIED_COVERAGE,query-key-value;soft-alignment;fixes-bottleneck,EXPLAIN,1,SELF_CHECK,,5,,1d→3d→7d→14d→30d adaptive
Deep Learning,dl-transformers-foundations,Transformer foundations,dl-transformers-foundations-lesson,Transformer foundations,Self-attention blocks + residuals + norms stack into modern architectures,CORE,MECHANICS,dl-attention-intuition,PRIMARY,Vizuara,Transformers Explained: Build a Transformer End-to-End!,youtube,https://www.youtube.com/watch?v=l0mAJ54xey0,EXACT,VIDEO_TIMESTAMP,00:00,72:35,73,00:00,72:35,73,HIGH,VERIFIED_COVERAGE,self-attention-block;positional-encoding;residual-norm-stack,TRACE,1,SELF_CHECK,,6,,1d→3d→7d→14d→30d adaptive
Deep Learning,dl-pytorch-tensors,PyTorch tensors,dl-pytorch-tensors-lesson,PyTorch tensors,Create/reshape/index tensors; dtypes and GPU devices,CORE,MECHANICS,,PRIMARY,PyTorch,Tensors,documentation,https://raw.githubusercontent.com/pytorch/tutorials/main/beginner_source/basics/tensorqs_tutorial.py,EXACT,ARTICLE_SECTION,,,30,above; content inspection pending,above; content inspection pending,30,MEDIUM,VERIFIED_COVERAGE,create-manipulate;dtype-device,TRACE,1,SELF_CHECK,,6,,1d→3d→7d→14d→30d adaptive
Deep Learning,dl-pytorch-data,"Datasets, DataLoader & transforms",dl-pytorch-data-lesson,"Datasets, DataLoader & transforms",Package samples; batch/shuffle loaders; compose transforms,CORE,MECHANICS,dl-pytorch-tensors,PRIMARY,PyTorch,Datasets & DataLoaders,documentation,https://raw.githubusercontent.com/pytorch/tutorials/main/beginner_source/basics/data_tutorial.py,EXACT,ARTICLE_SECTION,,,30,above; content inspection pending,above; content inspection pending,30,MEDIUM,VERIFIED_COVERAGE,dataset-dataloader;transform-compose,TRACE,1,SELF_CHECK,,6,,1d→3d→7d→14d→30d adaptive
Deep Learning,dl-pytorch-build-model,Building models with nn.Module,dl-pytorch-build-model-lesson,Building models with nn.Module,Layers + forward(); inspect parameters by shape,CORE,MECHANICS,dl-pytorch-data,PRIMARY,PyTorch,Build the Model,documentation,https://raw.githubusercontent.com/pytorch/tutorials/main/beginner_source/basics/buildmodel_tutorial.py,EXACT,ARTICLE_SECTION,,,30,above; content inspection pending,above; content inspection pending,30,MEDIUM,VERIFIED_COVERAGE,nn-module-layer;forward-method,TRACE,1,SELF_CHECK,,6,,1d→3d→7d→14d→30d adaptive
Deep Learning,dl-pytorch-autograd,Autograd mechanics,dl-pytorch-autograd-lesson,Autograd mechanics,"requires_grad, backward(), .grad bookkeeping; graph freeing",CORE,MECHANICS,dl-pytorch-build-model,PRIMARY,PyTorch,Automatic Differentiation,documentation,https://raw.githubusercontent.com/pytorch/tutorials/main/beginner_source/basics/autogradqs_tutorial.py,EXACT,ARTICLE_SECTION,,,30,above; content inspection pending,above; content inspection pending,30,MEDIUM,VERIFIED_COVERAGE,requires-grad-backward;grad-bookkeeping,TRACE,1,SELF_CHECK,,6,,1d→3d→7d→14d→30d adaptive
Deep Learning,dl-pytorch-training-loop,Full optimization loop,dl-pytorch-training-loop-lesson,Full optimization loop,loss.backward + optimizer.step pattern; train/validate split loop,CORE,MECHANICS,dl-pytorch-autograd;dl-batch-epoch-lr,PRIMARY,PyTorch,Optimize the Model,documentation,https://raw.githubusercontent.com/pytorch/tutorials/main/beginner_source/basics/optimization_tutorial.py,EXACT,ARTICLE_SECTION,,,35,above; content inspection pending,above; content inspection pending,35,MEDIUM,VERIFIED_COVERAGE,optimizer-step-pattern;epoch-validation-loop,TRACE,1,SELF_CHECK,,7,,1d→3d→7d→14d→30d adaptive
Deep Learning,dl-pytorch-save-load,Save & load runs,dl-pytorch-save-load-lesson,Save & load runs,state_dict persistence; resume checkpoints reliably,CORE,MECHANICS,dl-pytorch-training-loop,PRIMARY,PyTorch,Save & Load the Model,documentation,https://raw.githubusercontent.com/pytorch/tutorials/main/beginner_source/basics/saveloadrun_tutorial.py,EXACT,ARTICLE_SECTION,,,20,above; content inspection pending,above; content inspection pending,20,MEDIUM,VERIFIED_COVERAGE,state-dict;checkpoint-resume,TRACE,1,SELF_CHECK,,5,,1d→3d→7d→14d→30d adaptive
Computer Vision,cv-what-is-an-image,What is an image?,cv-what-is-an-image-lesson,What is an image?,Grids of intensity values; resolution and aspect ratio consequences,CORE,AWARENESS,,PRIMARY,scikit-image,Image representation basics (Python/Numpy tutorial),documentation,https://scikit-image.org/docs/stable/user_guide/numpy_images.html,EXACT,FULL_SINGLE_PAGE,,,15,FULL_SINGLE_PAGE,FULL_SINGLE_PAGE,15,MEDIUM,VERIFIED_COVERAGE,image-as-grid;resolution-effects,RECALL,1,SELF_CHECK,,5,,1d→3d→7d→14d→30d adaptive
Computer Vision,cv-pixels-channels,Pixels & channels,cv-pixels-channels-lesson,Pixels & channels,Index pixels; separate H×W×C tensor layout conventions (HWC vs CHW),CORE,MECHANICS,cv-what-is-an-image,PRIMARY,Stanford CS231n,Arrays as pixel grids,documentation,https://raw.githubusercontent.com/d2l-ai/d2l-en/master/chapter_computer-vision/kaggle-cifar10.md,EXACT,FULL_SINGLE_PAGE,,,15,FULL_SINGLE_PAGE,FULL_SINGLE_PAGE,15,MEDIUM,VERIFIED_COVERAGE,pixel-index,TRACE,1,SELF_CHECK,,5,,1d→3d→7d→14d→30d adaptive
Computer Vision,cv-color-spaces,RGB & grayscale,cv-color-spaces-lesson,RGB & grayscale,Channel mixing to gray; when color carries signal vs noise,CORE,MECHANICS,cv-pixels-channels,PRIMARY,Stanford CS231n,ConvNet volume structure (RGB channels),documentation,https://cs231n.github.io/convolutional-networks/,EXACT,FULL_SINGLE_PAGE,,,15,FULL_SINGLE_PAGE,FULL_SINGLE_PAGE,15,MEDIUM,VERIFIED_COVERAGE,rgb-mixing;grayscale-convert,TRACE,1,SELF_CHECK,,5,,1d→3d→7d→14d→30d adaptive
Computer Vision,cv-image-tensors,Image tensors,cv-image-tensors-lesson,Image tensors,Batch tensors for networks; normalize ranges and dtype traps,CORE,MECHANICS,cv-color-spaces,PRIMARY,Stanford CS231n,Input volumes as tensors,documentation,https://raw.githubusercontent.com/d2l-ai/d2l-en/master/chapter_computer-vision/kaggle-cifar10.md,EXACT,FULL_SINGLE_PAGE,,,20,FULL_SINGLE_PAGE,FULL_SINGLE_PAGE,20,MEDIUM,VERIFIED_COVERAGE,batch-dim;dtype-normalize,TRACE,1,SELF_CHECK,,5,,1d→3d→7d→14d→30d adaptive
Computer Vision,cv-transformations,Image transformations,cv-transformations-lesson,Image transformations,Resize/crop/flip geometrically; interpolation artifacts awareness,CORE,MECHANICS,cv-image-tensors,PRIMARY,scikit-learn,Image preprocessing,documentation,https://raw.githubusercontent.com/d2l-ai/d2l-en/master/chapter_computer-vision/image-augmentation.md,EXACT,FULL_SINGLE_PAGE,,,20,FULL_SINGLE_PAGE,FULL_SINGLE_PAGE,20,MEDIUM,VERIFIED_COVERAGE,resize-interp;crop-flip-geom,TRACE,1,SELF_CHECK,,5,,1d→3d→7d→14d→30d adaptive
Computer Vision,cv-normalization-cv,Normalization for vision,cv-normalization-cv-lesson,Normalization for vision,Match pretrained stats (mean/std per channel); avoid silent distribution drift,CORE,MECHANICS,cv-transformations,PRIMARY,Stanford CS231n,Preprocessing: normalization,documentation,https://cs231n.github.io/linear-classify/,EXACT,FULL_SINGLE_PAGE,,,15,FULL_SINGLE_PAGE,FULL_SINGLE_PAGE,15,MEDIUM,VERIFIED_COVERAGE,per-channel-stats;pretrained-match,TRACE,1,SELF_CHECK,,5,,1d→3d→7d→14d→30d adaptive
Computer Vision,cv-augmentation,Data augmentation,cv-augmentation-lesson,Data augmentation,Label-preserving transforms expand data; over-augmentation destroys signal,CORE,MECHANICS,cv-normalization-cv,PRIMARY,PyTorch,torchvision transforms,documentation,https://raw.githubusercontent.com/d2l-ai/d2l-en/master/chapter_computer-vision/image-augmentation.md,EXACT,FULL_SINGLE_PAGE,,,20,FULL_SINGLE_PAGE,FULL_SINGLE_PAGE,20,MEDIUM,VERIFIED_COVERAGE,label-preserving,TRACE,1,SELF_CHECK,,5,,1d→3d→7d→14d→30d adaptive
Computer Vision,cv-traditional-filters,Traditional CV filters,cv-traditional-filters-lesson,Traditional CV filters,Edge/blur detectors before deep learning; convolution lineage starts here,CORE,AWARENESS,cv-what-is-an-image,PRIMARY,OpenCV,Convolution as edge detection origin,documentation,https://docs.opencv.org/4.x/d4/dbd/tutorial_filter_2d.html,EXACT,FULL_SINGLE_PAGE,,,20,FULL_SINGLE_PAGE,FULL_SINGLE_PAGE,20,MEDIUM,VERIFIED_COVERAGE,edge-blur-kernels,RECALL,1,SELF_CHECK,,5,,1d→3d→7d→14d→30d adaptive
Computer Vision,cv-convolution-in-cv,Convolution for images,cv-convolution-in-cv-lesson,Convolution for images,Reuse DL conv mechanics on real image grids; stride/padding effects visually,CORE,MECHANICS,cv-traditional-filters;dl-feature-maps,PRIMARY,Stanford CS231n,Convolutional layers,documentation,https://cs231n.github.io/convolutional-networks/,EXACT,FULL_SINGLE_PAGE,,,25,FULL_SINGLE_PAGE,FULL_SINGLE_PAGE,25,MEDIUM,VERIFIED_COVERAGE,conv-on-images;stride-padding-vis,TRACE,1,SELF_CHECK,,5,,1d→3d→7d→14d→30d adaptive
Computer Vision,cv-classification-workflow,Image classification workflow,cv-classification-workflow-lesson,Image classification workflow,Data → augment → CNN → softmax → metrics; assemble the standard loop,CORE,APPLICATION,cv-convolution-in-cv;dl-cnn,PRIMARY,Stanford CS231n,Linear classification pipeline,documentation,https://cs231n.github.io/linear-classify/,EXACT,FULL_SINGLE_PAGE,,,30,FULL_SINGLE_PAGE,FULL_SINGLE_PAGE,30,MEDIUM,VERIFIED_COVERAGE,pipeline-assembly;softmax-output;loss-optimizer-loop,SOLVE,1,NOTEBOOK,,6,,1d→3d→7d→14d→30d adaptive
Computer Vision,cv-classic-architectures,LeNet → AlexNet → VGG,cv-classic-architectures-lesson,LeNet → AlexNet → VGG,Depth/history arc: what each added and why it mattered,CORE,AWARENESS,cv-classification-workflow,PRIMARY,Stanford CS231n,Layer patterns & architectures,documentation,https://cs231n.github.io/convolutional-networks/,EXACT,FULL_SINGLE_PAGE,,,25,FULL_SINGLE_PAGE,FULL_SINGLE_PAGE,25,MEDIUM,VERIFIED_COVERAGE,lenet-alexnet-vgg-arc;what-each-added,RECALL,1,SELF_CHECK,,5,,1d→3d→7d→14d→30d adaptive
Computer Vision,cv-resnet,ResNet & residual learning,cv-resnet-lesson,ResNet & residual learning,Identity shortcuts defeat degradation; skip connections as gradient highways,CORE,MECHANICS,cv-classic-architectures;dl-vanishing-gradients,PRIMARY,Stanford CS231n,Residual connections discussion,documentation,https://cs231n.github.io/convolutional-networks/,EXACT,FULL_SINGLE_PAGE,,,25,FULL_SINGLE_PAGE,FULL_SINGLE_PAGE,25,MEDIUM,VERIFIED_COVERAGE,identity-shortcut;degradation-fix,TRACE,1,SELF_CHECK,,5,,1d→3d→7d→14d→30d adaptive
Computer Vision,cv-efficientnet-awareness,EfficientNet awareness,cv-efficientnet-awareness-lesson,EfficientNet awareness,Compound scaling of depth/width/resolution; know when to reach for it,CORE,AWARENESS,cv-resnet,PRIMARY,D2L.ai,ResNet then modern scaling awareness,documentation,https://raw.githubusercontent.com/d2l-ai/d2l-en/master/chapter_convolutional-modern/resnet.md,EXACT,FULL_SINGLE_PAGE,,,15,FULL_SINGLE_PAGE,FULL_SINGLE_PAGE,15,MEDIUM,VERIFIED_COVERAGE,,RECALL,1,SELF_CHECK,,5,,1d→3d→7d→14d→30d adaptive
Computer Vision,cv-transfer-learning-cv,Transfer learning for vision,cv-transfer-learning-cv-lesson,Transfer learning for vision,Freeze/fine-tune pretrained backbones; small-data wins explained,CORE,APPLICATION,cv-resnet,PRIMARY,D2L.ai,Fine-tuning pretrained models,documentation,https://raw.githubusercontent.com/d2l-ai/d2l-en/master/chapter_computer-vision/fine-tuning.md,EXACT,FULL_SINGLE_PAGE,,,25,FULL_SINGLE_PAGE,FULL_SINGLE_PAGE,25,MEDIUM,VERIFIED_COVERAGE,freeze-finetune;small-data-win,SOLVE,1,NOTEBOOK,,5,,1d→3d→7d→14d→30d adaptive
Computer Vision,cv-object-detection-overview,Object detection overview,cv-object-detection-overview-lesson,Object detection overview,Classification + localization jointly; output space of boxes+classes,CORE,AWARENESS,cv-classification-workflow,PRIMARY,D2L.ai,Object Detection intro,documentation,https://raw.githubusercontent.com/d2l-ai/d2l-en/master/chapter_computer-vision/bounding-box.md,EXACT,FULL_SINGLE_PAGE,,,20,FULL_SINGLE_PAGE,FULL_SINGLE_PAGE,20,MEDIUM,VERIFIED_COVERAGE,classify-plus-localize,RECALL,1,SELF_CHECK,,5,,1d→3d→7d→14d→30d adaptive
Computer Vision,cv-bounding-boxes-iou,Bounding boxes & IoU,cv-bounding-boxes-iou-lesson,Bounding boxes & IoU,Box formats; IoU computation by hand; matching threshold meaning,CORE,MECHANICS,cv-object-detection-overview,PRIMARY,D2L.ai,Bounding Boxes & IoU,documentation,https://raw.githubusercontent.com/d2l-ai/d2l-en/master/chapter_computer-vision/bounding-box.md,EXACT,FULL_SINGLE_PAGE,,,20,FULL_SINGLE_PAGE,FULL_SINGLE_PAGE,20,MEDIUM,VERIFIED_COVERAGE,box-formats;iou-compute,PREDICT_OUTPUT,2,SELF_CHECK,,5,,1d→3d→7d→14d→30d adaptive
Computer Vision,cv-nms,Non-maximum suppression,cv-nms-lesson,Non-maximum suppression,Suppress duplicate detections; score-order greedy algorithm trace,CORE,MECHANICS,cv-bounding-boxes-iou,PRIMARY,D2L.ai,Anchor boxes & NMS,documentation,https://raw.githubusercontent.com/d2l-ai/d2l-en/master/chapter_computer-vision/ssd.md,EXACT,FULL_SINGLE_PAGE,,,20,FULL_SINGLE_PAGE,FULL_SINGLE_PAGE,20,MEDIUM,VERIFIED_COVERAGE,greedy-suppression;duplicate-removal,TRACE,1,SELF_CHECK,,5,,1d→3d→7d→14d→30d adaptive
Computer Vision,cv-two-stage-vs-one-stage,Two-stage vs one-stage detection,cv-two-stage-vs-one-stage-lesson,Two-stage vs one-stage detection,Region proposals (R-CNN family) vs direct prediction (YOLO/SSD) tradeoffs,CORE,AWARENESS,cv-nms,PRIMARY,D2L.ai,Single Shot Multibox Detection,documentation,https://raw.githubusercontent.com/d2l-ai/d2l-en/master/chapter_computer-vision/rcnn.md,EXACT,FULL_SINGLE_PAGE,,,20,FULL_SINGLE_PAGE,FULL_SINGLE_PAGE,20,MEDIUM,VERIFIED_COVERAGE,region-proposals;direct-single-shot;speed-accuracy-tradeoff,RECALL,1,SELF_CHECK,,5,,1d→3d→7d→14d→30d adaptive
Computer Vision,cv-yolo-concept,YOLO family concept,cv-yolo-concept-lesson,YOLO family concept,Single-shot grid predictions; speed/accuracy positioning across versions,CORE,AWARENESS,cv-two-stage-vs-one-stage,PRIMARY,D2L.ai,YOLO concept within SSD chapter,documentation,https://raw.githubusercontent.com/d2l-ai/d2l-en/master/chapter_computer-vision/ssd.md,EXACT,FULL_SINGLE_PAGE,,,20,FULL_SINGLE_PAGE,FULL_SINGLE_PAGE,20,MEDIUM,VERIFIED_COVERAGE,grid-predictions;ssd-single-shot,RECALL,1,SELF_CHECK,,5,,1d→3d→7d→14d→30d adaptive
Computer Vision,cv-semantic-segmentation,Semantic segmentation,cv-semantic-segmentation-lesson,Semantic segmentation,Per-pixel classes; encoder–decoder shape recovery idea,CORE,MECHANICS,cv-classification-workflow,PRIMARY,D2L.ai,Semantic Segmentation & transposed conv,documentation,https://raw.githubusercontent.com/d2l-ai/d2l-en/master/chapter_computer-vision/transposed-conv.md,EXACT,FULL_SINGLE_PAGE,,,25,FULL_SINGLE_PAGE,FULL_SINGLE_PAGE,25,MEDIUM,VERIFIED_COVERAGE,per-pixel-class;encoder-decoder-recover,TRACE,1,SELF_CHECK,,5,,1d→3d→7d→14d→30d adaptive
Computer Vision,cv-u-net,U-Net,cv-u-net-lesson,U-Net,Skip connections fuse coarse and fine features; biomedical origin story,CORE,MECHANICS,cv-semantic-segmentation,PRIMARY,D2L.ai,Fully Convolutional Networks,documentation,https://raw.githubusercontent.com/d2l-ai/d2l-en/master/chapter_computer-vision/fcn.md,EXACT,FULL_SINGLE_PAGE,,,25,FULL_SINGLE_PAGE,FULL_SINGLE_PAGE,25,MEDIUM,VERIFIED_COVERAGE,fcn-dense-prediction,TRACE,1,SELF_CHECK,,5,,1d→3d→7d→14d→30d adaptive
Computer Vision,cv-instance-segmentation,Instance segmentation & Mask R-CNN,cv-instance-segmentation-lesson,Instance segmentation & Mask R-CNN,Separate overlapping instances; mask branch atop detection pipeline,CORE,AWARENESS,cv-u-net;cv-two-stage-vs-one-stage,PRIMARY,D2L.ai,Instance-level task awareness via Kaggle pipeline,documentation,https://raw.githubusercontent.com/d2l-ai/d2l-en/master/chapter_computer-vision/rcnn.md,EXACT,FULL_SINGLE_PAGE,,,25,FULL_SINGLE_PAGE,FULL_SINGLE_PAGE,25,MEDIUM,VERIFIED_COVERAGE,instance-vs-semantic;mask-rcnn-branch,RECALL,1,SELF_CHECK,,5,,1d→3d→7d→14d→30d adaptive
Computer Vision,cv-evaluation-metrics-cv,CV evaluation metrics,cv-evaluation-metrics-cv-lesson,CV evaluation metrics,mAP construction; per-class recall pitfalls; segmentation IoU/Dice,CORE,MECHANICS,cv-bounding-boxes-iou,PRIMARY,D2L.ai,Detection metric foundations,documentation,https://raw.githubusercontent.com/d2l-ai/d2l-en/master/chapter_computer-vision/ssd.md,EXACT,FULL_SINGLE_PAGE,,,20,FULL_SINGLE_PAGE,FULL_SINGLE_PAGE,20,MEDIUM,VERIFIED_COVERAGE,map-construction,TRACE,1,SELF_CHECK,,5,,1d→3d→7d→14d→30d adaptive
Computer Vision,cv-vision-transformers-awareness,Vision Transformers awareness,cv-vision-transformers-awareness-lesson,Vision Transformers awareness,Patch embeddings route images through transformer stacks; data appetite contrast,CORE,AWARENESS,dl-transformers-foundations,PRIMARY,Dive into Deep Learning,Vision Transformer,documentation,https://www.d2l.ai/chapter_vision-transformer,EXACT,FULL_SINGLE_PAGE,,,20,FULL_SINGLE_PAGE,FULL_SINGLE_PAGE,20,MEDIUM,VERIFIED_COVERAGE,patch-embedding,RECALL,1,SELF_CHECK,,5,,1d→3d→7d→14d→30d adaptive
Computer Vision,cv-end-to-end-project,End-to-end CV project,cv-end-to-end-project-lesson,End-to-end CV project,Ship one classifier or detector: data prep → train → evaluate → reflect,CORE,PROJECT,cv-transfer-learning-cv;cv-evaluation-metrics-cv,PRIMARY,D2L.ai,End-to-end Kaggle CV project walkthrough,documentation,https://raw.githubusercontent.com/d2l-ai/d2l-en/master/chapter_computer-vision/kaggle-cifar10.md,EXACT,FULL_SINGLE_PAGE,,,60,FULL_SINGLE_PAGE,FULL_SINGLE_PAGE,60,MEDIUM,VERIFIED_COVERAGE,full-project-loop;honest-eval,PROJECT,1,PROJECT_REPO,,9,,1d→3d→7d→14d→30d adaptive
Computer Vision,cv-sift-orb-awareness,SIFT & ORB awareness,cv-sift-orb-awareness-lesson,SIFT & ORB awareness,Keypoint descriptors before deep features; where they still win,CORE,MECHANICS,cv-traditional-filters,PRIMARY,OpenCV,Introduction to SIFT,documentation,https://docs.opencv.org/4.x/da/df5/tutorial_py_sift_intro.html,EXACT,ARTICLE_SECTION,,,20,above; content inspection pending,above; content inspection pending,20,MEDIUM,VERIFIED_COVERAGE,sift-keypoints,TRACE,1,SELF_CHECK,,5,,1d→3d→7d→14d→30d adaptive
NLP,nlp-what-is-nlp,What is NLP?,nlp-what-is-nlp-lesson,What is NLP?,Language tasks landscape; ambiguity as core difficulty,CORE,AWARENESS,,PRIMARY,Hugging Face,Introduction to LLM/NLP course,documentation,https://raw.githubusercontent.com/huggingface/course/main/chapters/en/chapter1/1.mdx,EXACT,FULL_SINGLE_PAGE,,,15,FULL_SINGLE_PAGE,FULL_SINGLE_PAGE,15,MEDIUM,VERIFIED_COVERAGE,language-task-map;task-landscape,RECALL,1,SELF_CHECK,,5,,1d→3d→7d→14d→30d adaptive
NLP,nlp-text-preprocessing,Text preprocessing,nlp-text-preprocessing-lesson,Text preprocessing,Clean/case/normalize pipelines; why aggressive cleaning can hurt deep models,CORE,MECHANICS,nlp-what-is-nlp,PRIMARY,Hugging Face,Text preprocessing (tokenizers intro),documentation,https://www.nltk.org/book/ch03.html,EXACT,FULL_SINGLE_PAGE,,,20,FULL_SINGLE_PAGE,FULL_SINGLE_PAGE,20,MEDIUM,VERIFIED_COVERAGE,cleaning-steps,TRACE,1,SELF_CHECK,,5,,1d→3d→7d→14d→30d adaptive
NLP,nlp-tokenization-nlp,Tokenization,nlp-tokenization-nlp-lesson,Tokenization,Words vs subwords vs characters; vocabulary size/out-of-vocab tradeoffs,CORE,MECHANICS,nlp-text-preprocessing,PRIMARY,Hugging Face,Tokenizer algorithms deep dive,documentation,https://raw.githubusercontent.com/huggingface/course/main/chapters/en/chapter2/4.mdx,EXACT,FULL_SINGLE_PAGE,,,25,FULL_SINGLE_PAGE,FULL_SINGLE_PAGE,25,MEDIUM,VERIFIED_COVERAGE,word-subword-char;bpe-algorithm;oov-vocab-tradeoff,TRACE,1,SELF_CHECK,,5,,1d→3d→7d→14d→30d adaptive
NLP,nlp-vocabulary-bow,Vocabulary & bag of words,nlp-vocabulary-bow-lesson,Vocabulary & bag of words,Count vectors lose order but baseline hard; sparsity implications,CORE,MECHANICS,nlp-tokenization-nlp,PRIMARY,scikit-learn,Working with text data (bag of words),documentation,https://scikit-learn.org/stable/modules/feature_extraction.html,EXACT,FULL_SINGLE_PAGE,,,20,FULL_SINGLE_PAGE,FULL_SINGLE_PAGE,20,MEDIUM,VERIFIED_COVERAGE,count-vectors;order-lost;sparsity-issue,TRACE,1,SELF_CHECK,,5,,1d→3d→7d→14d→30d adaptive
NLP,nlp-tf-idf,TF-IDF,nlp-tf-idf-lesson,TF-IDF,Weight rarity; build a search-style similarity baseline,CORE,MECHANICS,nlp-vocabulary-bow,PRIMARY,scikit-learn,TF-IDF weighting,documentation,https://scikit-learn.org/stable/modules/feature_extraction.html,EXACT,ARTICLE_SECTION,,,20,through Evaluation on test set begins,through Evaluation on test set begins,20,MEDIUM,VERIFIED_COVERAGE,term-frequency-part;inverse-doc-frequency;similarity-baseline,TRACE,1,SELF_CHECK,,5,,1d→3d→7d→14d→30d adaptive
NLP,nlp-word-embeddings,Word embeddings,nlp-word-embeddings-lesson,Word embeddings,Dense vectors encode similarity; geometry of meaning introduction,CORE,INTUITION,nlp-tf-idf;math-vectors,PRIMARY,Hugging Face,Word embeddings era,documentation,https://raw.githubusercontent.com/d2l-ai/d2l-en/master/chapter_natural-language-processing-pretraining/word2vec.md,EXACT,FULL_SINGLE_PAGE,,,25,FULL_SINGLE_PAGE,FULL_SINGLE_PAGE,25,MEDIUM,VERIFIED_COVERAGE,dense-semantics;geometry-of-meaning,EXPLAIN,1,SELF_CHECK,,5,,1d→3d→7d→14d→30d adaptive
NLP,nlp-word2vec,Word2Vec,nlp-word2vec-lesson,Word2Vec,Skip-gram/CBOW training intuition; analogies from vector arithmetic,CORE,MECHANICS,nlp-word-embeddings,PRIMARY,Hugging Face,Word2Vec/GloVe background,documentation,https://raw.githubusercontent.com/d2l-ai/d2l-en/master/chapter_natural-language-processing-pretraining/word2vec-pretraining.md,EXACT,ARTICLE_SECTION,,,25,through Encoder-decoder prelude,through Encoder-decoder prelude,25,MEDIUM,VERIFIED_COVERAGE,skipgram-cbow;negative-sampling,TRACE,1,SELF_CHECK,,5,,1d→3d→7d→14d→30d adaptive
NLP,nlp-sequence-modeling,Sequence modeling,nlp-sequence-modeling-lesson,Sequence modeling,Order matters: language modeling objective framing,CORE,INTUITION,nlp-word-embeddings,PRIMARY,Hugging Face,Sequence modeling motivation,documentation,https://raw.githubusercontent.com/d2l-ai/d2l-en/master/chapter_recurrent-neural-networks/sequence.md,EXACT,FULL_SINGLE_PAGE,,,20,FULL_SINGLE_PAGE,FULL_SINGLE_PAGE,20,MEDIUM,VERIFIED_COVERAGE,lm-objective;order-matters,EXPLAIN,1,SELF_CHECK,,5,,1d→3d→7d→14d→30d adaptive
NLP,nlp-rnn-lstm,RNN/LSTM for text,nlp-rnn-lstm-lesson,RNN/LSTM for text,Recurrence over tokens; LSTM gating counters vanishing memory,CORE,MECHANICS,nlp-sequence-modeling;dl-lstm-gru,PRIMARY,Hugging Face,Recurrent architectures for text,documentation,https://raw.githubusercontent.com/d2l-ai/d2l-en/master/chapter_recurrent-neural-networks/rnn.md,EXACT,FULL_SINGLE_PAGE,,,25,FULL_SINGLE_PAGE,FULL_SINGLE_PAGE,25,MEDIUM,VERIFIED_COVERAGE,text-recurrence;lstm-counters-vanish,TRACE,1,SELF_CHECK,,5,,1d→3d→7d→14d→30d adaptive
NLP,nlp-attention-nlp,Attention for sequences,nlp-attention-nlp-lesson,Attention for sequences,Soft alignment fixes fixed-vector bottleneck; attention weights readable,CORE,MECHANICS,nlp-rnn-lstm;dl-attention-intuition,PRIMARY,Hugging Face,Attention mechanisms,documentation,https://raw.githubusercontent.com/d2l-ai/d2l-en/master/chapter_attention-mechanisms-and-transformers/bahdanau-attention.md,EXACT,FULL_SINGLE_PAGE,,,25,FULL_SINGLE_PAGE,FULL_SINGLE_PAGE,25,MEDIUM,VERIFIED_COVERAGE,alignment-weights;replaces-bottleneck,TRACE,1,SELF_CHECK,,5,,1d→3d→7d→14d→30d adaptive
NLP,nlp-transformers-nlp,Transformers in NLP,nlp-transformers-nlp-lesson,Transformers in NLP,Stacked self-attention processes tokens in parallel; positional encodings restore order,CORE,MECHANICS,nlp-attention-nlp;dl-transformers-foundations,PRIMARY,Vizuara,Transformers Explained: Overview,youtube,https://www.youtube.com/watch?v=FVcUKMu_M5Q,EXACT,VIDEO_TIMESTAMP,00:00,19:48,20,00:00,19:48,20,HIGH,VERIFIED_COVERAGE,parallel-self-attn;positional-info,TRACE,1,SELF_CHECK,,6,,1d→3d→7d→14d→30d adaptive
NLP,nlp-bert,BERT & encoders,nlp-bert-lesson,BERT & encoders,Masked LM pretraining; bidirectional context for understanding tasks,CORE,MECHANICS,nlp-transformers-nlp,PRIMARY,Hugging Face,BERT family encoders,documentation,https://raw.githubusercontent.com/d2l-ai/d2l-en/master/chapter_natural-language-processing-pretraining/bert.md,EXACT,FULL_SINGLE_PAGE,,,25,FULL_SINGLE_PAGE,FULL_SINGLE_PAGE,25,MEDIUM,VERIFIED_COVERAGE,masked-lm-pretraining;bidirectional-context;mlm-pretraining-task,TRACE,1,SELF_CHECK,,5,,1d→3d→7d→14d→30d adaptive
NLP,nlp-encoder-vs-decoder,Encoder vs decoder,nlp-encoder-vs-decoder-lesson,Encoder vs decoder,Understanding vs generation architectures; when each fits,CORE,MECHANICS,nlp-bert,PRIMARY,Hugging Face,Encoders vs decoders,documentation,https://raw.githubusercontent.com/d2l-ai/d2l-en/master/chapter_recurrent-modern/encoder-decoder.md,EXACT,FULL_SINGLE_PAGE,,,20,FULL_SINGLE_PAGE,FULL_SINGLE_PAGE,20,MEDIUM,VERIFIED_COVERAGE,understanding-vs-generation;seq2seq-bridge,TRACE,1,SELF_CHECK,,5,,1d→3d→7d→14d→30d adaptive
NLP,nlp-generative-models,Generative NLP models,nlp-generative-models-lesson,Generative NLP models,Autoregressive decoding; GPT-family lineage overview,CORE,AWARENESS,nlp-encoder-vs-decoder,PRIMARY,Hugging Face,Decoder/generative models,documentation,https://raw.githubusercontent.com/huggingface/course/main/chapters/en/chapter7/6.mdx,EXACT,FULL_SINGLE_PAGE,,,20,FULL_SINGLE_PAGE,FULL_SINGLE_PAGE,20,MEDIUM,VERIFIED_COVERAGE,autoregressive-decode;gpt-lineage,RECALL,1,SELF_CHECK,,5,,1d→3d→7d→14d→30d adaptive
NLP,nlp-fine-tuning-nlp,Fine-tuning for NLP,nlp-fine-tuning-nlp-lesson,Fine-tuning for NLP,Adapt pretrained checkpoints to tasks; head swap + light tuning recipe,CORE,APPLICATION,nlp-generative-models,PRIMARY,Hugging Face,Fine-tuning a pretrained model,documentation,https://raw.githubusercontent.com/huggingface/course/main/chapters/en/chapter3/3.mdx,EXACT,FULL_SINGLE_PAGE,,,25,FULL_SINGLE_PAGE,FULL_SINGLE_PAGE,25,MEDIUM,VERIFIED_COVERAGE,head-swap;light-tuning-recipe,SOLVE,1,NOTEBOOK,,5,,1d→3d→7d→14d→30d adaptive
NLP,nlp-evaluation-nlp,NLP evaluation,nlp-evaluation-nlp-lesson,NLP evaluation,"Perplexity, BLEU/ROUGE limits, human eval necessity",CORE,MECHANICS,nlp-fine-tuning-nlp,PRIMARY,Hugging Face,Evaluation metrics for NLP,documentation,https://raw.githubusercontent.com/huggingface/course/main/chapters/en/chapter7/6.mdx,EXACT,FULL_SINGLE_PAGE,,,20,FULL_SINGLE_PAGE,FULL_SINGLE_PAGE,20,MEDIUM,VERIFIED_COVERAGE,perplexity-lm;bleu-rouge-limits;human-eval-need,TRACE,1,SELF_CHECK,,5,,1d→3d→7d→14d→30d adaptive
